#
# There is insufficient memory for the Java Runtime Environment to continue.
# Native memory allocation (mmap) failed to map 700448768 bytes. Error detail: G1 virtual space
# Possible reasons:
#   The system is out of physical RAM or swap space
#   This process is running with CompressedOops enabled, and the Java Heap may be blocking the growth of the native heap
# Possible solutions:
#   Reduce memory load on the system
#   Increase physical memory or swap space
#   Check if swap backing store is full
#   Decrease Java heap size (-Xmx/-Xms)
#   Decrease number of Java threads
#   Decrease Java thread stack sizes (-Xss)
#   Set larger code cache with -XX:ReservedCodeCacheSize=
#   JVM is running with Zero Based Compressed Oops mode in which the Java heap is
#     placed in the first 32GB address space. The Java Heap base address is the
#     maximum limit for the native heap growth. Please use -XX:HeapBaseMinAddress
#     to set the Java Heap base and to place the Java Heap above 32GB virtual address.
# This output file may be truncated or incomplete.
#
#  Out of Memory Error (os_windows.cpp:3925), pid=19296, tid=29188
#
# JRE version: OpenJDK Runtime Environment (21.0.9) (build 21.0.9+-14787801-b1163.94)
# Java VM: OpenJDK 64-Bit Server VM (21.0.9+-14787801-b1163.94, mixed mode, tiered, compressed oops, compressed class ptrs, g1 gc, windows-amd64)
# No core dump will be written. Minidumps are not enabled by default on client versions of Windows
#

---------------  S U M M A R Y ------------

Command Line: -XX:MaxMetaspaceSize=512m --add-opens=java.base/java.util=ALL-UNNAMED --add-opens=java.base/java.lang=ALL-UNNAMED --add-opens=java.base/java.lang.invoke=ALL-UNNAMED --add-opens=java.prefs/java.util.prefs=ALL-UNNAMED --add-opens=java.base/java.nio.charset=ALL-UNNAMED --add-opens=java.base/java.net=ALL-UNNAMED --add-opens=java.base/java.util.concurrent.atomic=ALL-UNNAMED -Xmx4096m -Dfile.encoding=UTF-8 -Duser.country=MX -Duser.language=es -Duser.variant -javaagent:C:\Users\sofia\.gradle\wrapper\dists\gradle-8.6-bin\afr5mpiioh2wthjmwnkmdsd5w\gradle-8.6\lib\agents\gradle-instrumentation-agent-8.6.jar org.gradle.launcher.daemon.bootstrap.GradleDaemon 8.6

Host: Intel(R) Pentium(R) Silver N5030 CPU @ 1.10GHz, 4 cores, 7G,  Windows 11 , 64 bit Build 26100 (10.0.26100.4484)
Time: Thu May 28 19:41:27 2026 Hora estándar de Venezuela elapsed time: 177.806194 seconds (0d 0h 2m 57s)

---------------  T H R E A D  ---------------

Current thread (0x00000204b4dc7360):  VMThread "VM Thread"          [id=29188, stack(0x0000005f51700000,0x0000005f51800000) (1024K)]

Stack: [0x0000005f51700000,0x0000005f51800000]
Native frames: (J=compiled Java code, j=interpreted, Vv=VM code, C=native code)
V  [jvm.dll+0x6d6c99]
V  [jvm.dll+0x866b83]
V  [jvm.dll+0x8691ae]
V  [jvm.dll+0x869893]
V  [jvm.dll+0x280776]
V  [jvm.dll+0x6d3555]
V  [jvm.dll+0x6c6bea]
V  [jvm.dll+0x3587fb]
V  [jvm.dll+0x360476]
V  [jvm.dll+0x3b2646]
V  [jvm.dll+0x3b2918]
V  [jvm.dll+0x32af0c]
V  [jvm.dll+0x32af97]
V  [jvm.dll+0x370e7c]
V  [jvm.dll+0x36f62e]
V  [jvm.dll+0x32a661]
V  [jvm.dll+0x36ed30]
V  [jvm.dll+0x86f618]
V  [jvm.dll+0x870994]
V  [jvm.dll+0x870ed0]
V  [jvm.dll+0x871163]
V  [jvm.dll+0x80f118]
V  [jvm.dll+0x6d54ed]
C  [ucrtbase.dll+0x37b0]
C  [KERNEL32.DLL+0x2e8d7]
C  [ntdll.dll+0x3c34c]

VM_Operation (0x0000005f57bfe8b0): G1CollectForAllocation, mode: safepoint, requested by thread 0x00000204bd762ac0


---------------  P R O C E S S  ---------------

Threads class SMR info:
_java_thread_list=0x00000204c68685f0, length=98, elements={
0x0000020499426190, 0x00000204b902c450, 0x00000204b9050640, 0x00000204b9050cb0,
0x00000204b905cda0, 0x00000204b905d800, 0x00000204b905f270, 0x00000204b9067ce0,
0x00000204b90a2e00, 0x00000204b90a38a0, 0x00000204b93dbcc0, 0x00000204bb533730,
0x00000204b9fa92d0, 0x00000204bb4a0350, 0x00000204bbb2c410, 0x00000204bb7e1320,
0x00000204baa7ed60, 0x00000204baa7f3f0, 0x00000204baa80110, 0x00000204baa80e30,
0x00000204baa814c0, 0x00000204be10ae80, 0x00000204be10bba0, 0x00000204be108720,
0x00000204be108db0, 0x00000204be10d5e0, 0x00000204bbb105e0, 0x00000204bc31c550,
0x00000204c039cd80, 0x00000204c039b340, 0x00000204c039c060, 0x00000204c039c6f0,
0x00000204c039b9d0, 0x00000204c0399f90, 0x00000204c039daa0, 0x00000204c039e7c0,
0x00000204c039e130, 0x00000204c039f4e0, 0x00000204c039fb70, 0x00000204c03a15b0,
0x00000204be109ad0, 0x00000204be10e300, 0x00000204bde88eb0, 0x00000204bde88820,
0x00000204bde88190, 0x00000204bde8a260, 0x00000204bde89bd0, 0x00000204bde86de0,
0x00000204bde8a8f0, 0x00000204bde87470, 0x00000204bde8af80, 0x00000204bde87b00,
0x00000204bde8c9c0, 0x00000204bde89540, 0x00000204bde8d6e0, 0x00000204bc31cbe0,
0x00000204c03a0890, 0x00000204bb8fc890, 0x00000204bb8feff0, 0x00000204bb8fc200,
0x00000204bb8fcf20, 0x00000204bb8ffd10, 0x00000204bb8fdc40, 0x00000204bb9010c0,
0x00000204bb901750, 0x00000204bb8fe2d0, 0x00000204bb8fe960, 0x00000204bb901de0,
0x00000204bb903820, 0x00000204bb902470, 0x00000204baa807a0, 0x00000204baa7e040,
0x00000204baa7e6d0, 0x00000204bde8dd70, 0x00000204bde8d050, 0x00000204c039d410,
0x00000204c03a0f20, 0x00000204be10b510, 0x00000204bc31b830, 0x00000204b4c7e450,
0x00000204b4c7eae0, 0x00000204b4c7f800, 0x00000204b4c7d0a0, 0x00000204b4c80bb0,
0x00000204b4c7d730, 0x00000204b4c80520, 0x00000204b4c81240, 0x00000204b4c7ca10,
0x00000204b4c81f60, 0x00000204b4c825f0, 0x00000204bd767980, 0x00000204bd76a770,
0x00000204bd763e70, 0x00000204bd764b90, 0x00000204bd761da0, 0x00000204bd765220,
0x00000204bd762ac0, 0x00000204bc018510
}

Java Threads: ( => current thread )
  0x0000020499426190 JavaThread "main"                              [_thread_blocked, id=14792, stack(0x0000005f51000000,0x0000005f51100000) (1024K)]
  0x00000204b902c450 JavaThread "Common-Cleaner"             daemon [_thread_blocked, id=20236, stack(0x0000005f51800000,0x0000005f51900000) (1024K)]
  0x00000204b9050640 JavaThread "Reference Handler"          daemon [_thread_blocked, id=10320, stack(0x0000005f51900000,0x0000005f51a00000) (1024K)]
  0x00000204b9050cb0 JavaThread "Finalizer"                  daemon [_thread_blocked, id=29760, stack(0x0000005f51a00000,0x0000005f51b00000) (1024K)]
  0x00000204b905cda0 JavaThread "Signal Dispatcher"          daemon [_thread_blocked, id=30868, stack(0x0000005f51b00000,0x0000005f51c00000) (1024K)]
  0x00000204b905d800 JavaThread "Attach Listener"            daemon [_thread_blocked, id=3952, stack(0x0000005f51c00000,0x0000005f51d00000) (1024K)]
  0x00000204b905f270 JavaThread "Service Thread"             daemon [_thread_blocked, id=2352, stack(0x0000005f51d00000,0x0000005f51e00000) (1024K)]
  0x00000204b9067ce0 JavaThread "Monitor Deflation Thread"   daemon [_thread_blocked, id=16056, stack(0x0000005f51e00000,0x0000005f51f00000) (1024K)]
  0x00000204b90a2e00 JavaThread "C2 CompilerThread0"         daemon [_thread_blocked, id=22616, stack(0x0000005f51f00000,0x0000005f52000000) (1024K)]
  0x00000204b90a38a0 JavaThread "C1 CompilerThread0"         daemon [_thread_blocked, id=24884, stack(0x0000005f52000000,0x0000005f52100000) (1024K)]
  0x00000204b93dbcc0 JavaThread "Notification Thread"        daemon [_thread_blocked, id=24316, stack(0x0000005f52100000,0x0000005f52200000) (1024K)]
  0x00000204bb533730 JavaThread "Daemon health stats"               [_thread_blocked, id=20540, stack(0x0000005f52600000,0x0000005f52700000) (1024K)]
  0x00000204b9fa92d0 JavaThread "Incoming local TCP Connector on port 56114"        [_thread_in_native, id=12804, stack(0x0000005f52700000,0x0000005f52800000) (1024K)]
  0x00000204bb4a0350 JavaThread "Daemon periodic checks"            [_thread_blocked, id=4192, stack(0x0000005f52800000,0x0000005f52900000) (1024K)]
  0x00000204bbb2c410 JavaThread "Daemon"                            [_thread_blocked, id=16336, stack(0x0000005f52900000,0x0000005f52a00000) (1024K)]
  0x00000204bb7e1320 JavaThread "Daemon worker"                     [_thread_blocked, id=5460, stack(0x0000005f52c00000,0x0000005f52d00000) (1024K)]
  0x00000204baa7ed60 JavaThread "Cache worker for journal cache (C:\Users\sofia\.gradle\caches\journal-1)"        [_thread_blocked, id=12648, stack(0x0000005f53000000,0x0000005f53100000) (1024K)]
  0x00000204baa7f3f0 JavaThread "File lock request listener"        [_thread_in_native, id=28880, stack(0x0000005f53100000,0x0000005f53200000) (1024K)]
  0x00000204baa80110 JavaThread "Cache worker for file hash cache (C:\Users\sofia\.gradle\caches\8.6\fileHashes)"        [_thread_blocked, id=18992, stack(0x0000005f53200000,0x0000005f53300000) (1024K)]
  0x00000204baa80e30 JavaThread "File watcher server"        daemon [_thread_blocked, id=22152, stack(0x0000005f53300000,0x0000005f53400000) (1024K)]
  0x00000204baa814c0 JavaThread "File watcher consumer"      daemon [_thread_blocked, id=15860, stack(0x0000005f53400000,0x0000005f53500000) (1024K)]
  0x00000204be10ae80 JavaThread "Cache worker for file content cache (C:\Users\sofia\.gradle\caches\8.6\fileContent)"        [_thread_blocked, id=26248, stack(0x0000005f53900000,0x0000005f53a00000) (1024K)]
  0x00000204be10bba0 JavaThread "jar transforms"                    [_thread_blocked, id=19904, stack(0x0000005f53a00000,0x0000005f53b00000) (1024K)]
  0x00000204be108720 JavaThread "jar transforms Thread 2"           [_thread_blocked, id=31764, stack(0x0000005f53b00000,0x0000005f53c00000) (1024K)]
  0x00000204be108db0 JavaThread "jar transforms Thread 3"           [_thread_blocked, id=15424, stack(0x0000005f53600000,0x0000005f53700000) (1024K)]
  0x00000204be10d5e0 JavaThread "jar transforms Thread 4"           [_thread_blocked, id=30740, stack(0x0000005f54000000,0x0000005f54100000) (1024K)]
  0x00000204bbb105e0 JavaThread "Memory manager"                    [_thread_blocked, id=33384, stack(0x0000005f54600000,0x0000005f54700000) (1024K)]
  0x00000204bc31c550 JavaThread "pool-3-thread-1"                   [_thread_blocked, id=27924, stack(0x0000005f53c00000,0x0000005f53d00000) (1024K)]
  0x00000204c039cd80 JavaThread "Handler for socket connection from /127.0.0.1:56114 to /127.0.0.1:63267"        [_thread_in_native, id=5444, stack(0x0000005f50d00000,0x0000005f50e00000) (1024K)]
  0x00000204c039b340 JavaThread "Cancel handler"                    [_thread_blocked, id=17588, stack(0x0000005f50f00000,0x0000005f51000000) (1024K)]
  0x00000204c039c060 JavaThread "Asynchronous log dispatcher for DefaultDaemonConnection: socket connection from /127.0.0.1:56114 to /127.0.0.1:63267"        [_thread_blocked, id=27048, stack(0x0000005f52400000,0x0000005f52500000) (1024K)]
  0x00000204c039c6f0 JavaThread "Daemon client event forwarder"        [_thread_blocked, id=29856, stack(0x0000005f52b00000,0x0000005f52c00000) (1024K)]
  0x00000204c039b9d0 JavaThread "Cache worker for checksums cache (C:\Users\sofia\Downloads\app_gestion_itinerario\.gradle\8.6\checksums)"        [_thread_blocked, id=32492, stack(0x0000005f52d00000,0x0000005f52e00000) (1024K)]
  0x00000204c0399f90 JavaThread "Cache worker for file hash cache (C:\Users\sofia\Downloads\app_gestion_itinerario\.gradle\8.6\fileHashes)"        [_thread_blocked, id=1320, stack(0x0000005f52e00000,0x0000005f52f00000) (1024K)]
  0x00000204c039daa0 JavaThread "Cache worker for cache directory md-supplier (C:\Users\sofia\.gradle\caches\8.6\md-supplier)"        [_thread_blocked, id=19616, stack(0x0000005f52f00000,0x0000005f53000000) (1024K)]
  0x00000204c039e7c0 JavaThread "Cache worker for cache directory md-rule (C:\Users\sofia\.gradle\caches\8.6\md-rule)"        [_thread_blocked, id=4904, stack(0x0000005f53500000,0x0000005f53600000) (1024K)]
  0x00000204c039e130 JavaThread "Cache worker for Build Output Cleanup Cache (C:\Users\sofia\Downloads\app_gestion_itinerario\.gradle\buildOutputCleanup)"        [_thread_blocked, id=25604, stack(0x0000005f53700000,0x0000005f53800000) (1024K)]
  0x00000204c039f4e0 JavaThread "Unconstrained build operations"        [_thread_blocked, id=30764, stack(0x0000005f50e00000,0x0000005f50f00000) (1024K)]
  0x00000204c039fb70 JavaThread "Unconstrained build operations Thread 2"        [_thread_blocked, id=19792, stack(0x0000005f53e00000,0x0000005f53f00000) (1024K)]
  0x00000204c03a15b0 JavaThread "Unconstrained build operations Thread 3"        [_thread_blocked, id=15492, stack(0x0000005f53f00000,0x0000005f54000000) (1024K)]
  0x00000204be109ad0 JavaThread "build event listener"              [_thread_blocked, id=24860, stack(0x0000005f54100000,0x0000005f54200000) (1024K)]
  0x00000204be10e300 JavaThread "build event listener"              [_thread_blocked, id=11012, stack(0x0000005f54200000,0x0000005f54300000) (1024K)]
  0x00000204bde88eb0 JavaThread "pool-6-thread-1"                   [_thread_blocked, id=27952, stack(0x0000005f54400000,0x0000005f54500000) (1024K)]
  0x00000204bde88820 JavaThread "build event listener"              [_thread_blocked, id=11220, stack(0x0000005f54500000,0x0000005f54600000) (1024K)]
  0x00000204bde88190 JavaThread "included builds"                   [_thread_blocked, id=4496, stack(0x0000005f54700000,0x0000005f54800000) (1024K)]
  0x00000204bde8a260 JavaThread "Execution worker"                  [_thread_blocked, id=22128, stack(0x0000005f54800000,0x0000005f54900000) (1024K)]
  0x00000204bde89bd0 JavaThread "Execution worker Thread 2"         [_thread_blocked, id=16972, stack(0x0000005f54a00000,0x0000005f54b00000) (1024K)]
  0x00000204bde86de0 JavaThread "Execution worker Thread 3"         [_thread_blocked, id=30492, stack(0x0000005f54b00000,0x0000005f54c00000) (1024K)]
  0x00000204bde8a8f0 JavaThread "Cache worker for execution history cache (C:\Users\sofia\Downloads\app_gestion_itinerario\.gradle\8.6\executionHistory)"        [_thread_blocked, id=32764, stack(0x0000005f54c00000,0x0000005f54d00000) (1024K)]
  0x00000204bde87470 JavaThread "Unconstrained build operations Thread 4"        [_thread_blocked, id=12216, stack(0x0000005f54d00000,0x0000005f54e00000) (1024K)]
  0x00000204bde8af80 JavaThread "Unconstrained build operations Thread 5"        [_thread_blocked, id=11476, stack(0x0000005f54e00000,0x0000005f54f00000) (1024K)]
  0x00000204bde87b00 JavaThread "Unconstrained build operations Thread 6"        [_thread_blocked, id=5004, stack(0x0000005f54f00000,0x0000005f55000000) (1024K)]
  0x00000204bde8c9c0 JavaThread "Unconstrained build operations Thread 7"        [_thread_blocked, id=32920, stack(0x0000005f55000000,0x0000005f55100000) (1024K)]
  0x00000204bde89540 JavaThread "Unconstrained build operations Thread 8"        [_thread_blocked, id=17868, stack(0x0000005f55100000,0x0000005f55200000) (1024K)]
  0x00000204bde8d6e0 JavaThread "Unconstrained build operations Thread 9"        [_thread_blocked, id=24240, stack(0x0000005f55200000,0x0000005f55300000) (1024K)]
  0x00000204bc31cbe0 JavaThread "WorkerExecutor Queue Thread 4"        [_thread_blocked, id=24720, stack(0x0000005f55500000,0x0000005f55600000) (1024K)]
  0x00000204c03a0890 JavaThread "Unconstrained build operations Thread 10"        [_thread_blocked, id=17912, stack(0x0000005f55700000,0x0000005f55800000) (1024K)]
  0x00000204bb8fc890 JavaThread "Unconstrained build operations Thread 11"        [_thread_blocked, id=22392, stack(0x0000005f55800000,0x0000005f55900000) (1024K)]
  0x00000204bb8feff0 JavaThread "Unconstrained build operations Thread 12"        [_thread_blocked, id=13580, stack(0x0000005f55900000,0x0000005f55a00000) (1024K)]
  0x00000204bb8fc200 JavaThread "Unconstrained build operations Thread 13"        [_thread_blocked, id=23044, stack(0x0000005f55a00000,0x0000005f55b00000) (1024K)]
  0x00000204bb8fcf20 JavaThread "Unconstrained build operations Thread 14"        [_thread_blocked, id=17748, stack(0x0000005f52a00000,0x0000005f52b00000) (1024K)]
  0x00000204bb8ffd10 JavaThread "Unconstrained build operations Thread 15"        [_thread_blocked, id=33764, stack(0x0000005f55b00000,0x0000005f55c00000) (1024K)]
  0x00000204bb8fdc40 JavaThread "Unconstrained build operations Thread 16"        [_thread_blocked, id=22300, stack(0x0000005f55c00000,0x0000005f55d00000) (1024K)]
  0x00000204bb9010c0 JavaThread "Unconstrained build operations Thread 17"        [_thread_blocked, id=30852, stack(0x0000005f55d00000,0x0000005f55e00000) (1024K)]
  0x00000204bb901750 JavaThread "Unconstrained build operations Thread 18"        [_thread_blocked, id=7228, stack(0x0000005f55e00000,0x0000005f55f00000) (1024K)]
  0x00000204bb8fe2d0 JavaThread "Unconstrained build operations Thread 19"        [_thread_blocked, id=20124, stack(0x0000005f55f00000,0x0000005f56000000) (1024K)]
  0x00000204bb8fe960 JavaThread "WorkerExecutor Queue Thread 5"        [_thread_blocked, id=7692, stack(0x0000005f56000000,0x0000005f56100000) (1024K)]
  0x00000204bb901de0 JavaThread "Unconstrained build operations Thread 20"        [_thread_blocked, id=30716, stack(0x0000005f56100000,0x0000005f56200000) (1024K)]
  0x00000204bb903820 JavaThread "Unconstrained build operations Thread 21"        [_thread_blocked, id=8948, stack(0x0000005f56200000,0x0000005f56300000) (1024K)]
  0x00000204bb902470 JavaThread "Unconstrained build operations Thread 22"        [_thread_blocked, id=28876, stack(0x0000005f56300000,0x0000005f56400000) (1024K)]
  0x00000204baa807a0 JavaThread "Unconstrained build operations Thread 23"        [_thread_blocked, id=24556, stack(0x0000005f56400000,0x0000005f56500000) (1024K)]
  0x00000204baa7e040 JavaThread "Unconstrained build operations Thread 24"        [_thread_blocked, id=3640, stack(0x0000005f56500000,0x0000005f56600000) (1024K)]
  0x00000204baa7e6d0 JavaThread "Unconstrained build operations Thread 25"        [_thread_blocked, id=31808, stack(0x0000005f56600000,0x0000005f56700000) (1024K)]
  0x00000204bde8dd70 JavaThread "Unconstrained build operations Thread 26"        [_thread_blocked, id=27264, stack(0x0000005f54300000,0x0000005f54400000) (1024K)]
  0x00000204bde8d050 JavaThread "Unconstrained build operations Thread 27"        [_thread_blocked, id=10960, stack(0x0000005f56700000,0x0000005f56800000) (1024K)]
  0x00000204c039d410 JavaThread "Unconstrained build operations Thread 28"        [_thread_blocked, id=23616, stack(0x0000005f56800000,0x0000005f56900000) (1024K)]
  0x00000204c03a0f20 JavaThread "Unconstrained build operations Thread 29"        [_thread_blocked, id=24088, stack(0x0000005f55300000,0x0000005f55400000) (1024K)]
  0x00000204be10b510 JavaThread "Unconstrained build operations Thread 30"        [_thread_blocked, id=18556, stack(0x0000005f56900000,0x0000005f56a00000) (1024K)]
  0x00000204bc31b830 JavaThread "Unconstrained build operations Thread 31"        [_thread_blocked, id=25820, stack(0x0000005f56a00000,0x0000005f56b00000) (1024K)]
  0x00000204b4c7e450 JavaThread "WorkerExecutor Queue Thread 7"        [_thread_blocked, id=2228, stack(0x0000005f56d00000,0x0000005f56e00000) (1024K)]
  0x00000204b4c7eae0 JavaThread "Unconstrained build operations Thread 32"        [_thread_blocked, id=25368, stack(0x0000005f56e00000,0x0000005f56f00000) (1024K)]
  0x00000204b4c7f800 JavaThread "Unconstrained build operations Thread 33"        [_thread_blocked, id=7756, stack(0x0000005f56f00000,0x0000005f57000000) (1024K)]
  0x00000204b4c7d0a0 JavaThread "Unconstrained build operations Thread 34"        [_thread_blocked, id=27968, stack(0x0000005f57000000,0x0000005f57100000) (1024K)]
  0x00000204b4c80bb0 JavaThread "Unconstrained build operations Thread 35"        [_thread_blocked, id=12808, stack(0x0000005f57100000,0x0000005f57200000) (1024K)]
  0x00000204b4c7d730 JavaThread "Unconstrained build operations Thread 36"        [_thread_blocked, id=2672, stack(0x0000005f56b00000,0x0000005f56c00000) (1024K)]
  0x00000204b4c80520 JavaThread "Unconstrained build operations Thread 37"        [_thread_blocked, id=26920, stack(0x0000005f57200000,0x0000005f57300000) (1024K)]
  0x00000204b4c81240 JavaThread "Unconstrained build operations Thread 38"        [_thread_blocked, id=18444, stack(0x0000005f57300000,0x0000005f57400000) (1024K)]
  0x00000204b4c7ca10 JavaThread "pool-7-thread-1"                   [_thread_blocked, id=11336, stack(0x0000005f56c00000,0x0000005f56d00000) (1024K)]
  0x00000204b4c81f60 JavaThread "stderr"                            [_thread_in_native, id=21108, stack(0x0000005f57400000,0x0000005f57500000) (1024K)]
  0x00000204b4c825f0 JavaThread "stdout"                            [_thread_in_native, id=15408, stack(0x0000005f57500000,0x0000005f57600000) (1024K)]
  0x00000204bd767980 JavaThread "stderr"                            [_thread_in_native, id=23956, stack(0x0000005f54900000,0x0000005f54a00000) (1024K)]
  0x00000204bd76a770 JavaThread "stdout"                            [_thread_in_native, id=24644, stack(0x0000005f57600000,0x0000005f57700000) (1024K)]
  0x00000204bd763e70 JavaThread "WorkerExecutor Queue Thread 8"        [_thread_blocked, id=29192, stack(0x0000005f57800000,0x0000005f57900000) (1024K)]
  0x00000204bd764b90 JavaThread "ForkJoinPool-1-worker-1"    daemon [_thread_blocked, id=4044, stack(0x0000005f57700000,0x0000005f57800000) (1024K)]
  0x00000204bd761da0 JavaThread "ForkJoinPool-1-worker-2"    daemon [_thread_blocked, id=22052, stack(0x0000005f57900000,0x0000005f57a00000) (1024K)]
  0x00000204bd765220 JavaThread "ForkJoinPool-1-worker-3"    daemon [_thread_blocked, id=16472, stack(0x0000005f57a00000,0x0000005f57b00000) (1024K)]
  0x00000204bd762ac0 JavaThread "ForkJoinPool-1-worker-4"    daemon [_thread_blocked, id=23576, stack(0x0000005f57b00000,0x0000005f57c00000) (1024K)]
  0x00000204bc018510 JavaThread "C2 CompilerThread1"         daemon [_thread_blocked, id=22888, stack(0x0000005f57c00000,0x0000005f57d00000) (1024K)]
Total: 98

Other Threads:
=>0x00000204b4dc7360 VMThread "VM Thread"                           [id=29188, stack(0x0000005f51700000,0x0000005f51800000) (1024K)]
  0x00000204b4d694b0 WatcherThread "VM Periodic Task Thread"        [id=19960, stack(0x0000005f51600000,0x0000005f51700000) (1024K)]
  0x000002049b7f37d0 WorkerThread "GC Thread#0"                     [id=26504, stack(0x0000005f51100000,0x0000005f51200000) (1024K)]
  0x00000204b95bfec0 WorkerThread "GC Thread#1"                     [id=23920, stack(0x0000005f52200000,0x0000005f52300000) (1024K)]
  0x00000204b95c0260 WorkerThread "GC Thread#2"                     [id=3268, stack(0x0000005f52300000,0x0000005f52400000) (1024K)]
  0x00000204ba1c07f0 WorkerThread "GC Thread#3"                     [id=11512, stack(0x0000005f52500000,0x0000005f52600000) (1024K)]
  0x000002049b804990 ConcurrentGCThread "G1 Main Marker"            [id=20720, stack(0x0000005f51200000,0x0000005f51300000) (1024K)]
  0x000002049b805f10 WorkerThread "G1 Conc#0"                       [id=32848, stack(0x0000005f51300000,0x0000005f51400000) (1024K)]
  0x00000204b4c424c0 ConcurrentGCThread "G1 Refine#0"               [id=11652, stack(0x0000005f51400000,0x0000005f51500000) (1024K)]
  0x000002049b846f80 ConcurrentGCThread "G1 Service"                [id=4308, stack(0x0000005f51500000,0x0000005f51600000) (1024K)]
Total: 10

Threads with active compile tasks:
C2 CompilerThread1  177945 21022       4       com.android.tools.r8.dex.code.O::a (3284 bytes)
Total: 1

VM state: at safepoint (normal execution)

VM Mutex/Monitor currently owned by a thread:  ([mutex/lock_event])
[0x00007fff16ac8690] Threads_lock - owner thread: 0x00000204b4dc7360
[0x00007fff16ac8790] Heap_lock - owner thread: 0x00000204bd762ac0

Heap address: 0x0000000700000000, size: 4096 MB, Compressed Oops mode: Zero based, Oop shift amount: 3

CDS archive(s) not mapped
Compressed class space mapped at: 0x0000000800000000-0x000000081a000000, reserved size: 436207616
Narrow klass base: 0x0000000800000000, Narrow klass shift: 0, Narrow klass range: 0x1a000000

GC Precious Log:
 CardTable entry size: 512
 Card Set container configuration: InlinePtr #cards 4 size 8 Array Of Cards #cards 16 size 48 Howl #buckets 8 coarsen threshold 3686 Howl Bitmap #cards 512 size 80 coarsen threshold 460 Card regions per heap region 1 cards per card region 4096
 CPUs: 4 total, 4 available
 Memory: 8005M
 Large Page Support: Disabled
 NUMA Support: Disabled
 Compressed Oops: Enabled (Zero based)
 Heap Region Size: 2M
 Heap Min Capacity: 8M
 Heap Initial Capacity: 126M
 Heap Max Capacity: 4G
 Pre-touch: Disabled
 Parallel Workers: 4
 Concurrent Workers: 1
 Concurrent Refinement Workers: 4
 Periodic GC: Disabled

Heap:
 garbage-first heap   total 776192K, used 584685K [0x0000000700000000, 0x0000000800000000)
  region size 2048K, 5 young (10240K), 5 survivors (10240K)
 Metaspace       used 141869K, committed 144128K, reserved 557056K
  class space    used 19170K, committed 20288K, reserved 425984K

Heap Regions: E=young(eden), S=young(survivor), O=old, HS=humongous(starts), HC=humongous(continues), CS=collection set, F=free, TAMS=top-at-mark-start, PB=parsable bottom
|   0|0x0000000700000000, 0x0000000700200000, 0x0000000700200000|100%|HS|  |TAMS 0x0000000700000000| PB 0x0000000700000000| Complete 
|   1|0x0000000700200000, 0x0000000700400000, 0x0000000700400000|100%|HC|  |TAMS 0x0000000700200000| PB 0x0000000700200000| Complete 
|   2|0x0000000700400000, 0x0000000700600000, 0x0000000700600000|100%| O|  |TAMS 0x0000000700400000| PB 0x0000000700400000| Untracked 
|   3|0x0000000700600000, 0x0000000700800000, 0x0000000700800000|100%| O|  |TAMS 0x0000000700600000| PB 0x0000000700600000| Untracked 
|   4|0x0000000700800000, 0x00000007009fb6c0, 0x0000000700a00000| 99%| O|  |TAMS 0x0000000700800000| PB 0x0000000700800000| Untracked 
|   5|0x0000000700a00000, 0x0000000700c00000, 0x0000000700c00000|100%| O|  |TAMS 0x0000000700a00000| PB 0x0000000700a00000| Untracked 
|   6|0x0000000700c00000, 0x0000000700e00000, 0x0000000700e00000|100%| O|  |TAMS 0x0000000700c00000| PB 0x0000000700c00000| Untracked 
|   7|0x0000000700e00000, 0x0000000701000000, 0x0000000701000000|100%| O|  |TAMS 0x0000000700e00000| PB 0x0000000700e00000| Untracked 
|   8|0x0000000701000000, 0x0000000701200000, 0x0000000701200000|100%| O|  |TAMS 0x0000000701000000| PB 0x0000000701000000| Untracked 
|   9|0x0000000701200000, 0x0000000701400000, 0x0000000701400000|100%| O|  |TAMS 0x0000000701200000| PB 0x0000000701200000| Untracked 
|  10|0x0000000701400000, 0x0000000701600000, 0x0000000701600000|100%| O|  |TAMS 0x0000000701400000| PB 0x0000000701400000| Untracked 
|  11|0x0000000701600000, 0x0000000701800000, 0x0000000701800000|100%| O|  |TAMS 0x0000000701600000| PB 0x0000000701600000| Untracked 
|  12|0x0000000701800000, 0x0000000701a00000, 0x0000000701a00000|100%| O|  |TAMS 0x0000000701800000| PB 0x0000000701800000| Untracked 
|  13|0x0000000701a00000, 0x0000000701c00000, 0x0000000701c00000|100%| O|  |TAMS 0x0000000701a00000| PB 0x0000000701a00000| Untracked 
|  14|0x0000000701c00000, 0x0000000701e00000, 0x0000000701e00000|100%| O|  |TAMS 0x0000000701c00000| PB 0x0000000701c00000| Untracked 
|  15|0x0000000701e00000, 0x0000000702000000, 0x0000000702000000|100%| O|  |TAMS 0x0000000701e00000| PB 0x0000000701e00000| Untracked 
|  16|0x0000000702000000, 0x0000000702200000, 0x0000000702200000|100%|HS|  |TAMS 0x0000000702000000| PB 0x0000000702000000| Complete 
|  17|0x0000000702200000, 0x0000000702400000, 0x0000000702400000|100%| O|  |TAMS 0x0000000702200000| PB 0x0000000702200000| Untracked 
|  18|0x0000000702400000, 0x0000000702600000, 0x0000000702600000|100%| O|  |TAMS 0x0000000702400000| PB 0x0000000702400000| Untracked 
|  19|0x0000000702600000, 0x0000000702800000, 0x0000000702800000|100%| O|  |TAMS 0x0000000702600000| PB 0x0000000702600000| Untracked 
|  20|0x0000000702800000, 0x0000000702a00000, 0x0000000702a00000|100%| O|  |TAMS 0x0000000702800000| PB 0x0000000702800000| Untracked 
|  21|0x0000000702a00000, 0x0000000702c00000, 0x0000000702c00000|100%| O|  |TAMS 0x0000000702a00000| PB 0x0000000702a00000| Untracked 
|  22|0x0000000702c00000, 0x0000000702e00000, 0x0000000702e00000|100%| O|  |TAMS 0x0000000702c00000| PB 0x0000000702c00000| Untracked 
|  23|0x0000000702e00000, 0x0000000703000000, 0x0000000703000000|100%|HS|  |TAMS 0x0000000702e00000| PB 0x0000000702e00000| Complete 
|  24|0x0000000703000000, 0x0000000703200000, 0x0000000703200000|100%|HS|  |TAMS 0x0000000703000000| PB 0x0000000703000000| Complete 
|  25|0x0000000703200000, 0x0000000703400000, 0x0000000703400000|100%| O|  |TAMS 0x0000000703200000| PB 0x0000000703200000| Untracked 
|  26|0x0000000703400000, 0x0000000703600000, 0x0000000703600000|100%| O|  |TAMS 0x0000000703400000| PB 0x0000000703400000| Untracked 
|  27|0x0000000703600000, 0x0000000703800000, 0x0000000703800000|100%| O|  |TAMS 0x0000000703600000| PB 0x0000000703600000| Untracked 
|  28|0x0000000703800000, 0x0000000703a00000, 0x0000000703a00000|100%|HS|  |TAMS 0x0000000703800000| PB 0x0000000703800000| Complete 
|  29|0x0000000703a00000, 0x0000000703c00000, 0x0000000703c00000|100%|HC|  |TAMS 0x0000000703a00000| PB 0x0000000703a00000| Complete 
|  30|0x0000000703c00000, 0x0000000703e00000, 0x0000000703e00000|100%| O|  |TAMS 0x0000000703c00000| PB 0x0000000703c00000| Untracked 
|  31|0x0000000703e00000, 0x0000000704000000, 0x0000000704000000|100%| O|  |TAMS 0x0000000703e00000| PB 0x0000000703e00000| Untracked 
|  32|0x0000000704000000, 0x0000000704200000, 0x0000000704200000|100%| O|  |TAMS 0x0000000704000000| PB 0x0000000704000000| Untracked 
|  33|0x0000000704200000, 0x0000000704400000, 0x0000000704400000|100%| O|  |TAMS 0x0000000704200000| PB 0x0000000704200000| Untracked 
|  34|0x0000000704400000, 0x0000000704600000, 0x0000000704600000|100%| O|  |TAMS 0x0000000704400000| PB 0x0000000704400000| Untracked 
|  35|0x0000000704600000, 0x0000000704800000, 0x0000000704800000|100%| O|  |TAMS 0x0000000704600000| PB 0x0000000704600000| Untracked 
|  36|0x0000000704800000, 0x0000000704a00000, 0x0000000704a00000|100%| O|  |TAMS 0x0000000704800000| PB 0x0000000704800000| Untracked 
|  37|0x0000000704a00000, 0x0000000704c00000, 0x0000000704c00000|100%| O|  |TAMS 0x0000000704a00000| PB 0x0000000704a00000| Untracked 
|  38|0x0000000704c00000, 0x0000000704e00000, 0x0000000704e00000|100%|HS|  |TAMS 0x0000000704c00000| PB 0x0000000704c00000| Complete 
|  39|0x0000000704e00000, 0x0000000705000000, 0x0000000705000000|100%|HC|  |TAMS 0x0000000704e00000| PB 0x0000000704e00000| Complete 
|  40|0x0000000705000000, 0x0000000705200000, 0x0000000705200000|100%| O|  |TAMS 0x0000000705000000| PB 0x0000000705000000| Untracked 
|  41|0x0000000705200000, 0x0000000705400000, 0x0000000705400000|100%| O|  |TAMS 0x0000000705200000| PB 0x0000000705200000| Untracked 
|  42|0x0000000705400000, 0x0000000705600000, 0x0000000705600000|100%| O|  |TAMS 0x0000000705400000| PB 0x0000000705400000| Untracked 
|  43|0x0000000705600000, 0x0000000705800000, 0x0000000705800000|100%| O|  |TAMS 0x0000000705600000| PB 0x0000000705600000| Untracked 
|  44|0x0000000705800000, 0x0000000705a00000, 0x0000000705a00000|100%| O|  |TAMS 0x0000000705800000| PB 0x0000000705800000| Untracked 
|  45|0x0000000705a00000, 0x0000000705c00000, 0x0000000705c00000|100%| O|  |TAMS 0x0000000705a00000| PB 0x0000000705a00000| Untracked 
|  46|0x0000000705c00000, 0x0000000705e00000, 0x0000000705e00000|100%| O|  |TAMS 0x0000000705c00000| PB 0x0000000705c00000| Untracked 
|  47|0x0000000705e00000, 0x0000000706000000, 0x0000000706000000|100%| O|  |TAMS 0x0000000705e00000| PB 0x0000000705e00000| Untracked 
|  48|0x0000000706000000, 0x0000000706200000, 0x0000000706200000|100%| O|  |TAMS 0x0000000706000000| PB 0x0000000706000000| Untracked 
|  49|0x0000000706200000, 0x0000000706400000, 0x0000000706400000|100%| O|  |TAMS 0x0000000706200000| PB 0x0000000706200000| Untracked 
|  50|0x0000000706400000, 0x0000000706600000, 0x0000000706600000|100%| O|  |TAMS 0x0000000706400000| PB 0x0000000706400000| Untracked 
|  51|0x0000000706600000, 0x0000000706800000, 0x0000000706800000|100%| O|  |TAMS 0x0000000706600000| PB 0x0000000706600000| Untracked 
|  52|0x0000000706800000, 0x0000000706a00000, 0x0000000706a00000|100%| O|  |TAMS 0x0000000706800000| PB 0x0000000706800000| Untracked 
|  53|0x0000000706a00000, 0x0000000706c00000, 0x0000000706c00000|100%| O|  |TAMS 0x0000000706a00000| PB 0x0000000706a00000| Untracked 
|  54|0x0000000706c00000, 0x0000000706e00000, 0x0000000706e00000|100%| O|  |TAMS 0x0000000706c00000| PB 0x0000000706c00000| Untracked 
|  55|0x0000000706e00000, 0x0000000707000000, 0x0000000707000000|100%| O|  |TAMS 0x0000000706e00000| PB 0x0000000706e00000| Untracked 
|  56|0x0000000707000000, 0x0000000707200000, 0x0000000707200000|100%| O|  |TAMS 0x0000000707000000| PB 0x0000000707000000| Untracked 
|  57|0x0000000707200000, 0x0000000707400000, 0x0000000707400000|100%| O|  |TAMS 0x0000000707200000| PB 0x0000000707200000| Untracked 
|  58|0x0000000707400000, 0x0000000707600000, 0x0000000707600000|100%| O|  |TAMS 0x0000000707400000| PB 0x0000000707400000| Untracked 
|  59|0x0000000707600000, 0x0000000707800000, 0x0000000707800000|100%| O|  |TAMS 0x0000000707600000| PB 0x0000000707600000| Untracked 
|  60|0x0000000707800000, 0x0000000707a00000, 0x0000000707a00000|100%| O|  |TAMS 0x0000000707800000| PB 0x0000000707800000| Untracked 
|  61|0x0000000707a00000, 0x0000000707c00000, 0x0000000707c00000|100%| O|  |TAMS 0x0000000707a00000| PB 0x0000000707a00000| Untracked 
|  62|0x0000000707c00000, 0x0000000707e00000, 0x0000000707e00000|100%|HS|  |TAMS 0x0000000707c00000| PB 0x0000000707c00000| Complete 
|  63|0x0000000707e00000, 0x0000000708000000, 0x0000000708000000|100%|HS|  |TAMS 0x0000000707e00000| PB 0x0000000707e00000| Complete 
|  64|0x0000000708000000, 0x0000000708200000, 0x0000000708200000|100%| O|Cm|TAMS 0x0000000708000000| PB 0x0000000708000000| Complete 
|  65|0x0000000708200000, 0x0000000708400000, 0x0000000708400000|100%| O|  |TAMS 0x0000000708200000| PB 0x0000000708200000| Untracked 
|  66|0x0000000708400000, 0x0000000708600000, 0x0000000708600000|100%| O|  |TAMS 0x0000000708400000| PB 0x0000000708400000| Untracked 
|  67|0x0000000708600000, 0x0000000708800000, 0x0000000708800000|100%| O|Cm|TAMS 0x0000000708600000| PB 0x0000000708600000| Complete 
|  68|0x0000000708800000, 0x0000000708a00000, 0x0000000708a00000|100%|HS|  |TAMS 0x0000000708800000| PB 0x0000000708800000| Complete 
|  69|0x0000000708a00000, 0x0000000708c00000, 0x0000000708c00000|100%| O|Cm|TAMS 0x0000000708a00000| PB 0x0000000708a00000| Complete 
|  70|0x0000000708c00000, 0x0000000708e00000, 0x0000000708e00000|100%| O|  |TAMS 0x0000000708c00000| PB 0x0000000708c00000| Untracked 
|  71|0x0000000708e00000, 0x0000000709000000, 0x0000000709000000|100%| O|Cm|TAMS 0x0000000708e00000| PB 0x0000000708e00000| Complete 
|  72|0x0000000709000000, 0x0000000709200000, 0x0000000709200000|100%| O|  |TAMS 0x0000000709000000| PB 0x0000000709000000| Untracked 
|  73|0x0000000709200000, 0x0000000709400000, 0x0000000709400000|100%|HS|  |TAMS 0x0000000709200000| PB 0x0000000709200000| Complete 
|  74|0x0000000709400000, 0x0000000709600000, 0x0000000709600000|100%|HC|  |TAMS 0x0000000709400000| PB 0x0000000709400000| Complete 
|  75|0x0000000709600000, 0x0000000709800000, 0x0000000709800000|100%|HS|  |TAMS 0x0000000709600000| PB 0x0000000709600000| Complete 
|  76|0x0000000709800000, 0x0000000709a00000, 0x0000000709a00000|100%| O|  |TAMS 0x0000000709800000| PB 0x0000000709800000| Untracked 
|  77|0x0000000709a00000, 0x0000000709c00000, 0x0000000709c00000|100%| O|  |TAMS 0x0000000709a00000| PB 0x0000000709a00000| Untracked 
|  78|0x0000000709c00000, 0x0000000709e00000, 0x0000000709e00000|100%|HS|  |TAMS 0x0000000709c00000| PB 0x0000000709c00000| Complete 
|  79|0x0000000709e00000, 0x000000070a000000, 0x000000070a000000|100%|HS|  |TAMS 0x0000000709e00000| PB 0x0000000709e00000| Complete 
|  80|0x000000070a000000, 0x000000070a200000, 0x000000070a200000|100%| O|  |TAMS 0x000000070a000000| PB 0x000000070a000000| Untracked 
|  81|0x000000070a200000, 0x000000070a400000, 0x000000070a400000|100%| O|  |TAMS 0x000000070a200000| PB 0x000000070a200000| Untracked 
|  82|0x000000070a400000, 0x000000070a600000, 0x000000070a600000|100%| O|  |TAMS 0x000000070a400000| PB 0x000000070a400000| Untracked 
|  83|0x000000070a600000, 0x000000070a800000, 0x000000070a800000|100%| O|Cm|TAMS 0x000000070a600000| PB 0x000000070a600000| Complete 
|  84|0x000000070a800000, 0x000000070aa00000, 0x000000070aa00000|100%| O|  |TAMS 0x000000070a800000| PB 0x000000070a800000| Untracked 
|  85|0x000000070aa00000, 0x000000070ac00000, 0x000000070ac00000|100%| O|  |TAMS 0x000000070aa00000| PB 0x000000070aa00000| Untracked 
|  86|0x000000070ac00000, 0x000000070ac00000, 0x000000070ae00000|  0%| F|  |TAMS 0x000000070ac00000| PB 0x000000070ac00000| Untracked 
|  87|0x000000070ae00000, 0x000000070b000000, 0x000000070b000000|100%|HS|  |TAMS 0x000000070ae00000| PB 0x000000070ae00000| Complete 
|  88|0x000000070b000000, 0x000000070b200000, 0x000000070b200000|100%|HC|  |TAMS 0x000000070b000000| PB 0x000000070b000000| Complete 
|  89|0x000000070b200000, 0x000000070b400000, 0x000000070b400000|100%|HS|  |TAMS 0x000000070b200000| PB 0x000000070b200000| Complete 
|  90|0x000000070b400000, 0x000000070b600000, 0x000000070b600000|100%|HC|  |TAMS 0x000000070b400000| PB 0x000000070b400000| Complete 
|  91|0x000000070b600000, 0x000000070b800000, 0x000000070b800000|100%|HS|  |TAMS 0x000000070b600000| PB 0x000000070b600000| Complete 
|  92|0x000000070b800000, 0x000000070ba00000, 0x000000070ba00000|100%| O|  |TAMS 0x000000070b800000| PB 0x000000070b800000| Untracked 
|  93|0x000000070ba00000, 0x000000070bc00000, 0x000000070bc00000|100%|HS|  |TAMS 0x000000070ba00000| PB 0x000000070ba00000| Complete 
|  94|0x000000070bc00000, 0x000000070be00000, 0x000000070be00000|100%|HC|  |TAMS 0x000000070bc00000| PB 0x000000070bc00000| Complete 
|  95|0x000000070be00000, 0x000000070c000000, 0x000000070c000000|100%|HC|  |TAMS 0x000000070be00000| PB 0x000000070be00000| Complete 
|  96|0x000000070c000000, 0x000000070c200000, 0x000000070c200000|100%|HC|  |TAMS 0x000000070c000000| PB 0x000000070c000000| Complete 
|  97|0x000000070c200000, 0x000000070c400000, 0x000000070c400000|100%|HC|  |TAMS 0x000000070c200000| PB 0x000000070c200000| Complete 
|  98|0x000000070c400000, 0x000000070c600000, 0x000000070c600000|100%|HC|  |TAMS 0x000000070c400000| PB 0x000000070c400000| Complete 
|  99|0x000000070c600000, 0x000000070c800000, 0x000000070c800000|100%|HC|  |TAMS 0x000000070c600000| PB 0x000000070c600000| Complete 
| 100|0x000000070c800000, 0x000000070ca00000, 0x000000070ca00000|100%|HC|  |TAMS 0x000000070c800000| PB 0x000000070c800000| Complete 
| 101|0x000000070ca00000, 0x000000070cc00000, 0x000000070cc00000|100%|HC|  |TAMS 0x000000070ca00000| PB 0x000000070ca00000| Complete 
| 102|0x000000070cc00000, 0x000000070ce00000, 0x000000070ce00000|100%|HC|  |TAMS 0x000000070cc00000| PB 0x000000070cc00000| Complete 
| 103|0x000000070ce00000, 0x000000070d000000, 0x000000070d000000|100%|HC|  |TAMS 0x000000070ce00000| PB 0x000000070ce00000| Complete 
| 104|0x000000070d000000, 0x000000070d200000, 0x000000070d200000|100%|HC|  |TAMS 0x000000070d000000| PB 0x000000070d000000| Complete 
| 105|0x000000070d200000, 0x000000070d400000, 0x000000070d400000|100%|HC|  |TAMS 0x000000070d200000| PB 0x000000070d200000| Complete 
| 106|0x000000070d400000, 0x000000070d600000, 0x000000070d600000|100%|HC|  |TAMS 0x000000070d400000| PB 0x000000070d400000| Complete 
| 107|0x000000070d600000, 0x000000070d800000, 0x000000070d800000|100%|HC|  |TAMS 0x000000070d600000| PB 0x000000070d600000| Complete 
| 108|0x000000070d800000, 0x000000070da00000, 0x000000070da00000|100%|HS|  |TAMS 0x000000070d800000| PB 0x000000070d800000| Complete 
| 109|0x000000070da00000, 0x000000070dc00000, 0x000000070dc00000|100%|HC|  |TAMS 0x000000070da00000| PB 0x000000070da00000| Complete 
| 110|0x000000070dc00000, 0x000000070de00000, 0x000000070de00000|100%| O|  |TAMS 0x000000070dc00000| PB 0x000000070dc00000| Untracked 
| 111|0x000000070de00000, 0x000000070e000000, 0x000000070e000000|100%|HS|  |TAMS 0x000000070de00000| PB 0x000000070de00000| Complete 
| 112|0x000000070e000000, 0x000000070e200000, 0x000000070e200000|100%| O|  |TAMS 0x000000070e000000| PB 0x000000070e000000| Untracked 
| 113|0x000000070e200000, 0x000000070e400000, 0x000000070e400000|100%| O|  |TAMS 0x000000070e200000| PB 0x000000070e200000| Untracked 
| 114|0x000000070e400000, 0x000000070e600000, 0x000000070e600000|100%| O|  |TAMS 0x000000070e400000| PB 0x000000070e400000| Untracked 
| 115|0x000000070e600000, 0x000000070e800000, 0x000000070e800000|100%|HS|  |TAMS 0x000000070e600000| PB 0x000000070e600000| Complete 
| 116|0x000000070e800000, 0x000000070ea00000, 0x000000070ea00000|100%|HC|  |TAMS 0x000000070e800000| PB 0x000000070e800000| Complete 
| 117|0x000000070ea00000, 0x000000070ec00000, 0x000000070ec00000|100%| O|  |TAMS 0x000000070ea00000| PB 0x000000070ea00000| Untracked 
| 118|0x000000070ec00000, 0x000000070ee00000, 0x000000070ee00000|100%|HS|  |TAMS 0x000000070ec00000| PB 0x000000070ec00000| Complete 
| 119|0x000000070ee00000, 0x000000070f000000, 0x000000070f000000|100%|HS|  |TAMS 0x000000070ee00000| PB 0x000000070ee00000| Complete 
| 120|0x000000070f000000, 0x000000070f200000, 0x000000070f200000|100%|HC|  |TAMS 0x000000070f000000| PB 0x000000070f000000| Complete 
| 121|0x000000070f200000, 0x000000070f400000, 0x000000070f400000|100%| O|  |TAMS 0x000000070f200000| PB 0x000000070f200000| Untracked 
| 122|0x000000070f400000, 0x000000070f600000, 0x000000070f600000|100%|HS|  |TAMS 0x000000070f400000| PB 0x000000070f400000| Complete 
| 123|0x000000070f600000, 0x000000070f800000, 0x000000070f800000|100%|HC|  |TAMS 0x000000070f600000| PB 0x000000070f600000| Complete 
| 124|0x000000070f800000, 0x000000070fa00000, 0x000000070fa00000|100%| O|  |TAMS 0x000000070f800000| PB 0x000000070f800000| Untracked 
| 125|0x000000070fa00000, 0x000000070fc00000, 0x000000070fc00000|100%| O|  |TAMS 0x000000070fa00000| PB 0x000000070fa00000| Untracked 
| 126|0x000000070fc00000, 0x000000070fe00000, 0x000000070fe00000|100%| O|  |TAMS 0x000000070fc00000| PB 0x000000070fc00000| Untracked 
| 127|0x000000070fe00000, 0x0000000710000000, 0x0000000710000000|100%|HS|  |TAMS 0x000000070fe00000| PB 0x000000070fe00000| Complete 
| 128|0x0000000710000000, 0x0000000710200000, 0x0000000710200000|100%|HC|  |TAMS 0x0000000710000000| PB 0x0000000710000000| Complete 
| 129|0x0000000710200000, 0x0000000710400000, 0x0000000710400000|100%| O|  |TAMS 0x0000000710200000| PB 0x0000000710200000| Untracked 
| 130|0x0000000710400000, 0x0000000710600000, 0x0000000710600000|100%|HS|  |TAMS 0x0000000710400000| PB 0x0000000710400000| Complete 
| 131|0x0000000710600000, 0x0000000710800000, 0x0000000710800000|100%| O|  |TAMS 0x0000000710600000| PB 0x0000000710600000| Untracked 
| 132|0x0000000710800000, 0x0000000710a00000, 0x0000000710a00000|100%|HS|  |TAMS 0x0000000710800000| PB 0x0000000710800000| Complete 
| 133|0x0000000710a00000, 0x0000000710c00000, 0x0000000710c00000|100%| O|  |TAMS 0x0000000710a00000| PB 0x0000000710a00000| Untracked 
| 134|0x0000000710c00000, 0x0000000710e00000, 0x0000000710e00000|100%|HS|  |TAMS 0x0000000710c00000| PB 0x0000000710c00000| Complete 
| 135|0x0000000710e00000, 0x0000000711000000, 0x0000000711000000|100%| O|  |TAMS 0x0000000710e00000| PB 0x0000000710e00000| Untracked 
| 136|0x0000000711000000, 0x0000000711200000, 0x0000000711200000|100%|HS|  |TAMS 0x0000000711000000| PB 0x0000000711000000| Complete 
| 137|0x0000000711200000, 0x0000000711400000, 0x0000000711400000|100%| O|  |TAMS 0x0000000711200000| PB 0x0000000711200000| Untracked 
| 138|0x0000000711400000, 0x0000000711600000, 0x0000000711600000|100%| O|  |TAMS 0x0000000711400000| PB 0x0000000711400000| Untracked 
| 139|0x0000000711600000, 0x0000000711800000, 0x0000000711800000|100%| O|  |TAMS 0x0000000711600000| PB 0x0000000711600000| Untracked 
| 140|0x0000000711800000, 0x0000000711a00000, 0x0000000711a00000|100%| O|  |TAMS 0x0000000711800000| PB 0x0000000711800000| Untracked 
| 141|0x0000000711a00000, 0x0000000711c00000, 0x0000000711c00000|100%| O|  |TAMS 0x0000000711a00000| PB 0x0000000711a00000| Untracked 
| 142|0x0000000711c00000, 0x0000000711e00000, 0x0000000711e00000|100%|HS|  |TAMS 0x0000000711c00000| PB 0x0000000711c00000| Complete 
| 143|0x0000000711e00000, 0x0000000712000000, 0x0000000712000000|100%|HC|  |TAMS 0x0000000711e00000| PB 0x0000000711e00000| Complete 
| 144|0x0000000712000000, 0x0000000712200000, 0x0000000712200000|100%|HC|  |TAMS 0x0000000712000000| PB 0x0000000712000000| Complete 
| 145|0x0000000712200000, 0x0000000712400000, 0x0000000712400000|100%|HC|  |TAMS 0x0000000712200000| PB 0x0000000712200000| Complete 
| 146|0x0000000712400000, 0x0000000712600000, 0x0000000712600000|100%|HC|  |TAMS 0x0000000712400000| PB 0x0000000712400000| Complete 
| 147|0x0000000712600000, 0x0000000712800000, 0x0000000712800000|100%|HC|  |TAMS 0x0000000712600000| PB 0x0000000712600000| Complete 
| 148|0x0000000712800000, 0x0000000712a00000, 0x0000000712a00000|100%|HC|  |TAMS 0x0000000712800000| PB 0x0000000712800000| Complete 
| 149|0x0000000712a00000, 0x0000000712c00000, 0x0000000712c00000|100%|HC|  |TAMS 0x0000000712a00000| PB 0x0000000712a00000| Complete 
| 150|0x0000000712c00000, 0x0000000712e00000, 0x0000000712e00000|100%|HC|  |TAMS 0x0000000712c00000| PB 0x0000000712c00000| Complete 
| 151|0x0000000712e00000, 0x0000000713000000, 0x0000000713000000|100%|HC|  |TAMS 0x0000000712e00000| PB 0x0000000712e00000| Complete 
| 152|0x0000000713000000, 0x0000000713200000, 0x0000000713200000|100%|HC|  |TAMS 0x0000000713000000| PB 0x0000000713000000| Complete 
| 153|0x0000000713200000, 0x0000000713400000, 0x0000000713400000|100%|HC|  |TAMS 0x0000000713200000| PB 0x0000000713200000| Complete 
| 154|0x0000000713400000, 0x0000000713600000, 0x0000000713600000|100%|HC|  |TAMS 0x0000000713400000| PB 0x0000000713400000| Complete 
| 155|0x0000000713600000, 0x0000000713800000, 0x0000000713800000|100%|HC|  |TAMS 0x0000000713600000| PB 0x0000000713600000| Complete 
| 156|0x0000000713800000, 0x0000000713a00000, 0x0000000713a00000|100%|HC|  |TAMS 0x0000000713800000| PB 0x0000000713800000| Complete 
| 157|0x0000000713a00000, 0x0000000713c00000, 0x0000000713c00000|100%| O|  |TAMS 0x0000000713a00000| PB 0x0000000713a00000| Untracked 
| 158|0x0000000713c00000, 0x0000000713e00000, 0x0000000713e00000|100%| O|  |TAMS 0x0000000713c00000| PB 0x0000000713c00000| Untracked 
| 159|0x0000000713e00000, 0x0000000714000000, 0x0000000714000000|100%| O|  |TAMS 0x0000000713e00000| PB 0x0000000713e00000| Untracked 
| 160|0x0000000714000000, 0x0000000714200000, 0x0000000714200000|100%| O|  |TAMS 0x0000000714000000| PB 0x0000000714000000| Untracked 
| 161|0x0000000714200000, 0x0000000714400000, 0x0000000714400000|100%| O|  |TAMS 0x0000000714200000| PB 0x0000000714200000| Untracked 
| 162|0x0000000714400000, 0x0000000714600000, 0x0000000714600000|100%| O|  |TAMS 0x0000000714400000| PB 0x0000000714400000| Untracked 
| 163|0x0000000714600000, 0x0000000714800000, 0x0000000714800000|100%|HS|  |TAMS 0x0000000714600000| PB 0x0000000714600000| Complete 
| 164|0x0000000714800000, 0x0000000714a00000, 0x0000000714a00000|100%|HC|  |TAMS 0x0000000714800000| PB 0x0000000714800000| Complete 
| 165|0x0000000714a00000, 0x0000000714c00000, 0x0000000714c00000|100%| O|  |TAMS 0x0000000714a00000| PB 0x0000000714a00000| Untracked 
| 166|0x0000000714c00000, 0x0000000714e00000, 0x0000000714e00000|100%| O|  |TAMS 0x0000000714c00000| PB 0x0000000714c00000| Untracked 
| 167|0x0000000714e00000, 0x0000000715000000, 0x0000000715000000|100%| O|  |TAMS 0x0000000714e00000| PB 0x0000000714e00000| Untracked 
| 168|0x0000000715000000, 0x0000000715200000, 0x0000000715200000|100%| O|  |TAMS 0x0000000715000000| PB 0x0000000715000000| Untracked 
| 169|0x0000000715200000, 0x0000000715400000, 0x0000000715400000|100%| O|  |TAMS 0x0000000715200000| PB 0x0000000715200000| Untracked 
| 170|0x0000000715400000, 0x0000000715600000, 0x0000000715600000|100%| O|  |TAMS 0x0000000715400000| PB 0x0000000715400000| Untracked 
| 171|0x0000000715600000, 0x0000000715800000, 0x0000000715800000|100%| O|  |TAMS 0x0000000715600000| PB 0x0000000715600000| Untracked 
| 172|0x0000000715800000, 0x0000000715a00000, 0x0000000715a00000|100%| O|  |TAMS 0x0000000715800000| PB 0x0000000715800000| Untracked 
| 173|0x0000000715a00000, 0x0000000715c00000, 0x0000000715c00000|100%| O|  |TAMS 0x0000000715a00000| PB 0x0000000715a00000| Untracked 
| 174|0x0000000715c00000, 0x0000000715e00000, 0x0000000715e00000|100%| O|  |TAMS 0x0000000715c00000| PB 0x0000000715c00000| Untracked 
| 175|0x0000000715e00000, 0x0000000716000000, 0x0000000716000000|100%| O|  |TAMS 0x0000000715e00000| PB 0x0000000715e00000| Untracked 
| 176|0x0000000716000000, 0x0000000716200000, 0x0000000716200000|100%| O|  |TAMS 0x0000000716000000| PB 0x0000000716000000| Untracked 
| 177|0x0000000716200000, 0x0000000716400000, 0x0000000716400000|100%| O|  |TAMS 0x0000000716200000| PB 0x0000000716200000| Untracked 
| 178|0x0000000716400000, 0x0000000716600000, 0x0000000716600000|100%| O|  |TAMS 0x0000000716400000| PB 0x0000000716400000| Untracked 
| 179|0x0000000716600000, 0x0000000716800000, 0x0000000716800000|100%| O|  |TAMS 0x0000000716600000| PB 0x0000000716600000| Untracked 
| 180|0x0000000716800000, 0x0000000716a00000, 0x0000000716a00000|100%| O|  |TAMS 0x0000000716800000| PB 0x0000000716800000| Untracked 
| 181|0x0000000716a00000, 0x0000000716c00000, 0x0000000716c00000|100%| O|  |TAMS 0x0000000716a00000| PB 0x0000000716a00000| Untracked 
| 182|0x0000000716c00000, 0x0000000716e00000, 0x0000000716e00000|100%| O|  |TAMS 0x0000000716c00000| PB 0x0000000716c00000| Untracked 
| 183|0x0000000716e00000, 0x0000000717000000, 0x0000000717000000|100%| O|  |TAMS 0x0000000716e00000| PB 0x0000000716e00000| Untracked 
| 184|0x0000000717000000, 0x0000000717200000, 0x0000000717200000|100%| O|  |TAMS 0x0000000717000000| PB 0x0000000717000000| Untracked 
| 185|0x0000000717200000, 0x0000000717400000, 0x0000000717400000|100%| O|  |TAMS 0x0000000717200000| PB 0x0000000717200000| Untracked 
| 186|0x0000000717400000, 0x0000000717600000, 0x0000000717600000|100%| O|  |TAMS 0x0000000717400000| PB 0x0000000717400000| Untracked 
| 187|0x0000000717600000, 0x0000000717800000, 0x0000000717800000|100%| O|  |TAMS 0x0000000717600000| PB 0x0000000717600000| Untracked 
| 188|0x0000000717800000, 0x0000000717a00000, 0x0000000717a00000|100%| O|  |TAMS 0x0000000717800000| PB 0x0000000717800000| Untracked 
| 189|0x0000000717a00000, 0x0000000717c00000, 0x0000000717c00000|100%| O|  |TAMS 0x0000000717a00000| PB 0x0000000717a00000| Untracked 
| 190|0x0000000717c00000, 0x0000000717e00000, 0x0000000717e00000|100%| O|  |TAMS 0x0000000717c00000| PB 0x0000000717c00000| Untracked 
| 191|0x0000000717e00000, 0x0000000718000000, 0x0000000718000000|100%| O|  |TAMS 0x0000000717e00000| PB 0x0000000717e00000| Untracked 
| 192|0x0000000718000000, 0x0000000718200000, 0x0000000718200000|100%| O|  |TAMS 0x0000000718000000| PB 0x0000000718000000| Untracked 
| 193|0x0000000718200000, 0x0000000718400000, 0x0000000718400000|100%| O|  |TAMS 0x0000000718200000| PB 0x0000000718200000| Untracked 
| 194|0x0000000718400000, 0x0000000718600000, 0x0000000718600000|100%| O|  |TAMS 0x0000000718400000| PB 0x0000000718400000| Untracked 
| 195|0x0000000718600000, 0x0000000718800000, 0x0000000718800000|100%| O|  |TAMS 0x0000000718600000| PB 0x0000000718600000| Untracked 
| 196|0x0000000718800000, 0x0000000718a00000, 0x0000000718a00000|100%| O|  |TAMS 0x0000000718800000| PB 0x0000000718800000| Untracked 
| 197|0x0000000718a00000, 0x0000000718c00000, 0x0000000718c00000|100%| O|  |TAMS 0x0000000718a00000| PB 0x0000000718a00000| Untracked 
| 198|0x0000000718c00000, 0x0000000718e00000, 0x0000000718e00000|100%| O|  |TAMS 0x0000000718c00000| PB 0x0000000718c00000| Untracked 
| 199|0x0000000718e00000, 0x0000000719000000, 0x0000000719000000|100%| O|  |TAMS 0x0000000718e00000| PB 0x0000000718e00000| Untracked 
| 200|0x0000000719000000, 0x0000000719200000, 0x0000000719200000|100%| O|  |TAMS 0x0000000719000000| PB 0x0000000719000000| Untracked 
| 201|0x0000000719200000, 0x0000000719400000, 0x0000000719400000|100%| O|  |TAMS 0x0000000719200000| PB 0x0000000719200000| Untracked 
| 202|0x0000000719400000, 0x0000000719600000, 0x0000000719600000|100%| O|  |TAMS 0x0000000719400000| PB 0x0000000719400000| Untracked 
| 203|0x0000000719600000, 0x0000000719800000, 0x0000000719800000|100%| O|  |TAMS 0x0000000719600000| PB 0x0000000719600000| Untracked 
| 204|0x0000000719800000, 0x0000000719a00000, 0x0000000719a00000|100%| O|  |TAMS 0x0000000719800000| PB 0x0000000719800000| Untracked 
| 205|0x0000000719a00000, 0x0000000719c00000, 0x0000000719c00000|100%| O|  |TAMS 0x0000000719a00000| PB 0x0000000719a00000| Untracked 
| 206|0x0000000719c00000, 0x0000000719e00000, 0x0000000719e00000|100%| O|  |TAMS 0x0000000719c00000| PB 0x0000000719c00000| Untracked 
| 207|0x0000000719e00000, 0x000000071a000000, 0x000000071a000000|100%| O|  |TAMS 0x0000000719e00000| PB 0x0000000719e00000| Untracked 
| 208|0x000000071a000000, 0x000000071a200000, 0x000000071a200000|100%| O|  |TAMS 0x000000071a000000| PB 0x000000071a000000| Untracked 
| 209|0x000000071a200000, 0x000000071a400000, 0x000000071a400000|100%| O|  |TAMS 0x000000071a200000| PB 0x000000071a200000| Untracked 
| 210|0x000000071a400000, 0x000000071a600000, 0x000000071a600000|100%| O|  |TAMS 0x000000071a400000| PB 0x000000071a400000| Untracked 
| 211|0x000000071a600000, 0x000000071a800000, 0x000000071a800000|100%| O|  |TAMS 0x000000071a600000| PB 0x000000071a600000| Untracked 
| 212|0x000000071a800000, 0x000000071aa00000, 0x000000071aa00000|100%| O|  |TAMS 0x000000071a800000| PB 0x000000071a800000| Untracked 
| 213|0x000000071aa00000, 0x000000071ac00000, 0x000000071ac00000|100%| O|  |TAMS 0x000000071aa00000| PB 0x000000071aa00000| Untracked 
| 214|0x000000071ac00000, 0x000000071ae00000, 0x000000071ae00000|100%| O|  |TAMS 0x000000071ac00000| PB 0x000000071ac00000| Untracked 
| 215|0x000000071ae00000, 0x000000071b000000, 0x000000071b000000|100%| O|  |TAMS 0x000000071ae00000| PB 0x000000071ae00000| Untracked 
| 216|0x000000071b000000, 0x000000071b200000, 0x000000071b200000|100%| O|  |TAMS 0x000000071b000000| PB 0x000000071b000000| Untracked 
| 217|0x000000071b200000, 0x000000071b400000, 0x000000071b400000|100%| O|  |TAMS 0x000000071b200000| PB 0x000000071b200000| Untracked 
| 218|0x000000071b400000, 0x000000071b600000, 0x000000071b600000|100%| O|  |TAMS 0x000000071b400000| PB 0x000000071b400000| Untracked 
| 219|0x000000071b600000, 0x000000071b800000, 0x000000071b800000|100%| O|  |TAMS 0x000000071b600000| PB 0x000000071b600000| Untracked 
| 220|0x000000071b800000, 0x000000071ba00000, 0x000000071ba00000|100%| O|  |TAMS 0x000000071b800000| PB 0x000000071b800000| Untracked 
| 221|0x000000071ba00000, 0x000000071bc00000, 0x000000071bc00000|100%| O|  |TAMS 0x000000071ba00000| PB 0x000000071ba00000| Untracked 
| 222|0x000000071bc00000, 0x000000071be00000, 0x000000071be00000|100%| O|  |TAMS 0x000000071bc00000| PB 0x000000071bc00000| Untracked 
| 223|0x000000071be00000, 0x000000071c000000, 0x000000071c000000|100%| O|  |TAMS 0x000000071be00000| PB 0x000000071be00000| Untracked 
| 224|0x000000071c000000, 0x000000071c200000, 0x000000071c200000|100%| O|  |TAMS 0x000000071c000000| PB 0x000000071c000000| Untracked 
| 225|0x000000071c200000, 0x000000071c400000, 0x000000071c400000|100%| O|  |TAMS 0x000000071c200000| PB 0x000000071c200000| Untracked 
| 226|0x000000071c400000, 0x000000071c600000, 0x000000071c600000|100%| O|  |TAMS 0x000000071c400000| PB 0x000000071c400000| Untracked 
| 227|0x000000071c600000, 0x000000071c800000, 0x000000071c800000|100%| O|  |TAMS 0x000000071c600000| PB 0x000000071c600000| Untracked 
| 228|0x000000071c800000, 0x000000071ca00000, 0x000000071ca00000|100%| O|  |TAMS 0x000000071c800000| PB 0x000000071c800000| Untracked 
| 229|0x000000071ca00000, 0x000000071cc00000, 0x000000071cc00000|100%| O|  |TAMS 0x000000071ca00000| PB 0x000000071ca00000| Untracked 
| 230|0x000000071cc00000, 0x000000071ce00000, 0x000000071ce00000|100%| O|  |TAMS 0x000000071cc00000| PB 0x000000071cc00000| Untracked 
| 231|0x000000071ce00000, 0x000000071d000000, 0x000000071d000000|100%| O|  |TAMS 0x000000071ce00000| PB 0x000000071ce00000| Untracked 
| 232|0x000000071d000000, 0x000000071d200000, 0x000000071d200000|100%| O|  |TAMS 0x000000071d000000| PB 0x000000071d000000| Untracked 
| 233|0x000000071d200000, 0x000000071d400000, 0x000000071d400000|100%| O|  |TAMS 0x000000071d200000| PB 0x000000071d200000| Untracked 
| 234|0x000000071d400000, 0x000000071d600000, 0x000000071d600000|100%| O|  |TAMS 0x000000071d400000| PB 0x000000071d400000| Untracked 
| 235|0x000000071d600000, 0x000000071d800000, 0x000000071d800000|100%| O|  |TAMS 0x000000071d600000| PB 0x000000071d600000| Untracked 
| 236|0x000000071d800000, 0x000000071da00000, 0x000000071da00000|100%| O|  |TAMS 0x000000071d800000| PB 0x000000071d800000| Untracked 
| 237|0x000000071da00000, 0x000000071dc00000, 0x000000071dc00000|100%| O|  |TAMS 0x000000071da00000| PB 0x000000071da00000| Untracked 
| 238|0x000000071dc00000, 0x000000071de00000, 0x000000071de00000|100%| O|  |TAMS 0x000000071dc00000| PB 0x000000071dc00000| Untracked 
| 239|0x000000071de00000, 0x000000071e000000, 0x000000071e000000|100%| O|  |TAMS 0x000000071de00000| PB 0x000000071de00000| Untracked 
| 240|0x000000071e000000, 0x000000071e200000, 0x000000071e200000|100%| O|  |TAMS 0x000000071e000000| PB 0x000000071e000000| Untracked 
| 241|0x000000071e200000, 0x000000071e400000, 0x000000071e400000|100%| O|  |TAMS 0x000000071e200000| PB 0x000000071e200000| Untracked 
| 242|0x000000071e400000, 0x000000071e600000, 0x000000071e600000|100%| O|  |TAMS 0x000000071e400000| PB 0x000000071e400000| Untracked 
| 243|0x000000071e600000, 0x000000071e800000, 0x000000071e800000|100%| O|  |TAMS 0x000000071e600000| PB 0x000000071e600000| Untracked 
| 244|0x000000071e800000, 0x000000071ea00000, 0x000000071ea00000|100%| O|  |TAMS 0x000000071e800000| PB 0x000000071e800000| Untracked 
| 245|0x000000071ea00000, 0x000000071ec00000, 0x000000071ec00000|100%| O|  |TAMS 0x000000071ea00000| PB 0x000000071ea00000| Untracked 
| 246|0x000000071ec00000, 0x000000071ee00000, 0x000000071ee00000|100%| O|  |TAMS 0x000000071ec00000| PB 0x000000071ec00000| Untracked 
| 247|0x000000071ee00000, 0x000000071f000000, 0x000000071f000000|100%| O|  |TAMS 0x000000071ee00000| PB 0x000000071ee00000| Untracked 
| 248|0x000000071f000000, 0x000000071f200000, 0x000000071f200000|100%| O|  |TAMS 0x000000071f000000| PB 0x000000071f000000| Untracked 
| 249|0x000000071f200000, 0x000000071f400000, 0x000000071f400000|100%| O|  |TAMS 0x000000071f200000| PB 0x000000071f200000| Untracked 
| 250|0x000000071f400000, 0x000000071f600000, 0x000000071f600000|100%| O|  |TAMS 0x000000071f400000| PB 0x000000071f400000| Untracked 
| 251|0x000000071f600000, 0x000000071f800000, 0x000000071f800000|100%| O|  |TAMS 0x000000071f600000| PB 0x000000071f600000| Untracked 
| 252|0x000000071f800000, 0x000000071fa00000, 0x000000071fa00000|100%| O|  |TAMS 0x000000071f800000| PB 0x000000071f800000| Untracked 
| 253|0x000000071fa00000, 0x000000071fc00000, 0x000000071fc00000|100%| O|  |TAMS 0x000000071fa00000| PB 0x000000071fa00000| Untracked 
| 254|0x000000071fc00000, 0x000000071fe00000, 0x000000071fe00000|100%| O|  |TAMS 0x000000071fc00000| PB 0x000000071fc00000| Untracked 
| 255|0x000000071fe00000, 0x0000000720000000, 0x0000000720000000|100%| O|  |TAMS 0x000000071fe00000| PB 0x000000071fe00000| Untracked 
| 256|0x0000000720000000, 0x0000000720200000, 0x0000000720200000|100%| O|  |TAMS 0x0000000720000000| PB 0x0000000720000000| Untracked 
| 257|0x0000000720200000, 0x0000000720400000, 0x0000000720400000|100%| O|  |TAMS 0x0000000720200000| PB 0x0000000720200000| Untracked 
| 258|0x0000000720400000, 0x0000000720600000, 0x0000000720600000|100%| O|  |TAMS 0x0000000720400000| PB 0x0000000720400000| Untracked 
| 259|0x0000000720600000, 0x0000000720800000, 0x0000000720800000|100%| O|  |TAMS 0x0000000720600000| PB 0x0000000720600000| Untracked 
| 260|0x0000000720800000, 0x0000000720a00000, 0x0000000720a00000|100%| O|  |TAMS 0x0000000720800000| PB 0x0000000720800000| Untracked 
| 261|0x0000000720a00000, 0x0000000720c00000, 0x0000000720c00000|100%| O|  |TAMS 0x0000000720a00000| PB 0x0000000720a00000| Untracked 
| 262|0x0000000720c00000, 0x0000000720e00000, 0x0000000720e00000|100%| O|  |TAMS 0x0000000720c00000| PB 0x0000000720c00000| Untracked 
| 263|0x0000000720e00000, 0x0000000721000000, 0x0000000721000000|100%| O|  |TAMS 0x0000000720e00000| PB 0x0000000720e00000| Untracked 
| 264|0x0000000721000000, 0x0000000721200000, 0x0000000721200000|100%| O|  |TAMS 0x0000000721000000| PB 0x0000000721000000| Untracked 
| 265|0x0000000721200000, 0x0000000721400000, 0x0000000721400000|100%| O|  |TAMS 0x0000000721200000| PB 0x0000000721200000| Untracked 
| 266|0x0000000721400000, 0x0000000721600000, 0x0000000721600000|100%| O|  |TAMS 0x0000000721400000| PB 0x0000000721400000| Untracked 
| 267|0x0000000721600000, 0x0000000721800000, 0x0000000721800000|100%| O|  |TAMS 0x0000000721600000| PB 0x0000000721600000| Untracked 
| 268|0x0000000721800000, 0x0000000721a00000, 0x0000000721a00000|100%| O|  |TAMS 0x0000000721800000| PB 0x0000000721800000| Untracked 
| 269|0x0000000721a00000, 0x0000000721c00000, 0x0000000721c00000|100%| O|  |TAMS 0x0000000721a00000| PB 0x0000000721a00000| Untracked 
| 270|0x0000000721c00000, 0x0000000721e00000, 0x0000000721e00000|100%| O|  |TAMS 0x0000000721c00000| PB 0x0000000721c00000| Untracked 
| 271|0x0000000721e00000, 0x0000000722000000, 0x0000000722000000|100%| O|  |TAMS 0x0000000721e00000| PB 0x0000000721e00000| Untracked 
| 272|0x0000000722000000, 0x0000000722200000, 0x0000000722200000|100%| O|  |TAMS 0x0000000722000000| PB 0x0000000722000000| Untracked 
| 273|0x0000000722200000, 0x0000000722400000, 0x0000000722400000|100%| O|  |TAMS 0x0000000722200000| PB 0x0000000722200000| Untracked 
| 274|0x0000000722400000, 0x0000000722600000, 0x0000000722600000|100%| O|  |TAMS 0x0000000722400000| PB 0x0000000722400000| Untracked 
| 275|0x0000000722600000, 0x0000000722800000, 0x0000000722800000|100%| O|  |TAMS 0x0000000722600000| PB 0x0000000722600000| Untracked 
| 276|0x0000000722800000, 0x0000000722a00000, 0x0000000722a00000|100%| O|  |TAMS 0x0000000722800000| PB 0x0000000722800000| Untracked 
| 277|0x0000000722a00000, 0x0000000722c00000, 0x0000000722c00000|100%| O|  |TAMS 0x0000000722a00000| PB 0x0000000722a00000| Untracked 
| 278|0x0000000722c00000, 0x0000000722e00000, 0x0000000722e00000|100%| O|  |TAMS 0x0000000722c00000| PB 0x0000000722c00000| Untracked 
| 279|0x0000000722e00000, 0x0000000722f00000, 0x0000000723000000| 50%| O|  |TAMS 0x0000000722e00000| PB 0x0000000722e00000| Untracked 
| 280|0x0000000723000000, 0x0000000723000000, 0x0000000723200000|  0%| F|  |TAMS 0x0000000723000000| PB 0x0000000723000000| Untracked 
| 281|0x0000000723200000, 0x0000000723200000, 0x0000000723400000|  0%| F|  |TAMS 0x0000000723200000| PB 0x0000000723200000| Untracked 
| 282|0x0000000723400000, 0x0000000723400000, 0x0000000723600000|  0%| F|  |TAMS 0x0000000723400000| PB 0x0000000723400000| Untracked 
| 283|0x0000000723600000, 0x0000000723600000, 0x0000000723800000|  0%| F|  |TAMS 0x0000000723600000| PB 0x0000000723600000| Untracked 
| 284|0x0000000723800000, 0x0000000723800000, 0x0000000723a00000|  0%| F|  |TAMS 0x0000000723800000| PB 0x0000000723800000| Untracked 
| 285|0x0000000723a00000, 0x0000000723a00000, 0x0000000723c00000|  0%| F|  |TAMS 0x0000000723a00000| PB 0x0000000723a00000| Untracked 
| 286|0x0000000723c00000, 0x0000000723c00000, 0x0000000723e00000|  0%| F|  |TAMS 0x0000000723c00000| PB 0x0000000723c00000| Untracked 
| 287|0x0000000723e00000, 0x0000000723e00000, 0x0000000724000000|  0%| F|  |TAMS 0x0000000723e00000| PB 0x0000000723e00000| Untracked 
| 288|0x0000000724000000, 0x0000000724000000, 0x0000000724200000|  0%| F|  |TAMS 0x0000000724000000| PB 0x0000000724000000| Untracked 
| 289|0x0000000724200000, 0x0000000724200000, 0x0000000724400000|  0%| F|  |TAMS 0x0000000724200000| PB 0x0000000724200000| Untracked 
| 290|0x0000000724400000, 0x0000000724400000, 0x0000000724600000|  0%| F|  |TAMS 0x0000000724400000| PB 0x0000000724400000| Untracked 
| 291|0x0000000724600000, 0x0000000724600000, 0x0000000724800000|  0%| F|  |TAMS 0x0000000724600000| PB 0x0000000724600000| Untracked 
| 292|0x0000000724800000, 0x0000000724800000, 0x0000000724a00000|  0%| F|  |TAMS 0x0000000724800000| PB 0x0000000724800000| Untracked 
| 293|0x0000000724a00000, 0x0000000724a00000, 0x0000000724c00000|  0%| F|  |TAMS 0x0000000724a00000| PB 0x0000000724a00000| Untracked 
| 294|0x0000000724c00000, 0x0000000724c00000, 0x0000000724e00000|  0%| F|  |TAMS 0x0000000724c00000| PB 0x0000000724c00000| Untracked 
| 295|0x0000000724e00000, 0x0000000724e00000, 0x0000000725000000|  0%| F|  |TAMS 0x0000000724e00000| PB 0x0000000724e00000| Untracked 
| 296|0x0000000725000000, 0x0000000725000000, 0x0000000725200000|  0%| F|  |TAMS 0x0000000725000000| PB 0x0000000725000000| Untracked 
| 297|0x0000000725200000, 0x0000000725200000, 0x0000000725400000|  0%| F|  |TAMS 0x0000000725200000| PB 0x0000000725200000| Untracked 
| 298|0x0000000725400000, 0x0000000725400000, 0x0000000725600000|  0%| F|  |TAMS 0x0000000725400000| PB 0x0000000725400000| Untracked 
| 299|0x0000000725600000, 0x0000000725600000, 0x0000000725800000|  0%| F|  |TAMS 0x0000000725600000| PB 0x0000000725600000| Untracked 
| 300|0x0000000725800000, 0x0000000725800000, 0x0000000725a00000|  0%| F|  |TAMS 0x0000000725800000| PB 0x0000000725800000| Untracked 
| 301|0x0000000725a00000, 0x0000000725a00000, 0x0000000725c00000|  0%| F|  |TAMS 0x0000000725a00000| PB 0x0000000725a00000| Untracked 
| 302|0x0000000725c00000, 0x0000000725c00000, 0x0000000725e00000|  0%| F|  |TAMS 0x0000000725c00000| PB 0x0000000725c00000| Untracked 
| 303|0x0000000725e00000, 0x0000000725e00000, 0x0000000726000000|  0%| F|  |TAMS 0x0000000725e00000| PB 0x0000000725e00000| Untracked 
| 304|0x0000000726000000, 0x0000000726000000, 0x0000000726200000|  0%| F|  |TAMS 0x0000000726000000| PB 0x0000000726000000| Untracked 
| 305|0x0000000726200000, 0x0000000726200000, 0x0000000726400000|  0%| F|  |TAMS 0x0000000726200000| PB 0x0000000726200000| Untracked 
| 306|0x0000000726400000, 0x0000000726400000, 0x0000000726600000|  0%| F|  |TAMS 0x0000000726400000| PB 0x0000000726400000| Untracked 
| 307|0x0000000726600000, 0x0000000726600000, 0x0000000726800000|  0%| F|  |TAMS 0x0000000726600000| PB 0x0000000726600000| Untracked 
| 308|0x0000000726800000, 0x0000000726800000, 0x0000000726a00000|  0%| F|  |TAMS 0x0000000726800000| PB 0x0000000726800000| Untracked 
| 309|0x0000000726a00000, 0x0000000726a00000, 0x0000000726c00000|  0%| F|  |TAMS 0x0000000726a00000| PB 0x0000000726a00000| Untracked 
| 310|0x0000000726c00000, 0x0000000726c00000, 0x0000000726e00000|  0%| F|  |TAMS 0x0000000726c00000| PB 0x0000000726c00000| Untracked 
| 311|0x0000000726e00000, 0x0000000726e00000, 0x0000000727000000|  0%| F|  |TAMS 0x0000000726e00000| PB 0x0000000726e00000| Untracked 
| 312|0x0000000727000000, 0x0000000727000000, 0x0000000727200000|  0%| F|  |TAMS 0x0000000727000000| PB 0x0000000727000000| Untracked 
| 313|0x0000000727200000, 0x0000000727200000, 0x0000000727400000|  0%| F|  |TAMS 0x0000000727200000| PB 0x0000000727200000| Untracked 
| 314|0x0000000727400000, 0x0000000727400000, 0x0000000727600000|  0%| F|  |TAMS 0x0000000727400000| PB 0x0000000727400000| Untracked 
| 315|0x0000000727600000, 0x0000000727600000, 0x0000000727800000|  0%| F|  |TAMS 0x0000000727600000| PB 0x0000000727600000| Untracked 
| 316|0x0000000727800000, 0x0000000727800000, 0x0000000727a00000|  0%| F|  |TAMS 0x0000000727800000| PB 0x0000000727800000| Untracked 
| 317|0x0000000727a00000, 0x0000000727a00000, 0x0000000727c00000|  0%| F|  |TAMS 0x0000000727a00000| PB 0x0000000727a00000| Untracked 
| 318|0x0000000727c00000, 0x0000000727c00000, 0x0000000727e00000|  0%| F|  |TAMS 0x0000000727c00000| PB 0x0000000727c00000| Untracked 
| 319|0x0000000727e00000, 0x0000000727e00000, 0x0000000728000000|  0%| F|  |TAMS 0x0000000727e00000| PB 0x0000000727e00000| Untracked 
| 320|0x0000000728000000, 0x0000000728000000, 0x0000000728200000|  0%| F|  |TAMS 0x0000000728000000| PB 0x0000000728000000| Untracked 
| 321|0x0000000728200000, 0x0000000728200000, 0x0000000728400000|  0%| F|  |TAMS 0x0000000728200000| PB 0x0000000728200000| Untracked 
| 322|0x0000000728400000, 0x0000000728400000, 0x0000000728600000|  0%| F|  |TAMS 0x0000000728400000| PB 0x0000000728400000| Untracked 
| 323|0x0000000728600000, 0x0000000728600000, 0x0000000728800000|  0%| F|  |TAMS 0x0000000728600000| PB 0x0000000728600000| Untracked 
| 324|0x0000000728800000, 0x0000000728800000, 0x0000000728a00000|  0%| F|  |TAMS 0x0000000728800000| PB 0x0000000728800000| Untracked 
| 325|0x0000000728a00000, 0x0000000728a00000, 0x0000000728c00000|  0%| F|  |TAMS 0x0000000728a00000| PB 0x0000000728a00000| Untracked 
| 326|0x0000000728c00000, 0x0000000728c00000, 0x0000000728e00000|  0%| F|  |TAMS 0x0000000728c00000| PB 0x0000000728c00000| Untracked 
| 327|0x0000000728e00000, 0x0000000728e00000, 0x0000000729000000|  0%| F|  |TAMS 0x0000000728e00000| PB 0x0000000728e00000| Untracked 
| 328|0x0000000729000000, 0x0000000729000000, 0x0000000729200000|  0%| F|  |TAMS 0x0000000729000000| PB 0x0000000729000000| Untracked 
| 329|0x0000000729200000, 0x0000000729200000, 0x0000000729400000|  0%| F|  |TAMS 0x0000000729200000| PB 0x0000000729200000| Untracked 
| 330|0x0000000729400000, 0x0000000729400000, 0x0000000729600000|  0%| F|  |TAMS 0x0000000729400000| PB 0x0000000729400000| Untracked 
| 331|0x0000000729600000, 0x0000000729600000, 0x0000000729800000|  0%| F|  |TAMS 0x0000000729600000| PB 0x0000000729600000| Untracked 
| 332|0x0000000729800000, 0x0000000729800000, 0x0000000729a00000|  0%| F|  |TAMS 0x0000000729800000| PB 0x0000000729800000| Untracked 
| 333|0x0000000729a00000, 0x0000000729a00000, 0x0000000729c00000|  0%| F|  |TAMS 0x0000000729a00000| PB 0x0000000729a00000| Untracked 
| 334|0x0000000729c00000, 0x0000000729c00000, 0x0000000729e00000|  0%| F|  |TAMS 0x0000000729c00000| PB 0x0000000729c00000| Untracked 
| 335|0x0000000729e00000, 0x0000000729e00000, 0x000000072a000000|  0%| F|  |TAMS 0x0000000729e00000| PB 0x0000000729e00000| Untracked 
| 336|0x000000072a000000, 0x000000072a000000, 0x000000072a200000|  0%| F|  |TAMS 0x000000072a000000| PB 0x000000072a000000| Untracked 
| 337|0x000000072a200000, 0x000000072a200000, 0x000000072a400000|  0%| F|  |TAMS 0x000000072a200000| PB 0x000000072a200000| Untracked 
| 338|0x000000072a400000, 0x000000072a600000, 0x000000072a600000|100%| S|CS|TAMS 0x000000072a400000| PB 0x000000072a400000| Complete 
| 339|0x000000072a600000, 0x000000072a800000, 0x000000072a800000|100%| S|CS|TAMS 0x000000072a600000| PB 0x000000072a600000| Complete 
| 340|0x000000072a800000, 0x000000072aa00000, 0x000000072aa00000|100%| S|CS|TAMS 0x000000072a800000| PB 0x000000072a800000| Complete 
| 341|0x000000072aa00000, 0x000000072ac00000, 0x000000072ac00000|100%| S|CS|TAMS 0x000000072aa00000| PB 0x000000072aa00000| Complete 
| 342|0x000000072ac00000, 0x000000072ae00000, 0x000000072ae00000|100%| S|CS|TAMS 0x000000072ac00000| PB 0x000000072ac00000| Complete 
| 343|0x000000072ae00000, 0x000000072ae00000, 0x000000072b000000|  0%| F|  |TAMS 0x000000072ae00000| PB 0x000000072ae00000| Untracked 
| 344|0x000000072b000000, 0x000000072b000000, 0x000000072b200000|  0%| F|  |TAMS 0x000000072b000000| PB 0x000000072b000000| Untracked 
| 345|0x000000072b200000, 0x000000072b200000, 0x000000072b400000|  0%| F|  |TAMS 0x000000072b200000| PB 0x000000072b200000| Untracked 
| 346|0x000000072b400000, 0x000000072b400000, 0x000000072b600000|  0%| F|  |TAMS 0x000000072b400000| PB 0x000000072b400000| Untracked 
| 347|0x000000072b600000, 0x000000072b600000, 0x000000072b800000|  0%| F|  |TAMS 0x000000072b600000| PB 0x000000072b600000| Untracked 
| 348|0x000000072b800000, 0x000000072b800000, 0x000000072ba00000|  0%| F|  |TAMS 0x000000072b800000| PB 0x000000072b800000| Untracked 
| 349|0x000000072ba00000, 0x000000072ba00000, 0x000000072bc00000|  0%| F|  |TAMS 0x000000072ba00000| PB 0x000000072ba00000| Untracked 
| 350|0x000000072bc00000, 0x000000072bc00000, 0x000000072be00000|  0%| F|  |TAMS 0x000000072bc00000| PB 0x000000072bc00000| Untracked 
| 351|0x000000072be00000, 0x000000072be00000, 0x000000072c000000|  0%| F|  |TAMS 0x000000072be00000| PB 0x000000072be00000| Untracked 
| 352|0x000000072c000000, 0x000000072c000000, 0x000000072c200000|  0%| F|  |TAMS 0x000000072c000000| PB 0x000000072c000000| Untracked 
| 353|0x000000072c200000, 0x000000072c200000, 0x000000072c400000|  0%| F|  |TAMS 0x000000072c200000| PB 0x000000072c200000| Untracked 
| 354|0x000000072c400000, 0x000000072c400000, 0x000000072c600000|  0%| F|  |TAMS 0x000000072c400000| PB 0x000000072c400000| Untracked 
| 355|0x000000072c600000, 0x000000072c600000, 0x000000072c800000|  0%| F|  |TAMS 0x000000072c600000| PB 0x000000072c600000| Untracked 
| 356|0x000000072c800000, 0x000000072c800000, 0x000000072ca00000|  0%| F|  |TAMS 0x000000072c800000| PB 0x000000072c800000| Untracked 
| 357|0x000000072ca00000, 0x000000072ca00000, 0x000000072cc00000|  0%| F|  |TAMS 0x000000072ca00000| PB 0x000000072ca00000| Untracked 
| 358|0x000000072cc00000, 0x000000072cc00000, 0x000000072ce00000|  0%| F|  |TAMS 0x000000072cc00000| PB 0x000000072cc00000| Untracked 
| 359|0x000000072ce00000, 0x000000072ce00000, 0x000000072d000000|  0%| F|  |TAMS 0x000000072ce00000| PB 0x000000072ce00000| Untracked 
| 360|0x000000072d000000, 0x000000072d000000, 0x000000072d200000|  0%| F|  |TAMS 0x000000072d000000| PB 0x000000072d000000| Untracked 
|2030|0x00000007fdc00000, 0x00000007fdc00000, 0x00000007fde00000|  0%| F|  |TAMS 0x00000007fdc00000| PB 0x00000007fdc00000| Untracked 
|2031|0x00000007fde00000, 0x00000007fde00000, 0x00000007fe000000|  0%| F|  |TAMS 0x00000007fde00000| PB 0x00000007fde00000| Untracked 
|2032|0x00000007fe000000, 0x00000007fe000000, 0x00000007fe200000|  0%| F|  |TAMS 0x00000007fe000000| PB 0x00000007fe000000| Untracked 
|2033|0x00000007fe200000, 0x00000007fe200000, 0x00000007fe400000|  0%| F|  |TAMS 0x00000007fe200000| PB 0x00000007fe200000| Untracked 
|2034|0x00000007fe400000, 0x00000007fe400000, 0x00000007fe600000|  0%| F|  |TAMS 0x00000007fe400000| PB 0x00000007fe400000| Untracked 
|2035|0x00000007fe600000, 0x00000007fe600000, 0x00000007fe800000|  0%| F|  |TAMS 0x00000007fe600000| PB 0x00000007fe600000| Untracked 
|2036|0x00000007fe800000, 0x00000007fe800000, 0x00000007fea00000|  0%| F|  |TAMS 0x00000007fe800000| PB 0x00000007fe800000| Untracked 
|2037|0x00000007fea00000, 0x00000007fea00000, 0x00000007fec00000|  0%| F|  |TAMS 0x00000007fea00000| PB 0x00000007fea00000| Untracked 
|2038|0x00000007fec00000, 0x00000007fec00000, 0x00000007fee00000|  0%| F|  |TAMS 0x00000007fec00000| PB 0x00000007fec00000| Untracked 
|2039|0x00000007fee00000, 0x00000007fee00000, 0x00000007ff000000|  0%| F|  |TAMS 0x00000007fee00000| PB 0x00000007fee00000| Untracked 
|2040|0x00000007ff000000, 0x00000007ff000000, 0x00000007ff200000|  0%| F|  |TAMS 0x00000007ff000000| PB 0x00000007ff000000| Untracked 
|2041|0x00000007ff200000, 0x00000007ff200000, 0x00000007ff400000|  0%| F|  |TAMS 0x00000007ff200000| PB 0x00000007ff200000| Untracked 
|2042|0x00000007ff400000, 0x00000007ff400000, 0x00000007ff600000|  0%| F|  |TAMS 0x00000007ff400000| PB 0x00000007ff400000| Untracked 
|2043|0x00000007ff600000, 0x00000007ff600000, 0x00000007ff800000|  0%| F|  |TAMS 0x00000007ff600000| PB 0x00000007ff600000| Untracked 
|2044|0x00000007ff800000, 0x00000007ff800000, 0x00000007ffa00000|  0%| F|  |TAMS 0x00000007ff800000| PB 0x00000007ff800000| Untracked 
|2045|0x00000007ffa00000, 0x00000007ffc00000, 0x00000007ffc00000|100%| O|  |TAMS 0x00000007ffa00000| PB 0x00000007ffa00000| Untracked 
|2046|0x00000007ffc00000, 0x00000007ffe00000, 0x00000007ffe00000|100%| O|  |TAMS 0x00000007ffc00000| PB 0x00000007ffc00000| Untracked 
|2047|0x00000007ffe00000, 0x00000007ffe00000, 0x0000000800000000|  0%| F|  |TAMS 0x00000007ffe00000| PB 0x00000007ffe00000| Untracked 

Card table byte_map: [0x00000204ae0f0000,0x00000204ae8f0000] _byte_map_base: 0x00000204aa8f0000

Marking Bits: (CMBitMap*) 0x000002049b7f3de0
 Bits: [0x00000204ae8f0000, 0x00000204b28f0000)

Polling page: 0x0000020499560000

Metaspace:

Usage:
  Non-class:    119.82 MB used.
      Class:     18.72 MB used.
       Both:    138.54 MB used.

Virtual space:
  Non-class space:      128.00 MB reserved,     120.94 MB ( 94%) committed,  2 nodes.
      Class space:      416.00 MB reserved,      19.81 MB (  5%) committed,  1 nodes.
             Both:      544.00 MB reserved,     140.75 MB ( 26%) committed. 

Chunk freelists:
   Non-Class:  6.28 MB
       Class:  12.05 MB
        Both:  18.33 MB

MaxMetaspaceSize: 512.00 MB
CompressedClassSpaceSize: 416.00 MB
Initial GC threshold: 21.00 MB
Current GC threshold: 234.62 MB
CDS: off
 - commit_granule_bytes: 65536.
 - commit_granule_words: 8192.
 - virtual_space_node_default_size: 8388608.
 - enlarge_chunks_in_place: 1.
 - use_allocation_guard: 0.


Internal statistics:

num_allocs_failed_limit: 6.
num_arena_births: 4348.
num_arena_deaths: 4.
num_vsnodes_births: 3.
num_vsnodes_deaths: 0.
num_space_committed: 2247.
num_space_uncommitted: 0.
num_chunks_returned_to_freelist: 12.
num_chunks_taken_from_freelist: 10276.
num_chunk_merges: 7.
num_chunk_splits: 6787.
num_chunks_enlarged: 4370.
num_inconsistent_stats: 0.

CodeHeap 'non-profiled nmethods': size=120000Kb used=12643Kb max_used=13921Kb free=107356Kb
 bounds [0x00000204a63c0000, 0x00000204a7160000, 0x00000204ad8f0000]
CodeHeap 'profiled nmethods': size=120000Kb used=30818Kb max_used=36112Kb free=89181Kb
 bounds [0x000002049e8f0000, 0x00000204a0c60000, 0x00000204a5e20000]
CodeHeap 'non-nmethods': size=5760Kb used=2758Kb max_used=2819Kb free=3001Kb
 bounds [0x00000204a5e20000, 0x00000204a60f0000, 0x00000204a63c0000]
CodeCache: size=245760Kb, used=46219Kb, max_used=52852Kb, free=199538Kb
 total_blobs=16973, nmethods=15942, adapters=935, full_count=0
Compilation: enabled, stopped_count=0, restarted_count=0

Compilation events (20 events):
Event: 176.939 Thread 0x00000204b90a2e00 21069       4       com.android.tools.r8.internal.lW::test (8 bytes)
Event: 176.940 Thread 0x00000204b90a2e00 nmethod 21069 0x00000204a6420910 code [0x00000204a6420aa0, 0x00000204a6420b50]
Event: 176.963 Thread 0x00000204b90a2e00 21070       4       com.android.tools.r8.graph.l1::c (62 bytes)
Event: 176.974 Thread 0x00000204b90a2e00 nmethod 21070 0x00000204a6417010 code [0x00000204a64171c0, 0x00000204a6417720]
Event: 176.980 Thread 0x00000204b90a2e00 21071       4       com.android.tools.r8.graph.w5::a (33 bytes)
Event: 176.982 Thread 0x00000204b90a2e00 nmethod 21071 0x00000204a6421790 code [0x00000204a6421920, 0x00000204a64219f8]
Event: 176.983 Thread 0x00000204b90a38a0 21072       3       com.android.tools.r8.dex.C::a (837 bytes)
Event: 177.003 Thread 0x00000204b90a38a0 nmethod 21072 0x000002049f056710 code [0x000002049f056f00, 0x000002049f05bc80]
Event: 177.039 Thread 0x00000204b90a38a0 21073       3       com.android.tools.r8.dex.code.X0::hashCode (21 bytes)
Event: 177.040 Thread 0x00000204b90a38a0 nmethod 21073 0x000002049e8f8d90 code [0x000002049e8f8f40, 0x000002049e8f9158]
Event: 177.057 Thread 0x00000204b90a38a0 21074       3       com.android.tools.r8.dex.code.B1::a (33 bytes)
Event: 177.058 Thread 0x00000204b90a38a0 nmethod 21074 0x000002049e905690 code [0x000002049e905840, 0x000002049e9059c8]
Event: 177.093 Thread 0x00000204b90a2e00 21075       4       com.android.tools.r8.dex.A::a (51 bytes)
Event: 177.143 Thread 0x00000204b90a2e00 nmethod 21075 0x00000204a6a5f090 code [0x00000204a6a5f2c0, 0x00000204a6a60078]
Event: 177.348 Thread 0x00000204b90a2e00 21076       4       com.android.tools.r8.graph.y2::b (8 bytes)
Event: 177.349 Thread 0x00000204b90a2e00 nmethod 21076 0x00000204a6435190 code [0x00000204a6435320, 0x00000204a64353c8]
Event: 177.353 Thread 0x00000204b90a2e00 21077       4       com.android.tools.r8.internal.iB::P (52 bytes)
Event: 177.355 Thread 0x00000204b90a2e00 nmethod 21077 0x00000204a6437310 code [0x00000204a64374a0, 0x00000204a6437538]
Event: 177.493 Thread 0x00000204b90a38a0 21078       3       com.android.tools.r8.dex.code.X0::<init> (20 bytes)
Event: 177.494 Thread 0x00000204b90a38a0 nmethod 21078 0x000002049ea1d690 code [0x000002049ea1d860, 0x000002049ea1dbc0]

GC Heap History (20 events):
Event: 132.462 GC heap after
{Heap after GC invocations=62 (full 0):
 garbage-first heap   total 352256K, used 213502K [0x0000000700000000, 0x0000000800000000)
  region size 2048K, 3 young (6144K), 3 survivors (6144K)
 Metaspace       used 129414K, committed 131584K, reserved 557056K
  class space    used 17387K, committed 18432K, reserved 425984K
}
Event: 137.445 GC heap before
{Heap before GC invocations=62 (full 0):
 garbage-first heap   total 352256K, used 305662K [0x0000000700000000, 0x0000000800000000)
  region size 2048K, 49 young (100352K), 3 survivors (6144K)
 Metaspace       used 131027K, committed 133248K, reserved 557056K
  class space    used 17559K, committed 18624K, reserved 425984K
}
Event: 137.475 GC heap after
{Heap after GC invocations=63 (full 0):
 garbage-first heap   total 477184K, used 183306K [0x0000000700000000, 0x0000000800000000)
  region size 2048K, 4 young (8192K), 4 survivors (8192K)
 Metaspace       used 131027K, committed 133248K, reserved 557056K
  class space    used 17559K, committed 18624K, reserved 425984K
}
Event: 149.044 GC heap before
{Heap before GC invocations=63 (full 0):
 garbage-first heap   total 477184K, used 474122K [0x0000000700000000, 0x0000000800000000)
  region size 2048K, 128 young (262144K), 4 survivors (8192K)
 Metaspace       used 133992K, committed 136192K, reserved 557056K
  class space    used 17924K, committed 18944K, reserved 425984K
}
Event: 149.116 GC heap after
{Heap after GC invocations=64 (full 0):
 garbage-first heap   total 499712K, used 230038K [0x0000000700000000, 0x0000000800000000)
  region size 2048K, 10 young (20480K), 10 survivors (20480K)
 Metaspace       used 133992K, committed 136192K, reserved 557056K
  class space    used 17924K, committed 18944K, reserved 425984K
}
Event: 153.445 GC heap before
{Heap before GC invocations=64 (full 0):
 garbage-first heap   total 499712K, used 418454K [0x0000000700000000, 0x0000000800000000)
  region size 2048K, 65 young (133120K), 10 survivors (20480K)
 Metaspace       used 138461K, committed 140672K, reserved 557056K
  class space    used 18533K, committed 19648K, reserved 425984K
}
Event: 153.525 GC heap after
{Heap after GC invocations=65 (full 0):
 garbage-first heap   total 499712K, used 317078K [0x0000000700000000, 0x0000000800000000)
  region size 2048K, 15 young (30720K), 15 survivors (30720K)
 Metaspace       used 138461K, committed 140672K, reserved 557056K
  class space    used 18533K, committed 19648K, reserved 425984K
}
Event: 153.603 GC heap before
{Heap before GC invocations=65 (full 0):
 garbage-first heap   total 499712K, used 349846K [0x0000000700000000, 0x0000000800000000)
  region size 2048K, 18 young (36864K), 15 survivors (30720K)
 Metaspace       used 138478K, committed 140736K, reserved 557056K
  class space    used 18536K, committed 19648K, reserved 425984K
}
Event: 153.666 GC heap after
{Heap after GC invocations=66 (full 0):
 garbage-first heap   total 499712K, used 310895K [0x0000000700000000, 0x0000000800000000)
  region size 2048K, 3 young (6144K), 3 survivors (6144K)
 Metaspace       used 138478K, committed 140736K, reserved 557056K
  class space    used 18536K, committed 19648K, reserved 425984K
}
Event: 160.997 GC heap before
{Heap before GC invocations=67 (full 0):
 garbage-first heap   total 591872K, used 487023K [0x0000000700000000, 0x0000000800000000)
  region size 2048K, 67 young (137216K), 3 survivors (6144K)
 Metaspace       used 138933K, committed 141184K, reserved 557056K
  class space    used 18606K, committed 19712K, reserved 425984K
}
Event: 161.194 GC heap after
{Heap after GC invocations=68 (full 0):
 garbage-first heap   total 591872K, used 370669K [0x0000000700000000, 0x0000000800000000)
  region size 2048K, 9 young (18432K), 9 survivors (18432K)
 Metaspace       used 138933K, committed 141184K, reserved 557056K
  class space    used 18606K, committed 19712K, reserved 425984K
}
Event: 166.493 GC heap before
{Heap before GC invocations=68 (full 0):
 garbage-first heap   total 591872K, used 514029K [0x0000000700000000, 0x0000000800000000)
  region size 2048K, 77 young (157696K), 9 survivors (18432K)
 Metaspace       used 141830K, committed 144064K, reserved 557056K
  class space    used 19169K, committed 20288K, reserved 425984K
}
Event: 166.868 GC heap after
{Heap after GC invocations=69 (full 0):
 garbage-first heap   total 591872K, used 412653K [0x0000000700000000, 0x0000000800000000)
  region size 2048K, 10 young (20480K), 10 survivors (20480K)
 Metaspace       used 141830K, committed 144064K, reserved 557056K
  class space    used 19169K, committed 20288K, reserved 425984K
}
Event: 171.393 GC heap before
{Heap before GC invocations=69 (full 0):
 garbage-first heap   total 591872K, used 510957K [0x0000000700000000, 0x0000000800000000)
  region size 2048K, 59 young (120832K), 10 survivors (20480K)
 Metaspace       used 141861K, committed 144128K, reserved 557056K
  class space    used 19170K, committed 20288K, reserved 425984K
}
Event: 171.747 GC heap after
{Heap after GC invocations=70 (full 0):
 garbage-first heap   total 591872K, used 466925K [0x0000000700000000, 0x0000000800000000)
  region size 2048K, 8 young (16384K), 8 survivors (16384K)
 Metaspace       used 141861K, committed 144128K, reserved 557056K
  class space    used 19170K, committed 20288K, reserved 425984K
}
Event: 174.913 GC heap before
{Heap before GC invocations=71 (full 0):
 garbage-first heap   total 776192K, used 526317K [0x0000000700000000, 0x0000000800000000)
  region size 2048K, 38 young (77824K), 8 survivors (16384K)
 Metaspace       used 141864K, committed 144128K, reserved 557056K
  class space    used 19170K, committed 20288K, reserved 425984K
}
Event: 175.075 GC heap after
{Heap after GC invocations=72 (full 0):
 garbage-first heap   total 776192K, used 499693K [0x0000000700000000, 0x0000000800000000)
  region size 2048K, 5 young (10240K), 5 survivors (10240K)
 Metaspace       used 141864K, committed 144128K, reserved 557056K
  class space    used 19170K, committed 20288K, reserved 425984K
}
Event: 176.612 GC heap before
{Heap before GC invocations=72 (full 0):
 garbage-first heap   total 776192K, used 585709K [0x0000000700000000, 0x0000000800000000)
  region size 2048K, 47 young (96256K), 5 survivors (10240K)
 Metaspace       used 141865K, committed 144128K, reserved 557056K
  class space    used 19170K, committed 20288K, reserved 425984K
}
Event: 176.824 GC heap after
{Heap after GC invocations=73 (full 0):
 garbage-first heap   total 776192K, used 545773K [0x0000000700000000, 0x0000000800000000)
  region size 2048K, 6 young (12288K), 6 survivors (12288K)
 Metaspace       used 141865K, committed 144128K, reserved 557056K
  class space    used 19170K, committed 20288K, reserved 425984K
}
Event: 177.549 GC heap before
{Heap before GC invocations=73 (full 0):
 garbage-first heap   total 776192K, used 613357K [0x0000000700000000, 0x0000000800000000)
  region size 2048K, 40 young (81920K), 6 survivors (12288K)
 Metaspace       used 141869K, committed 144128K, reserved 557056K
  class space    used 19170K, committed 20288K, reserved 425984K
}

Dll operation events (3 events):
Event: 0.036 Loaded shared library C:\Program Files\Android\Android Studio\jbr\bin\java.dll
Event: 0.054 Loaded shared library C:\Program Files\Android\Android Studio\jbr\bin\zip.dll
Event: 2.320 Loaded shared library C:\Program Files\Android\Android Studio\jbr\bin\verify.dll

Deoptimization events (20 events):
Event: 175.185 Thread 0x00000204bd765220 Uncommon trap: trap_request=0xffffff45 fr.pc=0x00000204a693a4a8 relative=0x0000000000008448
Event: 175.185 Thread 0x00000204bd765220 Uncommon trap: reason=unstable_if action=reinterpret pc=0x00000204a693a4a8 method=com.android.tools.r8.dex.code.O.a(IILcom/android/tools/r8/dex/code/C1;Lcom/android/tools/r8/graph/w5;)Lcom/android/tools/r8/dex/code/B1; @ 265 c2
Event: 175.185 Thread 0x00000204bd765220 DEOPT PACKING pc=0x00000204a693a4a8 sp=0x0000005f57afe950
Event: 175.185 Thread 0x00000204bd765220 DEOPT UNPACKING pc=0x00000204a5e7439c sp=0x0000005f57afe900 mode 2
Event: 176.308 Thread 0x00000204bd764b90 Uncommon trap: trap_request=0xffffffbe fr.pc=0x00000204a644bfbc relative=0x000000000000057c
Event: 176.308 Thread 0x00000204bd764b90 Uncommon trap: reason=profile_predicate action=maybe_recompile pc=0x00000204a644bfbc method=com.android.tools.r8.graph.G2.a(Lcom/android/tools/r8/internal/R2;Ljava/lang/String;)Z @ 19 c2
Event: 176.308 Thread 0x00000204bd764b90 DEOPT PACKING pc=0x00000204a644bfbc sp=0x0000005f577fea60
Event: 176.308 Thread 0x00000204bd764b90 DEOPT UNPACKING pc=0x00000204a5e7439c sp=0x0000005f577fe9f0 mode 2
Event: 176.308 Thread 0x00000204bd764b90 Uncommon trap: trap_request=0xffffffbe fr.pc=0x00000204a644bfbc relative=0x000000000000057c
Event: 176.308 Thread 0x00000204bd764b90 Uncommon trap: reason=profile_predicate action=maybe_recompile pc=0x00000204a644bfbc method=com.android.tools.r8.graph.G2.a(Lcom/android/tools/r8/internal/R2;Ljava/lang/String;)Z @ 19 c2
Event: 176.308 Thread 0x00000204bd764b90 DEOPT PACKING pc=0x00000204a644bfbc sp=0x0000005f577fea60
Event: 176.308 Thread 0x00000204bd764b90 DEOPT UNPACKING pc=0x00000204a5e7439c sp=0x0000005f577fe9f0 mode 2
Event: 176.309 Thread 0x00000204bd764b90 Uncommon trap: trap_request=0xffffffbe fr.pc=0x00000204a644bfbc relative=0x000000000000057c
Event: 176.309 Thread 0x00000204bd764b90 Uncommon trap: reason=profile_predicate action=maybe_recompile pc=0x00000204a644bfbc method=com.android.tools.r8.graph.G2.a(Lcom/android/tools/r8/internal/R2;Ljava/lang/String;)Z @ 19 c2
Event: 176.309 Thread 0x00000204bd764b90 DEOPT PACKING pc=0x00000204a644bfbc sp=0x0000005f577fea60
Event: 176.309 Thread 0x00000204bd764b90 DEOPT UNPACKING pc=0x00000204a5e7439c sp=0x0000005f577fe9f0 mode 2
Event: 176.309 Thread 0x00000204bd764b90 Uncommon trap: trap_request=0xffffffbe fr.pc=0x00000204a644bfbc relative=0x000000000000057c
Event: 176.309 Thread 0x00000204bd764b90 Uncommon trap: reason=profile_predicate action=maybe_recompile pc=0x00000204a644bfbc method=com.android.tools.r8.graph.G2.a(Lcom/android/tools/r8/internal/R2;Ljava/lang/String;)Z @ 19 c2
Event: 176.309 Thread 0x00000204bd764b90 DEOPT PACKING pc=0x00000204a644bfbc sp=0x0000005f577fea60
Event: 176.309 Thread 0x00000204bd764b90 DEOPT UNPACKING pc=0x00000204a5e7439c sp=0x0000005f577fe9f0 mode 2

Classes loaded (20 events):
Event: 163.403 Loading class java/util/concurrent/ForkJoinTask$InterruptibleTask done
Event: 163.403 Loading class java/util/concurrent/ForkJoinTask$AdaptedInterruptibleCallable done
Event: 163.403 Loading class java/util/concurrent/ForkJoinTask$Aux
Event: 163.404 Loading class java/util/concurrent/ForkJoinTask$Aux done
Event: 163.405 Loading class java/util/concurrent/ForkJoinPool$DefaultForkJoinWorkerThreadFactory$1
Event: 163.405 Loading class java/util/concurrent/ForkJoinPool$DefaultForkJoinWorkerThreadFactory$1 done
Event: 163.409 Loading class java/util/concurrent/CountedCompleter
Event: 163.410 Loading class java/util/concurrent/CountedCompleter done
Event: 163.486 Loading class java/lang/reflect/GenericSignatureFormatError
Event: 163.486 Loading class java/lang/reflect/GenericSignatureFormatError done
Event: 163.631 Loading class java/util/AbstractList$RandomAccessSubList
Event: 163.631 Loading class java/util/AbstractList$SubList
Event: 163.632 Loading class java/util/AbstractList$SubList done
Event: 163.632 Loading class java/util/AbstractList$RandomAccessSubList done
Event: 163.632 Loading class java/util/AbstractList$SubList$1
Event: 163.633 Loading class java/util/AbstractList$SubList$1 done
Event: 164.167 Loading class java/nio/ShortBuffer
Event: 164.168 Loading class java/nio/ShortBuffer done
Event: 164.169 Loading class java/nio/HeapShortBuffer
Event: 164.170 Loading class java/nio/HeapShortBuffer done

Classes unloaded (2 events):
Event: 130.421 Thread 0x00000204b4dc7360 Unloading class 0x000000080114e000 'java/lang/invoke/LambdaForm$DMH+0x000000080114e000'
Event: 130.421 Thread 0x00000204b4dc7360 Unloading class 0x000000080114dc00 'java/lang/invoke/LambdaForm$DMH+0x000000080114dc00'

Classes redefined (0 events):
No events

Internal exceptions (20 events):
Event: 164.354 Thread 0x00000204bd765220 Exception <a 'sun/nio/fs/WindowsException'{0x000000071dbc6f98}> (0x000000071dbc6f98) 
thrown [s\src\hotspot\share\prims\jni.cpp, line 537]
Event: 164.356 Thread 0x00000204bd765220 Exception <a 'sun/nio/fs/WindowsException'{0x000000071dbcf178}> (0x000000071dbcf178) 
thrown [s\src\hotspot\share\prims\jni.cpp, line 537]
Event: 164.360 Thread 0x00000204bd765220 Exception <a 'sun/nio/fs/WindowsException'{0x000000071dbd3a68}> (0x000000071dbd3a68) 
thrown [s\src\hotspot\share\prims\jni.cpp, line 537]
Event: 164.363 Thread 0x00000204bd765220 Exception <a 'sun/nio/fs/WindowsException'{0x000000071dbd97b0}> (0x000000071dbd97b0) 
thrown [s\src\hotspot\share\prims\jni.cpp, line 537]
Event: 164.366 Thread 0x00000204bd765220 Exception <a 'sun/nio/fs/WindowsException'{0x000000071dbe0f90}> (0x000000071dbe0f90) 
thrown [s\src\hotspot\share\prims\jni.cpp, line 537]
Event: 164.392 Thread 0x00000204bd765220 Exception <a 'sun/nio/fs/WindowsException'{0x000000071d824720}> (0x000000071d824720) 
thrown [s\src\hotspot\share\prims\jni.cpp, line 537]
Event: 164.401 Thread 0x00000204bd765220 Exception <a 'sun/nio/fs/WindowsException'{0x000000071d82b8a8}> (0x000000071d82b8a8) 
thrown [s\src\hotspot\share\prims\jni.cpp, line 537]
Event: 164.517 Thread 0x00000204bd765220 Exception <a 'sun/nio/fs/WindowsException'{0x000000071d9526e8}> (0x000000071d9526e8) 
thrown [s\src\hotspot\share\prims\jni.cpp, line 537]
Event: 164.539 Thread 0x00000204bd764b90 Exception <a 'sun/nio/fs/WindowsException'{0x000000071d9b5258}> (0x000000071d9b5258) 
thrown [s\src\hotspot\share\prims\jni.cpp, line 537]
Event: 164.546 Thread 0x00000204bd764b90 Exception <a 'sun/nio/fs/WindowsException'{0x000000071d9bf6b0}> (0x000000071d9bf6b0) 
thrown [s\src\hotspot\share\prims\jni.cpp, line 537]
Event: 165.179 Thread 0x00000204bd761da0 Exception <a 'sun/nio/fs/WindowsException'{0x000000071d038028}> (0x000000071d038028) 
thrown [s\src\hotspot\share\prims\jni.cpp, line 537]
Event: 165.339 Thread 0x00000204bd764b90 Exception <a 'sun/nio/fs/WindowsException'{0x000000071d1b51a8}> (0x000000071d1b51a8) 
thrown [s\src\hotspot\share\prims\jni.cpp, line 537]
Event: 165.343 Thread 0x00000204bd764b90 Exception <a 'sun/nio/fs/WindowsException'{0x000000071d1bf1c8}> (0x000000071d1bf1c8) 
thrown [s\src\hotspot\share\prims\jni.cpp, line 537]
Event: 166.155 Thread 0x00000204bd761da0 Exception <a 'sun/nio/fs/WindowsException'{0x000000071be635e8}> (0x000000071be635e8) 
thrown [s\src\hotspot\share\prims\jni.cpp, line 537]
Event: 166.158 Thread 0x00000204bd761da0 Exception <a 'sun/nio/fs/WindowsException'{0x000000071bed9688}> (0x000000071bed9688) 
thrown [s\src\hotspot\share\prims\jni.cpp, line 537]
Event: 168.050 Thread 0x00000204bb4a0350 Exception <a 'sun/nio/fs/WindowsException'{0x00000007fe0aba10}> (0x00000007fe0aba10) 
thrown [s\src\hotspot\share\prims\jni.cpp, line 537]
Event: 168.055 Thread 0x00000204bb4a0350 Exception <a 'sun/nio/fs/WindowsException'{0x00000007fe12b860}> (0x00000007fe12b860) 
thrown [s\src\hotspot\share\prims\jni.cpp, line 537]
Event: 168.055 Thread 0x00000204bb4a0350 Exception <a 'sun/nio/fs/WindowsException'{0x00000007fe12cd28}> (0x00000007fe12cd28) 
thrown [s\src\hotspot\share\prims\jni.cpp, line 537]
Event: 168.060 Thread 0x00000204bb4a0350 Exception <a 'sun/nio/fs/WindowsException'{0x00000007fe163180}> (0x00000007fe163180) 
thrown [s\src\hotspot\share\prims\jni.cpp, line 537]
Event: 170.908 Thread 0x00000204bd764b90 Exception <a 'sun/nio/fs/WindowsException'{0x000000071ef16028}> (0x000000071ef16028) 
thrown [s\src\hotspot\share\prims\jni.cpp, line 537]

ZGC Phase Switch (0 events):
No events

VM Operations (20 events):
Event: 168.961 Executing VM operation: Cleanup done
Event: 169.962 Executing VM operation: Cleanup
Event: 170.008 Executing VM operation: Cleanup done
Event: 171.021 Executing VM operation: Cleanup
Event: 171.037 Executing VM operation: Cleanup done
Event: 171.374 Executing VM operation: G1CollectForAllocation (G1 Evacuation Pause)
Event: 171.748 Executing VM operation: G1CollectForAllocation (G1 Evacuation Pause) done
Event: 172.758 Executing VM operation: Cleanup
Event: 172.773 Executing VM operation: Cleanup done
Event: 173.227 Executing VM operation: G1PauseRemark
Event: 173.289 Executing VM operation: G1PauseRemark done
Event: 174.283 Executing VM operation: G1PauseCleanup
Event: 174.355 Executing VM operation: G1PauseCleanup done
Event: 174.892 Executing VM operation: G1CollectForAllocation (G1 Evacuation Pause)
Event: 175.075 Executing VM operation: G1CollectForAllocation (G1 Evacuation Pause) done
Event: 176.084 Executing VM operation: Cleanup
Event: 176.098 Executing VM operation: Cleanup done
Event: 176.591 Executing VM operation: G1CollectForAllocation (G1 Evacuation Pause)
Event: 176.825 Executing VM operation: G1CollectForAllocation (G1 Evacuation Pause) done
Event: 177.549 Executing VM operation: G1CollectForAllocation (G1 Evacuation Pause)

Memory protections (0 events):
No events

Nmethod flushes (20 events):
Event: 173.279 Thread 0x00000204b4dc7360 flushing  nmethod 0x000002049f7dc210
Event: 173.279 Thread 0x00000204b4dc7360 flushing  nmethod 0x000002049f815210
Event: 173.279 Thread 0x00000204b4dc7360 flushing  nmethod 0x000002049f815f90
Event: 173.279 Thread 0x00000204b4dc7360 flushing  nmethod 0x000002049f829590
Event: 173.279 Thread 0x00000204b4dc7360 flushing  nmethod 0x000002049f87b510
Event: 173.279 Thread 0x00000204b4dc7360 flushing  nmethod 0x000002049f87bb10
Event: 173.279 Thread 0x00000204b4dc7360 flushing  nmethod 0x000002049f898490
Event: 173.279 Thread 0x00000204b4dc7360 flushing  nmethod 0x000002049fa2bd10
Event: 173.279 Thread 0x00000204b4dc7360 flushing  nmethod 0x000002049fa30c90
Event: 173.279 Thread 0x00000204b4dc7360 flushing  nmethod 0x000002049faa6b10
Event: 173.279 Thread 0x00000204b4dc7360 flushing  nmethod 0x00000204a088a510
Event: 173.279 Thread 0x00000204b4dc7360 flushing  nmethod 0x00000204a0970790
Event: 173.279 Thread 0x00000204b4dc7360 flushing  nmethod 0x00000204a0975390
Event: 173.279 Thread 0x00000204b4dc7360 flushing  nmethod 0x00000204a09fe190
Event: 173.279 Thread 0x00000204b4dc7360 flushing  nmethod 0x00000204a09fec10
Event: 173.279 Thread 0x00000204b4dc7360 flushing  nmethod 0x00000204a0a70790
Event: 173.279 Thread 0x00000204b4dc7360 flushing  nmethod 0x00000204a0a77710
Event: 173.279 Thread 0x00000204b4dc7360 flushing  nmethod 0x00000204a0a77c90
Event: 173.279 Thread 0x00000204b4dc7360 flushing  nmethod 0x00000204a0ab5710
Event: 173.279 Thread 0x00000204b4dc7360 flushing osr nmethod 0x00000204a0b38e10

Events (20 events):
Event: 150.666 Thread 0x00000204b90a38a0 Thread added: 0x00000204bc01adf0
Event: 151.672 Thread 0x00000204b4c7e450 Thread added: 0x00000204b4c7ca10
Event: 151.774 Thread 0x00000204b4c7e450 Thread added: 0x00000204b4c81f60
Event: 151.774 Thread 0x00000204b4c7e450 Thread added: 0x00000204b4c825f0
Event: 153.173 Thread 0x00000204bc01adf0 Thread exited: 0x00000204bc01adf0
Event: 155.904 Thread 0x00000204bc31ab10 Thread added: 0x00000204bd767980
Event: 155.904 Thread 0x00000204bc31ab10 Thread added: 0x00000204bd76a770
Event: 156.290 Thread 0x00000204b90a2e00 Thread added: 0x00000204bc015c30
Event: 156.905 Thread 0x00000204bc015c30 Thread exited: 0x00000204bc015c30
Event: 157.165 Thread 0x00000204b90a38a0 Thread added: 0x00000204bc015c30
Event: 157.858 Thread 0x00000204bc015c30 Thread exited: 0x00000204bc015c30
Event: 158.249 Thread 0x00000204b90a38a0 Thread added: 0x00000204bc018510
Event: 161.286 Thread 0x00000204bde88190 Thread added: 0x00000204bd763e70
Event: 161.537 Thread 0x00000204bc018510 Thread exited: 0x00000204bc018510
Event: 163.406 Thread 0x00000204bc31cbe0 Thread added: 0x00000204bd764b90
Event: 163.408 Thread 0x00000204bc31cbe0 Thread added: 0x00000204bd761da0
Event: 163.409 Thread 0x00000204bd764b90 Thread added: 0x00000204bd765220
Event: 163.411 Thread 0x00000204bd765220 Thread added: 0x00000204bd762ac0
Event: 164.299 Thread 0x00000204b90a38a0 Thread added: 0x00000204bc018510
Event: 164.749 Thread 0x00000204bc31ab10 Thread exited: 0x00000204bc31ab10


Dynamic libraries:
0x00007ff6dd460000 - 0x00007ff6dd46a000 	C:\Program Files\Android\Android Studio\jbr\bin\java.exe
0x00007fff6d8c0000 - 0x00007fff6db28000 	C:\WINDOWS\SYSTEM32\ntdll.dll
0x00007fff6b710000 - 0x00007fff6b7d9000 	C:\WINDOWS\System32\KERNEL32.DLL
0x00007fff6ad80000 - 0x00007fff6b16d000 	C:\WINDOWS\System32\KERNELBASE.dll
0x00007fff6b2c0000 - 0x00007fff6b40b000 	C:\WINDOWS\System32\ucrtbase.dll
0x00007fff58ce0000 - 0x00007fff58cfb000 	C:\Program Files\Android\Android Studio\jbr\bin\VCRUNTIME140.dll
0x00007fff39f80000 - 0x00007fff39f98000 	C:\Program Files\Android\Android Studio\jbr\bin\jli.dll
0x00007fff6c140000 - 0x00007fff6c30c000 	C:\WINDOWS\System32\USER32.dll
0x00007fff6b630000 - 0x00007fff6b657000 	C:\WINDOWS\System32\win32u.dll
0x00007fff49b40000 - 0x00007fff49dda000 	C:\WINDOWS\WinSxS\amd64_microsoft.windows.common-controls_6595b64144ccf1df_6.0.26100.4484_none_3e0e6d4ce32ef3b3\COMCTL32.dll
0x00007fff6d820000 - 0x00007fff6d84b000 	C:\WINDOWS\System32\GDI32.dll
0x00007fff6c000000 - 0x00007fff6c0a9000 	C:\WINDOWS\System32\msvcrt.dll
0x00007fff6ac40000 - 0x00007fff6ad77000 	C:\WINDOWS\System32\gdi32full.dll
0x00007fff6ab90000 - 0x00007fff6ac33000 	C:\WINDOWS\System32\msvcp_win.dll
0x00007fff6ce10000 - 0x00007fff6ce3f000 	C:\WINDOWS\System32\IMM32.DLL
0x00007fff59cd0000 - 0x00007fff59cdc000 	C:\Program Files\Android\Android Studio\jbr\bin\vcruntime140_1.dll
0x00007fff0ff10000 - 0x00007fff0ff9d000 	C:\Program Files\Android\Android Studio\jbr\bin\msvcp140.dll
0x00007fff15f10000 - 0x00007fff16ba6000 	C:\Program Files\Android\Android Studio\jbr\bin\server\jvm.dll
0x00007fff6d6b0000 - 0x00007fff6d764000 	C:\WINDOWS\System32\ADVAPI32.dll
0x00007fff6c6c0000 - 0x00007fff6c766000 	C:\WINDOWS\System32\sechost.dll
0x00007fff6ca20000 - 0x00007fff6cb38000 	C:\WINDOWS\System32\RPCRT4.dll
0x00007fff6c640000 - 0x00007fff6c6b4000 	C:\WINDOWS\System32\WS2_32.dll
0x00007fff6a860000 - 0x00007fff6a8be000 	C:\WINDOWS\SYSTEM32\POWRPROF.dll
0x00007fff4db50000 - 0x00007fff4db85000 	C:\WINDOWS\SYSTEM32\WINMM.dll
0x00007fff59f70000 - 0x00007fff59f7b000 	C:\WINDOWS\SYSTEM32\VERSION.dll
0x00007fff6a840000 - 0x00007fff6a854000 	C:\WINDOWS\SYSTEM32\UMPDC.dll
0x00007fff697b0000 - 0x00007fff697cb000 	C:\WINDOWS\SYSTEM32\kernel.appcore.dll
0x00007fff58ef0000 - 0x00007fff58efa000 	C:\Program Files\Android\Android Studio\jbr\bin\jimage.dll
0x00007fff68170000 - 0x00007fff683b1000 	C:\WINDOWS\SYSTEM32\DBGHELP.DLL
0x00007fff6bc70000 - 0x00007fff6bff6000 	C:\WINDOWS\System32\combase.dll
0x00007fff6cb40000 - 0x00007fff6cc20000 	C:\WINDOWS\System32\OLEAUT32.dll
0x00007fff48e30000 - 0x00007fff48e73000 	C:\WINDOWS\SYSTEM32\dbgcore.DLL
0x00007fff6b410000 - 0x00007fff6b4a9000 	C:\WINDOWS\System32\bcryptPrimitives.dll
0x00007fff42900000 - 0x00007fff4290e000 	C:\Program Files\Android\Android Studio\jbr\bin\instrument.dll
0x00007fff580f0000 - 0x00007fff58110000 	C:\Program Files\Android\Android Studio\jbr\bin\java.dll
0x00007fff580d0000 - 0x00007fff580e8000 	C:\Program Files\Android\Android Studio\jbr\bin\zip.dll
0x00007fff6ce60000 - 0x00007fff6d5aa000 	C:\WINDOWS\System32\SHELL32.dll
0x00007fff6b4b0000 - 0x00007fff6b624000 	C:\WINDOWS\System32\wintypes.dll
0x00007fff68640000 - 0x00007fff68e9b000 	C:\WINDOWS\SYSTEM32\windows.storage.dll
0x00007fff6d5b0000 - 0x00007fff6d6a5000 	C:\WINDOWS\System32\SHCORE.dll
0x00007fff6c3a0000 - 0x00007fff6c40a000 	C:\WINDOWS\System32\shlwapi.dll
0x00007fff6a920000 - 0x00007fff6a94f000 	C:\WINDOWS\SYSTEM32\profapi.dll
0x00007fff57f60000 - 0x00007fff57f70000 	C:\Program Files\Android\Android Studio\jbr\bin\net.dll
0x00007fff5ba20000 - 0x00007fff5bb3e000 	C:\WINDOWS\SYSTEM32\WINHTTP.dll
0x00007fff69d40000 - 0x00007fff69daa000 	C:\WINDOWS\system32\mswsock.dll
0x00007fff57f40000 - 0x00007fff57f56000 	C:\Program Files\Android\Android Studio\jbr\bin\nio.dll
0x00007fff57d40000 - 0x00007fff57d50000 	C:\Program Files\Android\Android Studio\jbr\bin\verify.dll
0x00007fff3b7f0000 - 0x00007fff3b817000 	C:\Users\sofia\.gradle\native\c067742578af261105cb4f569cf0c3c89f3d7b1fecec35dd04571415982c5e48\windows-amd64\native-platform.dll
0x00007ffed6ee0000 - 0x00007ffed7024000 	C:\Users\sofia\.gradle\native\38dada09dfb8b06ba9b0570ebf7e218e3eb74d4ef43ca46872605cf95ebc2f47\windows-amd64\native-platform-file-events.dll
0x00007fff57620000 - 0x00007fff57629000 	C:\Program Files\Android\Android Studio\jbr\bin\management.dll
0x00007fff51ff0000 - 0x00007fff51ffb000 	C:\Program Files\Android\Android Studio\jbr\bin\management_ext.dll
0x00007fff6c390000 - 0x00007fff6c398000 	C:\WINDOWS\System32\PSAPI.DLL
0x00007fff69ff0000 - 0x00007fff6a00b000 	C:\WINDOWS\SYSTEM32\CRYPTSP.dll
0x00007fff69710000 - 0x00007fff6974b000 	C:\WINDOWS\system32\rsaenh.dll
0x00007fff69de0000 - 0x00007fff69e0b000 	C:\WINDOWS\SYSTEM32\USERENV.dll
0x00007fff6a8f0000 - 0x00007fff6a916000 	C:\WINDOWS\SYSTEM32\bcrypt.dll
0x00007fff6a010000 - 0x00007fff6a01c000 	C:\WINDOWS\SYSTEM32\CRYPTBASE.dll
0x00007fff69240000 - 0x00007fff69273000 	C:\WINDOWS\SYSTEM32\IPHLPAPI.DLL
0x00007fff6cda0000 - 0x00007fff6cdaa000 	C:\WINDOWS\System32\NSI.dll
0x00007fff57f30000 - 0x00007fff57f39000 	C:\Program Files\Android\Android Studio\jbr\bin\extnet.dll
0x00007fff06ba0000 - 0x00007fff06ba8000 	C:\WINDOWS\system32\wshunix.dll
0x00007fff4bdd0000 - 0x00007fff4bde8000 	C:\WINDOWS\system32\napinsp.dll
0x00007fff69310000 - 0x00007fff69436000 	C:\WINDOWS\SYSTEM32\DNSAPI.dll
0x00007fff4bd80000 - 0x00007fff4bd92000 	C:\WINDOWS\System32\winrnr.dll
0x00007fff43ed0000 - 0x00007fff43f00000 	C:\WINDOWS\system32\nlansp_c.dll
0x00007fff5cb30000 - 0x00007fff5cb50000 	C:\WINDOWS\system32\wshbth.dll
0x00007fff59d80000 - 0x00007fff59d8b000 	C:\Windows\System32\rasadhlp.dll
0x00007fff5b0a0000 - 0x00007fff5b126000 	C:\WINDOWS\System32\fwpuclnt.dll
0x00007fff698e0000 - 0x00007fff69916000 	C:\WINDOWS\SYSTEM32\ntmarta.dll

JVMTI agents:
C:\Users\sofia\.gradle\wrapper\dists\gradle-8.6-bin\afr5mpiioh2wthjmwnkmdsd5w\gradle-8.6\lib\agents\gradle-instrumentation-agent-8.6.jar path:C:\Program Files\Android\Android Studio\jbr\bin\instrument.dll, loaded, initialized, instrumentlib options:none

dbghelp: loaded successfully - version: 4.0.5 - missing functions: none
symbol engine: initialized successfully - sym options: 0x614 - pdb path: .;C:\Program Files\Android\Android Studio\jbr\bin;C:\WINDOWS\SYSTEM32;C:\WINDOWS\WinSxS\amd64_microsoft.windows.common-controls_6595b64144ccf1df_6.0.26100.4484_none_3e0e6d4ce32ef3b3;C:\Program Files\Android\Android Studio\jbr\bin\server;C:\Users\sofia\.gradle\native\c067742578af261105cb4f569cf0c3c89f3d7b1fecec35dd04571415982c5e48\windows-amd64;C:\Users\sofia\.gradle\native\38dada09dfb8b06ba9b0570ebf7e218e3eb74d4ef43ca46872605cf95ebc2f47\windows-amd64

VM Arguments:
jvm_args: -XX:MaxMetaspaceSize=512m --add-opens=java.base/java.util=ALL-UNNAMED --add-opens=java.base/java.lang=ALL-UNNAMED --add-opens=java.base/java.lang.invoke=ALL-UNNAMED --add-opens=java.prefs/java.util.prefs=ALL-UNNAMED --add-opens=java.base/java.nio.charset=ALL-UNNAMED --add-opens=java.base/java.net=ALL-UNNAMED --add-opens=java.base/java.util.concurrent.atomic=ALL-UNNAMED -Xmx4096m -Dfile.encoding=UTF-8 -Duser.country=MX -Duser.language=es -Duser.variant -javaagent:C:\Users\sofia\.gradle\wrapper\dists\gradle-8.6-bin\afr5mpiioh2wthjmwnkmdsd5w\gradle-8.6\lib\agents\gradle-instrumentation-agent-8.6.jar 
java_command: org.gradle.launcher.daemon.bootstrap.GradleDaemon 8.6
java_class_path (initial): C:\Users\sofia\.gradle\wrapper\dists\gradle-8.6-bin\afr5mpiioh2wthjmwnkmdsd5w\gradle-8.6\lib\gradle-launcher-8.6.jar
Launcher Type: SUN_STANDARD

[Global flags]
     intx CICompilerCount                          = 3                                         {product} {ergonomic}
   size_t CompressedClassSpaceSize                 = 436207616                                 {product} {ergonomic}
     uint ConcGCThreads                            = 1                                         {product} {ergonomic}
     uint G1ConcRefinementThreads                  = 4                                         {product} {ergonomic}
   size_t G1HeapRegionSize                         = 2097152                                   {product} {ergonomic}
    uintx GCDrainStackTargetSize                   = 64                                        {product} {ergonomic}
   size_t InitialHeapSize                          = 132120576                                 {product} {ergonomic}
   size_t MarkStackSize                            = 4194304                                   {product} {ergonomic}
   size_t MaxHeapSize                              = 4294967296                                {product} {command line}
   size_t MaxMetaspaceSize                         = 536870912                                 {product} {command line}
   size_t MaxNewSize                               = 2575302656                                {product} {ergonomic}
   size_t MinHeapDeltaBytes                        = 2097152                                   {product} {ergonomic}
   size_t MinHeapSize                              = 8388608                                   {product} {ergonomic}
    uintx NonNMethodCodeHeapSize                   = 5832780                                {pd product} {ergonomic}
    uintx NonProfiledCodeHeapSize                  = 122912730                              {pd product} {ergonomic}
    uintx ProfiledCodeHeapSize                     = 122912730                              {pd product} {ergonomic}
    uintx ReservedCodeCacheSize                    = 251658240                              {pd product} {ergonomic}
     bool SegmentedCodeCache                       = true                                      {product} {ergonomic}
   size_t SoftMaxHeapSize                          = 4294967296                             {manageable} {ergonomic}
     bool UseCompressedOops                        = true                           {product lp64_product} {ergonomic}
     bool UseG1GC                                  = true                                      {product} {ergonomic}
     bool UseLargePagesIndividualAllocation        = false                                  {pd product} {ergonomic}

Logging:
Log output configuration:
 #0: stdout all=warning uptime,level,tags foldmultilines=false
 #1: stderr all=off uptime,level,tags foldmultilines=false

Release file:
JAVA_VERSION="21.0.9" 
MODULES="java.base java.compiler java.datatransfer java.xml java.prefs java.desktop java.instrument java.logging java.management java.security.sasl java.naming java.rmi java.management.rmi java.net.http java.scripting java.security.jgss java.transaction.xa java.sql java.sql.rowset java.xml.crypto java.se java.smartcardio jdk.accessibility jdk.internal.jvmstat jdk.attach jdk.charsets jdk.internal.opt jdk.zipfs jdk.compiler jdk.crypto.ec jdk.crypto.cryptoki jdk.dynalink jdk.hotspot.agent jdk.httpserver jdk.internal.ed jdk.internal.le jdk.internal.vm.ci jdk.jartool jdk.javadoc jdk.jcmd jdk.jdeps jdk.jdwp.agent jdk.jdi jdk.jfr jdk.jlink jdk.jsobject jdk.localedata jdk.management jdk.management.agent jdk.management.jfr jdk.naming.dns jdk.naming.rmi jdk.net jdk.sctp jdk.security.auth jdk.security.jgss jdk.unsupported jdk.unsupported.desktop jdk.xml.dom" 
IMPLEMENTOR="JetBrains s.r.o." 
JAVA_RUNTIME_VERSION="21.0.9+-14787801-b1163.94" 
LIBC="default" 
OS_ARCH="x86_64" 
OS_NAME="Windows" 
SOURCE=".:git:0c757ddc9f2f" 

Environment Variables:
JAVA_HOME=C:\Program Files\Java\jdk-17\bin
PATH=C:\Users\sofia\Downloads\jdk-21_windows-x64_bin\jdk-21.0.1\bin;C:\windows;C:\windows\System32\Wbem;C:\windows\System32\WindowsPowerShell\v1.0\;C:\windows\System32\OpenSSH\;C:\Program Files\Java\jdk-17\bin;C:\Windows\System32;C:\ProgramData\chocolatey\bin;C:\Program Files\dotnet\;C:\Program Files\Git\cmd;C:\WINDOWS\system32;C:\WINDOWS;C:\WINDOWS\System32\Wbem;C:\WINDOWS\System32\WindowsPowerShell\v1.0\;C:\WINDOWS\System32\OpenSSH\;C:\Program Files\Graphviz\bin\bin;C:\Program Files\Graphviz\bin\bin;C:\Users\sofia\Downloads\kotlin-compiler-2.1.21\kotlinc\bin;C:\Program Files (x86)\Microsoft SQL Server\160\Tools\Binn\;C:\Program Files\Microsoft SQL Server\160\Tools\Binn\;C:\Program Files\Microsoft SQL Server\Client SDK\ODBC\170\Tools\Binn\;C:\Program Files\Microsoft SQL Server\160\DTS\Binn\;C:\Program Files\nodejs\;C:\Program Files\Docker\Docker\resources\bin;C:\Users\sofia\AppData\Local\Programs\Python\Python310\Scripts\;C:\Users\sofia\AppData\Local\Programs\Python\Python310\;C:\Users\sofia\AppData\Local\Programs\Python\Python312\Scripts\;C:\Users\sofia\AppData\Local\Programs\Python\Python312\;C:\Users\sofia\AppData\Local\Programs\Python\Launcher\;C:\Users\sofia\AppData\Local\Microsoft\WindowsApps;;C:\Users\sofia\AppData\Local\Programs\Microsoft VS Code\bin;C:\Users\sofia\.dotnet\tools;C:\Users\sofia\AppData\Roaming\npm;C:\Users\sofia\AppData\Local\spicetify;C:\Users\sofia\AppData\Local\Programs\Antigravity\bin;C:\Users\sofia\AppData\Local\Programs\Antigravity IDE\bin
USERNAME=sofia
OS=Windows_NT
PROCESSOR_IDENTIFIER=Intel64 Family 6 Model 122 Stepping 8, GenuineIntel
TMP=C:\Users\sofia\AppData\Local\Temp
TEMP=C:\Users\sofia\AppData\Local\Temp




Periodic native trim disabled

JNI global refs:
JNI global refs: 27, weak refs: 0

JNI global refs memory usage: 835, weak refs: 833

Process memory usage:
Resident Set Size: 1099068K (13% of 8197608K total physical memory with 537340K free physical memory)

OOME stack traces (most recent first):
Classloader memory used:
Loader org.gradle.internal.classloader.VisitableURLClassLoader$InstrumentingVisitableURLClassLoader: 53264K
Loader org.gradle.internal.classloader.VisitableURLClassLoader                         : 43599K
Loader bootstrap                                                                       : 31631K
Loader org.gradle.initialization.MixInLegacyTypesClassLoader                           : 11688K
Loader jdk.internal.loader.ClassLoaders$PlatformClassLoader                            : 576K
Loader jdk.internal.reflect.DelegatingClassLoader                                      : 530K
Loader jdk.internal.loader.ClassLoaders$AppClassLoader                                 : 230K
Loader org.gradle.internal.classloader.VisitableURLClassLoader                         : 178K
Loader org.gradle.groovy.scripts.internal.DefaultScriptCompilationHandler$ScriptClassLoader: 139K
Loader org.codehaus.groovy.runtime.callsite.CallSiteClassLoader                        : 27632B
Loader sun.reflect.misc.MethodUtil                                                     : 2984B

Classes loaded by more than one classloader:
Class Program                                                                         : loaded 5 times (x 72B)
Class Build_gradle                                                                    : loaded 3 times (x 130B)
Class Build_gradle$1                                                                  : loaded 3 times (x 74B)
Class com.google.common.collect.RegularImmutableMap$KeySet                            : loaded 2 times (x 150B)
Class org.gradle.internal.classloader.FilteringClassLoader                            : loaded 2 times (x 105B)
Class [Lcom.google.common.collect.MapMakerInternalMap$Segment;                        : loaded 2 times (x 69B)
Class com.google.common.io.FileWriteMode                                              : loaded 2 times (x 79B)
Class [Lcom.google.common.base.AbstractIterator$State;                                : loaded 2 times (x 69B)
Class com.google.common.base.CharMatcher$IsEither                                     : loaded 2 times (x 111B)
Class org.gradle.internal.classloader.ClassLoaderHierarchy                            : loaded 2 times (x 70B)
Class com.google.common.collect.AbstractMapBasedMultimap$WrappedCollection            : loaded 2 times (x 124B)
Class com.google.common.collect.ImmutableEnumSet                                      : loaded 2 times (x 146B)
Class com.google.common.util.concurrent.ExecutionError                                : loaded 2 times (x 82B)
Class com.google.common.collect.ImmutableList$1                                       : loaded 2 times (x 97B)
Class org.gradle.api.internal.classpath.ManifestUtil                                  : loaded 2 times (x 71B)
Class com.google.common.collect.RegularImmutableMap                                   : loaded 2 times (x 121B)
Class com.google.common.collect.ImmutableMap$MapViewOfValuesAsSingletonSets           : loaded 2 times (x 125B)
Class com.google.common.collect.TransformedListIterator                               : loaded 2 times (x 93B)
Class com.google.common.reflect.TypeCapture                                           : loaded 2 times (x 71B)
Class [Lorg.objectweb.asm.Symbol;                                                     : loaded 2 times (x 69B)
Class org.objectweb.asm.ClassVisitor                                                  : loaded 2 times (x 88B)
Class com.google.common.collect.UnmodifiableListIterator                              : loaded 2 times (x 95B)
Class com.google.common.collect.MapMakerInternalMap$StrongKeyDummyValueEntry$LinkedStrongKeyDummyValueEntry: loaded 2 times (x 82B)
Class com.google.common.collect.MapMakerInternalMap$Strength                          : loaded 2 times (x 80B)
Class org.objectweb.asm.MethodTooLargeException                                       : loaded 2 times (x 83B)
Class [Lcom.google.common.cache.CacheBuilder$OneWeigher;                              : loaded 2 times (x 69B)
Class com.google.common.base.Suppliers                                                : loaded 2 times (x 71B)
Class com.google.common.base.Platform$JdkPatternCompiler                              : loaded 2 times (x 75B)
Class org.gradle.internal.classloader.DefaultClassLoaderFactory                       : loaded 2 times (x 82B)
Class [Lcom.google.common.collect.AbstractIterator$State;                             : loaded 2 times (x 69B)
Class com.google.common.base.CharMatcher$None                                         : loaded 2 times (x 112B)
Class org.gradle.internal.classloader.ClassLoaderVisitor                              : loaded 2 times (x 76B)
Class [Lcom.google.common.collect.ImmutableMapEntry;                                  : loaded 2 times (x 69B)
Class org.gradle.api.internal.classpath.EffectiveClassPath                            : loaded 2 times (x 90B)
Class com.google.common.collect.AbstractIterator$1                                    : loaded 2 times (x 71B)
Class [Lorg.apache.commons.io.StandardLineSeparator;                                  : loaded 2 times (x 69B)
Class org.apache.commons.io.output.StringBuilderWriter                                : loaded 2 times (x 100B)
Class com.google.common.collect.ImmutableRangeSet                                     : loaded 2 times (x 115B)
Class com.google.common.collect.ImmutableEnumMap                                      : loaded 2 times (x 125B)
Class com.google.common.collect.ListMultimap                                          : loaded 2 times (x 70B)
Class com.google.common.collect.Iterators$EmptyModifiableIterator                     : loaded 2 times (x 86B)
Class com.google.common.collect.Sets$1                                                : loaded 2 times (x 139B)
Class org.objectweb.asm.AnnotationVisitor                                             : loaded 2 times (x 78B)
Class com.google.common.base.Splitter                                                 : loaded 2 times (x 72B)
Class org.gradle.api.internal.DefaultClassPathProvider                                : loaded 2 times (x 76B)
Class com.google.common.collect.MapMakerInternalMap$Strength$1                        : loaded 2 times (x 80B)
Class com.google.common.collect.Maps$ViewCachingAbstractMap                           : loaded 2 times (x 125B)
Class com.google.common.collect.Sets$2                                                : loaded 2 times (x 139B)
Class [Lorg.gradle.api.internal.ClassPathProvider;                                    : loaded 2 times (x 69B)
Class org.gradle.api.internal.ClassPathProvider                                       : loaded 2 times (x 70B)
Class com.google.common.collect.MapMakerInternalMap$Strength$2                        : loaded 2 times (x 80B)
Class com.google.common.reflect.Types$ClassOwnership$1                                : loaded 2 times (x 80B)
Class [Lorg.objectweb.asm.AnnotationVisitor;                                          : loaded 2 times (x 69B)
Class com.google.common.collect.Sets$3                                                : loaded 2 times (x 139B)
Class com.google.common.util.concurrent.AbstractFuture$SafeAtomicHelper               : loaded 2 times (x 79B)
Class com.google.common.cache.LocalCache$LocalLoadingCache                            : loaded 2 times (x 134B)
Class com.google.common.base.AbstractIterator$State                                   : loaded 2 times (x 79B)
Class org.gradle.internal.service.UnknownServiceException                             : loaded 2 times (x 83B)
Class com.google.common.collect.MapMakerInternalMap$StrongValueEntry                  : loaded 2 times (x 70B)
Class com.google.common.reflect.Types$ClassOwnership$2                                : loaded 2 times (x 80B)
Class com.google.common.reflect.TypeResolver                                          : loaded 2 times (x 72B)
Class com.google.common.collect.Sets$4                                                : loaded 2 times (x 139B)
Class org.objectweb.asm.ModuleVisitor                                                 : loaded 2 times (x 81B)
Class com.google.common.cache.LocalCache$Strength$1                                   : loaded 2 times (x 81B)
Class com.google.common.reflect.Types$ClassOwnership$3                                : loaded 2 times (x 71B)
Class com.google.common.util.concurrent.SettableFuture                                : loaded 2 times (x 114B)
Class com.google.common.cache.LocalCache$Strength$2                                   : loaded 2 times (x 81B)
Class com.google.common.collect.Interners$InternerImpl                                : loaded 2 times (x 75B)
Class com.google.common.collect.Interner                                              : loaded 2 times (x 70B)
Class com.google.common.collect.TransformedIterator                                   : loaded 2 times (x 80B)
Class com.google.common.cache.LocalCache$Strength$3                                   : loaded 2 times (x 81B)
Class com.google.common.collect.MapDifference                                         : loaded 2 times (x 70B)
Class com.google.common.base.Splitter$1                                               : loaded 2 times (x 77B)
Class com.google.common.collect.MapMaker$Dummy                                        : loaded 2 times (x 79B)
Class com.google.common.reflect.Invokable                                             : loaded 2 times (x 103B)
Class org.objectweb.asm.FieldWriter                                                   : loaded 2 times (x 78B)
Class com.google.common.cache.CacheBuilder$NullListener                               : loaded 2 times (x 82B)
Class org.gradle.internal.classpath.TransformedClassPath                              : loaded 2 times (x 96B)
Class org.apache.commons.io.output.UnsynchronizedByteArrayOutputStream                : loaded 2 times (x 102B)
Class com.google.common.collect.ImmutableListMultimap                                 : loaded 2 times (x 176B)
Class com.google.common.collect.ImmutableRangeSet$AsSet                               : loaded 2 times (x 299B)
Class com.google.common.reflect.Types$ParameterizedTypeImpl                           : loaded 2 times (x 81B)
Class com.google.common.cache.CacheLoader$FunctionToCacheLoader                       : loaded 2 times (x 75B)
Class com.google.common.collect.Iterators$ArrayItr                                    : loaded 2 times (x 97B)
Class com.google.common.collect.ImmutableCollection$Builder                           : loaded 2 times (x 76B)
Class org.apache.commons.io.output.ByteArrayOutputStream                              : loaded 2 times (x 102B)
Class com.google.common.collect.EmptyImmutableListMultimap                            : loaded 2 times (x 176B)
Class com.google.common.collect.BaseImmutableMultimap                                 : loaded 2 times (x 123B)
Class com.google.common.reflect.TypeResolver$TypeVariableKey                          : loaded 2 times (x 72B)
Class com.google.common.base.Joiner                                                   : loaded 2 times (x 79B)
Class com.google.common.base.MoreObjects                                              : loaded 2 times (x 71B)
Class [Lorg.objectweb.asm.Type;                                                       : loaded 2 times (x 69B)
Class com.google.common.collect.Platform                                              : loaded 2 times (x 71B)
Class com.google.common.collect.UnmodifiableIterator                                  : loaded 2 times (x 80B)
Class org.gradle.internal.service.ServiceLocator                                      : loaded 2 times (x 70B)
Class org.apache.commons.io.FileExistsException                                       : loaded 2 times (x 82B)
Class com.google.common.base.Ascii                                                    : loaded 2 times (x 71B)
Class com.google.common.collect.SingletonImmutableBiMap                               : loaded 2 times (x 143B)
Class com.google.common.cache.LocalCache$1                                            : loaded 2 times (x 89B)
Class com.google.common.collect.AbstractMapEntry                                      : loaded 2 times (x 81B)
Class com.google.common.collect.MapMakerInternalMap$AbstractStrongKeyEntry            : loaded 2 times (x 80B)
Class com.google.common.reflect.TypeToken$SimpleTypeToken                             : loaded 2 times (x 73B)
Class com.google.common.collect.Sets$ImprovedAbstractSet                              : loaded 2 times (x 135B)
Class com.google.common.collect.ImmutableList$Builder                                 : loaded 2 times (x 77B)
Class com.google.common.cache.LocalCache$2                                            : loaded 2 times (x 142B)
Class com.google.common.collect.AbstractMultimap                                      : loaded 2 times (x 123B)
Class com.google.common.collect.ImmutableRangeSet$1                                   : loaded 2 times (x 209B)
Class com.google.common.util.concurrent.AbstractFuture$UnsafeAtomicHelper$1           : loaded 2 times (x 76B)
Class com.google.common.collect.RegularImmutableAsList                                : loaded 2 times (x 216B)
Class com.google.common.base.Optional                                                 : loaded 2 times (x 80B)
Class com.google.common.collect.Range                                                 : loaded 2 times (x 87B)
Class com.google.common.util.concurrent.AbstractFuture$Trusted                        : loaded 2 times (x 70B)
Class com.google.common.collect.Iterators                                             : loaded 2 times (x 71B)
Class com.google.common.base.CharMatcher$RangesMatcher                                : loaded 2 times (x 112B)
Class com.google.common.io.ByteSink$AsCharSink                                        : loaded 2 times (x 80B)
Class com.google.common.util.concurrent.UncheckedExecutionException                   : loaded 2 times (x 82B)
Class com.google.common.collect.Lists$StringAsImmutableList                           : loaded 2 times (x 207B)
Class org.gradle.kotlin.dsl.VersionCatalogAccessorsKt                                 : loaded 2 times (x 71B)
Class com.google.common.collect.ImmutableSortedSetFauxverideShim                      : loaded 2 times (x 147B)
Class com.google.common.base.CharMatcher$JavaLetterOrDigit                            : loaded 2 times (x 111B)
Class org.gradle.internal.InternalTransformer                                         : loaded 2 times (x 70B)
Class com.google.common.collect.AbstractMapBasedMultimap$KeySet$1                     : loaded 2 times (x 82B)
Class org.objectweb.asm.ClassWriter                                                   : loaded 2 times (x 106B)
Class com.google.common.cache.CacheLoader$UnsupportedLoadingOperationException        : loaded 2 times (x 82B)
Class com.google.common.base.CharMatcher$And                                          : loaded 2 times (x 112B)
Class org.gradle.internal.classloader.ClasspathUtil$1                                 : loaded 2 times (x 76B)
Class com.google.common.collect.FluentIterable$1                                      : loaded 2 times (x 81B)
Class com.google.common.base.Objects                                                  : loaded 2 times (x 71B)
Class org.objectweb.asm.FieldVisitor                                                  : loaded 2 times (x 77B)
Class com.google.common.collect.IndexedImmutableSet                                   : loaded 2 times (x 150B)
Class com.google.common.collect.ImmutableMap$1                                        : loaded 2 times (x 81B)
Class com.google.common.collect.BiMap                                                 : loaded 2 times (x 70B)
Class org.gradle.api.internal.classpath.DefaultModuleRegistry$DefaultModule           : loaded 2 times (x 86B)
Class com.google.common.base.Absent                                                   : loaded 2 times (x 80B)
Class com.google.common.collect.FluentIterable$2                                      : loaded 2 times (x 81B)
Class com.google.common.reflect.Reflection                                            : loaded 2 times (x 71B)
Class com.google.common.primitives.Ints                                               : loaded 2 times (x 71B)
Class com.google.common.base.Equivalence$Identity                                     : loaded 2 times (x 82B)
Class com.google.common.collect.FluentIterable$3                                      : loaded 2 times (x 81B)
Class com.google.common.math.MathPreconditions                                        : loaded 2 times (x 71B)
Class com.google.common.collect.Multiset                                              : loaded 2 times (x 70B)
Class com.google.common.collect.ArrayListMultimapGwtSerializationDependencies         : loaded 2 times (x 172B)
Class com.google.common.collect.ObjectArrays                                          : loaded 2 times (x 71B)
Class com.google.common.collect.AbstractIndexedListIterator                           : loaded 2 times (x 96B)
Class org.apache.commons.io.output.NullOutputStream                                   : loaded 2 times (x 85B)
Class com.google.common.collect.ImmutableMapEntrySet                                  : loaded 2 times (x 151B)
Class org.gradle.api.internal.classpath.Module                                        : loaded 2 times (x 70B)
Class com.google.common.cache.Weigher                                                 : loaded 2 times (x 70B)
Class org.gradle.api.internal.classpath.UnknownModuleException                        : loaded 2 times (x 82B)
Class org.gradle.cache.GlobalCache                                                    : loaded 2 times (x 70B)
Class com.google.common.base.Stopwatch                                                : loaded 2 times (x 72B)
Class com.google.common.cache.LocalCache$Strength                                     : loaded 2 times (x 81B)
Class com.google.common.cache.Cache                                                   : loaded 2 times (x 70B)
Class org.apache.commons.io.filefilter.IOFileFilter                                   : loaded 2 times (x 70B)
Class com.google.common.io.AppendableWriter                                           : loaded 2 times (x 100B)
Class com.google.common.io.Files$2                                                    : loaded 2 times (x 76B)
Class com.google.common.util.concurrent.AbstractFuture$Cancellation                   : loaded 2 times (x 72B)
Class com.google.common.collect.ImmutableMap$Builder                                  : loaded 2 times (x 82B)
Class com.google.common.base.NullnessCasts                                            : loaded 2 times (x 71B)
Class com.google.common.base.Present                                                  : loaded 2 times (x 81B)
Class com.google.common.collect.AbstractMapBasedMultimap$WrappedCollection$WrappedIterator: loaded 2 times (x 84B)
Class com.google.common.cache.RemovalListener                                         : loaded 2 times (x 70B)
Class org.gradle.api.internal.DefaultClassPathRegistry                                : loaded 2 times (x 76B)
Class com.google.common.collect.ImmutableMultimap$Keys                                : loaded 2 times (x 166B)
Class com.google.common.reflect.Invokable$ConstructorInvokable                        : loaded 2 times (x 107B)
Class com.google.common.primitives.IntsMethodsForWeb                                  : loaded 2 times (x 71B)
Class com.google.common.collect.Multimap                                              : loaded 2 times (x 70B)
Class org.gradle.api.internal.ClassPathRegistry                                       : loaded 2 times (x 70B)
Class org.gradle.internal.classpath.DefaultClassPath$ImmutableUniqueList              : loaded 2 times (x 199B)
Class org.apache.commons.io.IOUtils                                                   : loaded 2 times (x 71B)
Class com.google.common.collect.MapMakerInternalMap$Segment                           : loaded 2 times (x 142B)
Class com.google.common.reflect.TypeToken                                             : loaded 2 times (x 73B)
Class com.google.common.base.ExtraObjectsMethodsForWeb                                : loaded 2 times (x 71B)
Class com.google.common.base.PairwiseEquivalence                                      : loaded 2 times (x 83B)
Class com.google.common.io.ByteSink                                                   : loaded 2 times (x 76B)
Class com.google.common.cache.CacheBuilder                                            : loaded 2 times (x 72B)
Class com.google.common.collect.SingletonImmutableList                                : loaded 2 times (x 207B)
Class Settings_gradle$1                                                               : loaded 2 times (x 74B)
Class org.gradle.internal.classpath.ClassPath                                         : loaded 2 times (x 70B)
Class org.gradle.api.UncheckedIOException                                             : loaded 2 times (x 82B)
Class com.google.common.collect.Interners$InternerBuilder                             : loaded 2 times (x 76B)
Class com.google.common.io.Files$FileByteSource                                       : loaded 2 times (x 85B)
Class [Lcom.google.common.reflect.Types$JavaVersion;                                  : loaded 2 times (x 69B)
Class com.google.common.collect.ImmutableList$ReverseImmutableList                    : loaded 2 times (x 208B)
Class com.google.common.base.JdkPattern                                               : loaded 2 times (x 75B)
Class com.google.common.io.CharStreams$NullWriter                                     : loaded 2 times (x 99B)
Class org.objectweb.asm.SymbolTable$Entry                                             : loaded 2 times (x 74B)
Class com.google.common.util.concurrent.AbstractFuture$AtomicHelper                   : loaded 2 times (x 78B)
Class ijKotlinCoroutineJvmDebugInit1_9o0ac93m3diq4940107tygg5m                        : loaded 2 times (x 179B)
Class org.objectweb.asm.Edge                                                          : loaded 2 times (x 72B)
Class com.google.common.base.Suppliers$SupplierOfInstance                             : loaded 2 times (x 79B)
Class com.google.common.collect.Iterators$1                                           : loaded 2 times (x 81B)
Class com.google.common.reflect.TypeToken$1                                           : loaded 2 times (x 110B)
Class com.google.common.cache.LocalCache$ComputingValueReference                      : loaded 2 times (x 96B)
Class com.google.common.collect.SingletonImmutableSet                                 : loaded 2 times (x 146B)
Class com.google.common.collect.ImmutableMap$IteratorBasedImmutableMap                : loaded 2 times (x 125B)
Class com.google.common.reflect.TypeToken$2                                           : loaded 2 times (x 110B)
Class com.google.common.cache.LocalCache$Segment                                      : loaded 2 times (x 154B)
Class com.google.common.collect.SortedIterable                                        : loaded 2 times (x 70B)
Class [Lorg.objectweb.asm.SymbolTable$Entry;                                          : loaded 2 times (x 69B)
Class com.google.common.cache.CacheLoader                                             : loaded 2 times (x 74B)
Class com.google.common.collect.Iterators$4                                           : loaded 2 times (x 82B)
Class com.google.common.collect.ImmutableBiMap                                        : loaded 2 times (x 143B)
Class com.google.common.collect.AbstractListMultimap                                  : loaded 2 times (x 172B)
Class org.gradle.internal.installation.GradleInstallation$1                           : loaded 2 times (x 75B)
Class org.gradle.api.internal.classpath.ModuleRegistry                                : loaded 2 times (x 70B)
Class com.google.common.util.concurrent.internal.InternalFutureFailureAccess          : loaded 2 times (x 72B)
Class com.google.common.collect.Iterators$5                                           : loaded 2 times (x 82B)
Class com.google.common.collect.ImmutableSet$JdkBackedSetBuilderImpl                  : loaded 2 times (x 76B)
Class com.google.common.base.Splitter$SplittingIterator                               : loaded 2 times (x 84B)
Class com.google.common.collect.ImmutableMultimap$Values                              : loaded 2 times (x 126B)
Class com.google.common.io.Closer$SuppressingSuppressor                               : loaded 2 times (x 75B)
Class com.google.common.util.concurrent.AbstractFuture$UnsafeAtomicHelper             : loaded 2 times (x 78B)
Class com.google.common.cache.LocalCache$LocalManualCache$1                           : loaded 2 times (x 75B)
Class com.google.common.base.CharMatcher$ForPredicate                                 : loaded 2 times (x 112B)
Class com.google.common.collect.ImmutableCollection                                   : loaded 2 times (x 125B)
Class com.google.common.base.CharMatcher$AnyOf                                        : loaded 2 times (x 112B)
Class org.gradle.api.internal.classpath.DefaultModuleRegistry                         : loaded 2 times (x 86B)
Class com.google.common.util.concurrent.ListenableFuture                              : loaded 2 times (x 70B)
Class com.google.common.cache.ReferenceEntry                                          : loaded 2 times (x 70B)
Class com.google.common.collect.ImmutableSet$CachingAsList                            : loaded 2 times (x 147B)
Class com.google.common.base.Converter                                                : loaded 2 times (x 90B)
Class com.google.common.collect.Lists                                                 : loaded 2 times (x 71B)
Class com.google.common.base.CharMatcher$Any                                          : loaded 2 times (x 112B)
Class com.google.common.util.concurrent.AbstractFuture                                : loaded 2 times (x 106B)
Class com.google.common.base.FunctionalEquivalence                                    : loaded 2 times (x 83B)
Class com.google.common.collect.Iterators$9                                           : loaded 2 times (x 81B)
Class com.google.common.collect.AbstractMapBasedMultimap                              : loaded 2 times (x 139B)
Class com.google.common.collect.ImmutableAsList                                       : loaded 2 times (x 209B)
Class com.google.common.io.CharStreams                                                : loaded 2 times (x 71B)
Class com.google.common.collect.ImmutableMultiset                                     : loaded 2 times (x 163B)
Class com.google.common.reflect.TypeResolver$TypeTable                                : loaded 2 times (x 73B)
Class org.objectweb.asm.RecordComponentVisitor                                        : loaded 2 times (x 77B)
Class com.google.common.cache.CacheLoader$SupplierToCacheLoader                       : loaded 2 times (x 75B)
Class com.google.common.reflect.TypeResolver$TypeTable$1                              : loaded 2 times (x 73B)
Class com.google.common.collect.Maps$EntryTransformer                                 : loaded 2 times (x 70B)
Class org.gradle.internal.service.ServiceLookupException                              : loaded 2 times (x 82B)
Class com.google.common.collect.ImmutableSortedSet                                    : loaded 2 times (x 299B)
Class [Lcom.google.common.cache.LocalCache$EntryFactory;                              : loaded 2 times (x 69B)
Class com.google.common.base.CharMatcher$JavaLetter                                   : loaded 2 times (x 111B)
Class org.gradle.internal.classloader.ClassLoaderFactory                              : loaded 2 times (x 70B)
Class com.google.common.collect.ImmutableMap$SerializedForm                           : loaded 2 times (x 73B)
Class com.google.common.cache.LocalCache$LocalManualCache                             : loaded 2 times (x 99B)
Class com.google.common.base.CharMatcher$IsNot                                        : loaded 2 times (x 111B)
Class com.google.common.base.CommonPattern                                            : loaded 2 times (x 74B)
Class org.gradle.internal.service.CachingServiceLocator                               : loaded 2 times (x 82B)
Class com.google.common.collect.RegularImmutableSortedSet                             : loaded 2 times (x 299B)
Class com.google.common.collect.AbstractMapBasedMultimap$KeySet                       : loaded 2 times (x 137B)
Class com.google.common.math.IntMath                                                  : loaded 2 times (x 71B)
Class com.google.common.collect.MapMakerInternalMap$InternalEntry                     : loaded 2 times (x 70B)
Class com.google.common.reflect.Types$TypeVariableInvocationHandler                   : loaded 2 times (x 75B)
Class com.google.common.collect.Iterators$10                                          : loaded 2 times (x 81B)
Class com.google.common.collect.ImmutableMapEntry                                     : loaded 2 times (x 85B)
Class com.google.common.base.CharMatcher$JavaDigit                                    : loaded 2 times (x 111B)
Class com.google.common.collect.ImmutableMultimap                                     : loaded 2 times (x 147B)
Class com.google.common.base.Equivalence                                              : loaded 2 times (x 82B)
Class com.google.common.collect.ImmutableMapEntry$NonTerminalImmutableMapEntry        : loaded 2 times (x 85B)
Class com.google.common.base.Function                                                 : loaded 2 times (x 70B)
Class org.apache.commons.io.output.AbstractByteArrayOutputStream                      : loaded 2 times (x 102B)
Class com.google.common.cache.CacheBuilder$OneWeigher                                 : loaded 2 times (x 82B)
Class com.google.common.collect.RegularImmutableList                                  : loaded 2 times (x 212B)
Class com.google.common.reflect.Types$ClassOwnership$1LocalClass                      : loaded 2 times (x 71B)
Class com.google.common.collect.ImmutableBiMapFauxverideShim                          : loaded 2 times (x 120B)
Class org.gradle.internal.classloader.ClasspathUtil                                   : loaded 2 times (x 71B)
Class com.google.common.base.Charsets                                                 : loaded 2 times (x 71B)
Class com.google.common.util.concurrent.Uninterruptibles                              : loaded 2 times (x 71B)
Class com.google.common.collect.Maps                                                  : loaded 2 times (x 71B)
Class com.google.common.base.CharMatcher$JavaUpperCase                                : loaded 2 times (x 111B)
Class org.gradle.api.specs.Spec                                                       : loaded 2 times (x 70B)
Class org.apache.commons.io.file.PathFilter                                           : loaded 2 times (x 70B)
Class com.google.common.collect.MapMaker                                              : loaded 2 times (x 72B)
Class com.google.common.reflect.Types$JavaVersion                                     : loaded 2 times (x 83B)
Class [Lcom.google.common.collect.ImmutableEntry;                                     : loaded 2 times (x 69B)
Class com.google.common.cache.LocalCache$LoadingValueReference                        : loaded 2 times (x 96B)
Class com.google.common.collect.AbstractIterator                                      : loaded 2 times (x 82B)
Class com.google.common.io.LineReader$1                                               : loaded 2 times (x 75B)
Class com.google.common.collect.CollectSpliterators                                   : loaded 2 times (x 71B)
Class com.google.common.collect.AbstractMapBasedMultimap$AsMap                        : loaded 2 times (x 128B)
Class com.google.common.collect.MapMakerInternalMap$StrongKeyDummyValueEntry          : loaded 2 times (x 82B)
Class com.google.common.reflect.Invokable$MethodInvokable                             : loaded 2 times (x 107B)
Class com.google.common.base.Platform                                                 : loaded 2 times (x 71B)
Class ijJvmDebugger1_bbq98qd0obpqjeconcdpixouv                                        : loaded 2 times (x 179B)
Class com.google.common.collect.AbstractMapBasedMultimap$WrappedList                  : loaded 2 times (x 205B)
Class [Lorg.objectweb.asm.AnnotationWriter;                                           : loaded 2 times (x 69B)
Class com.google.common.primitives.Ints$IntConverter                                  : loaded 2 times (x 90B)
Class com.google.common.collect.Maps$8                                                : loaded 2 times (x 82B)
Class [Lcom.google.common.collect.Iterators$EmptyModifiableIterator;                  : loaded 2 times (x 69B)
Class com.google.common.collect.ImmutableRangeSet$Builder                             : loaded 2 times (x 77B)
Class com.google.common.collect.Sets$SetView                                          : loaded 2 times (x 138B)
Class com.google.common.cache.LocalCache$StrongValueReference                         : loaded 2 times (x 90B)
Class com.google.common.util.concurrent.AbstractFuture$SynchronizedHelper             : loaded 2 times (x 78B)
Class com.google.common.base.CharMatcher$Invisible                                    : loaded 2 times (x 112B)
Class com.google.common.graph.SuccessorsFunction                                      : loaded 2 times (x 70B)
Class org.objectweb.asm.Type                                                          : loaded 2 times (x 72B)
Class org.gradle.internal.classloader.VisitableURLClassLoader$InstrumentingVisitableURLClassLoader: loaded 2 times (x 123B)
Class org.apache.commons.io.FileUtils                                                 : loaded 2 times (x 71B)
Class com.google.common.collect.MapMakerInternalMap$StrongKeyDummyValueEntry$Helper   : loaded 2 times (x 79B)
Class com.google.common.io.Files$FileByteSink                                         : loaded 2 times (x 77B)
Class org.objectweb.asm.ByteVector                                                    : loaded 2 times (x 79B)
Class [Lcom.google.common.cache.CacheBuilder$NullListener;                            : loaded 2 times (x 69B)
Class com.google.common.math.IntMath$1                                                : loaded 2 times (x 71B)
Class org.gradle.internal.classloader.VisitableURLClassLoader$Spec                    : loaded 2 times (x 74B)
Class org.gradle.internal.classpath.DefaultClassPath                                  : loaded 2 times (x 90B)
Class com.google.common.reflect.Types$ClassOwnership                                  : loaded 2 times (x 80B)
Class org.objectweb.asm.Symbol                                                        : loaded 2 times (x 73B)
Class com.google.common.base.AbstractIterator                                         : loaded 2 times (x 80B)
Class com.google.common.io.Java8Compatibility                                         : loaded 2 times (x 71B)
Class com.google.common.io.Closer                                                     : loaded 2 times (x 78B)
Class com.google.common.collect.ImmutableSet                                          : loaded 2 times (x 145B)
Class com.google.common.collect.RegularImmutableMap$Values                            : loaded 2 times (x 207B)
Class com.google.common.base.CharMatcher$BitSetMatcher                                : loaded 2 times (x 112B)
Class com.google.common.base.CharMatcher$Ascii                                        : loaded 2 times (x 112B)
Class org.gradle.internal.classloader.ClassLoaderSpec                                 : loaded 2 times (x 71B)
Class org.objectweb.asm.AnnotationWriter                                              : loaded 2 times (x 79B)
Class com.google.common.cache.CacheStats                                              : loaded 2 times (x 71B)
Class ijJvmDebugger1_bbq98qd0obpqjeconcdpixouv$_run_closure1$_closure2                : loaded 2 times (x 140B)
Class com.google.common.collect.ImmutableMultisetGwtSerializationDependencies         : loaded 2 times (x 125B)
Class com.google.common.collect.Interners                                             : loaded 2 times (x 71B)
Class com.google.common.io.Closer$Suppressor                                          : loaded 2 times (x 70B)
Class com.google.common.io.LineProcessor                                              : loaded 2 times (x 70B)
Class org.objectweb.asm.RecordComponentWriter                                         : loaded 2 times (x 78B)
Class com.google.common.util.concurrent.AbstractFuture$Listener                       : loaded 2 times (x 72B)
Class com.google.common.base.CharMatcher$Or                                           : loaded 2 times (x 112B)
Class Settings_gradle$1$1                                                             : loaded 2 times (x 74B)
Class org.objectweb.asm.Attribute                                                     : loaded 2 times (x 77B)
Class com.google.common.base.Supplier                                                 : loaded 2 times (x 70B)
Class org.gradle.internal.classloader.VisitableURLClassLoader                         : loaded 2 times (x 117B)
Class com.google.common.collect.ImmutableList$SerializedForm                          : loaded 2 times (x 73B)
Class com.google.common.util.concurrent.AbstractFuture$Waiter                         : loaded 2 times (x 72B)
Class Settings_gradle                                                                 : loaded 2 times (x 128B)
Class ijKotlinCoroutineJvmDebugInit1_9o0ac93m3diq4940107tygg5m$_run_closure1          : loaded 2 times (x 139B)
Class org.gradle.internal.Cast                                                        : loaded 2 times (x 71B)
Class org.gradle.api.Action                                                           : loaded 2 times (x 70B)
Class com.google.common.collect.MapMakerInternalMap                                   : loaded 2 times (x 161B)
Class com.google.common.collect.Sets                                                  : loaded 2 times (x 71B)
Class org.objectweb.asm.Handler                                                       : loaded 2 times (x 72B)
Class com.google.common.base.Ticker                                                   : loaded 2 times (x 72B)
Class com.google.common.base.Strings                                                  : loaded 2 times (x 71B)
Class com.google.common.base.CharMatcher$FastMatcher                                  : loaded 2 times (x 111B)
Class org.gradle.internal.agents.InstrumentingClassLoader                             : loaded 2 times (x 70B)
Class [Lcom.google.common.cache.LocalCache$Segment;                                   : loaded 2 times (x 69B)
Class [Lcom.google.common.cache.LocalCache$Strength;                                  : loaded 2 times (x 69B)
Class com.google.common.cache.CacheBuilder$1                                          : loaded 2 times (x 85B)
Class com.google.common.collect.ImmutableMap                                          : loaded 2 times (x 120B)
Class com.google.common.base.Predicate                                                : loaded 2 times (x 70B)
Class org.gradle.internal.classpath.DefaultClassPath$ImmutableUniqueList$Builder      : loaded 2 times (x 75B)
Class com.google.common.collect.MapMakerInternalMap$WeakValueReference                : loaded 2 times (x 70B)
Class com.google.common.collect.AbstractRangeSet                                      : loaded 2 times (x 114B)
Class com.google.common.cache.LocalCache                                              : loaded 2 times (x 187B)
Class com.google.common.cache.CacheBuilder$2                                          : loaded 2 times (x 72B)
Class com.google.common.base.CharMatcher$NegatedFastMatcher                           : loaded 2 times (x 113B)
Class ijJvmDebugger1_bbq98qd0obpqjeconcdpixouv$_run_closure1                          : loaded 2 times (x 139B)
Class [Lcom.google.common.collect.AbstractMapEntry;                                   : loaded 2 times (x 69B)
Class com.google.common.collect.ImmutableEntry                                        : loaded 2 times (x 82B)
Class com.google.common.collect.ArrayListMultimap                                     : loaded 2 times (x 172B)
Class com.google.common.base.AbstractIterator$1                                       : loaded 2 times (x 71B)
Class com.google.common.base.CharMatcher$Digit                                        : loaded 2 times (x 112B)
Class org.gradle.api.GradleException                                                  : loaded 2 times (x 82B)
Class org.apache.commons.io.StandardLineSeparator                                     : loaded 2 times (x 79B)
Class com.google.common.base.Suppliers$MemoizingSupplier                              : loaded 2 times (x 79B)
Class com.google.common.collect.ForwardingMap                                         : loaded 2 times (x 132B)
Class com.google.common.collect.CollectPreconditions                                  : loaded 2 times (x 71B)
Class com.google.common.base.CharMatcher$JavaIsoControl                               : loaded 2 times (x 112B)
Class [Lcom.google.common.collect.MapMakerInternalMap$Strength;                       : loaded 2 times (x 69B)
Class [Lcom.google.common.io.FileWriteMode;                                           : loaded 2 times (x 69B)
Class com.google.common.collect.SortedMapDifference                                   : loaded 2 times (x 70B)
Class com.google.common.base.CharMatcher$JavaLowerCase                                : loaded 2 times (x 111B)
Class ijKotlinCoroutineJvmDebugInit1_9o0ac93m3diq4940107tygg5m$_run_closure1$_closure2: loaded 2 times (x 139B)
Class com.google.common.collect.Iterables$4                                           : loaded 2 times (x 81B)
Class com.google.common.collect.MapMakerInternalMap$StrongKeyDummyValueSegment        : loaded 2 times (x 142B)
Class com.google.common.io.Files                                                      : loaded 2 times (x 71B)
Class com.google.common.cache.LocalCache$WriteThroughEntry                            : loaded 2 times (x 79B)
Class com.google.common.cache.LocalCache$HashIterator                                 : loaded 2 times (x 86B)
Class com.google.common.cache.LocalCache$EntryFactory                                 : loaded 2 times (x 83B)
Class [Lcom.google.common.collect.MapMaker$Dummy;                                     : loaded 2 times (x 69B)
Class com.google.common.reflect.Types$NativeTypeVariableEquals                        : loaded 2 times (x 71B)
Class com.google.common.reflect.TypeParameter                                         : loaded 2 times (x 72B)
Class com.google.common.cache.LocalCache$AbstractReferenceEntry                       : loaded 2 times (x 107B)
Class com.google.common.base.Splitter$1$1                                             : loaded 2 times (x 86B)
Class com.google.common.base.CharMatcher$Whitespace                                   : loaded 2 times (x 112B)
Class org.gradle.internal.IoActions                                                   : loaded 2 times (x 71B)
Class com.google.common.collect.ImmutableMapKeySet                                    : loaded 2 times (x 150B)
Class com.google.common.collect.ImmutableRangeSet$ComplementRanges                    : loaded 2 times (x 207B)
Class org.objectweb.asm.SymbolTable                                                   : loaded 2 times (x 72B)
Class com.google.common.cache.CacheLoader$InvalidCacheLoadException                   : loaded 2 times (x 82B)
Class com.google.common.collect.ImmutableSet$RegularSetBuilderImpl                    : loaded 2 times (x 77B)
Class com.google.common.base.CharMatcher$SingleWidth                                  : loaded 2 times (x 112B)
Class org.gradle.internal.classloader.SystemClassLoaderSpec                           : loaded 2 times (x 71B)
Class com.google.common.collect.FluentIterable                                        : loaded 2 times (x 81B)
Class com.google.common.cache.LocalCache$StrongEntry                                  : loaded 2 times (x 108B)
Class com.google.common.util.concurrent.AbstractFuture$TrustedFuture                  : loaded 2 times (x 114B)
Class com.google.common.cache.LoadingCache                                            : loaded 2 times (x 70B)
Class com.google.common.base.Suppliers$NonSerializableMemoizingSupplier               : loaded 2 times (x 79B)
Class org.objectweb.asm.MethodWriter                                                  : loaded 2 times (x 106B)
Class [Lcom.google.common.cache.Weigher;                                              : loaded 2 times (x 69B)
Class com.google.common.collect.RegularImmutableMap$BucketOverflowException           : loaded 2 times (x 82B)
Class com.google.common.collect.ImmutableMultimap$1                                   : loaded 2 times (x 82B)
Class com.google.common.collect.AbstractMapBasedMultimap$RandomAccessWrappedList      : loaded 2 times (x 205B)
Class com.google.common.collect.AbstractIterator$State                                : loaded 2 times (x 79B)
Class com.google.common.collect.ImmutableMultimap$2                                   : loaded 2 times (x 81B)
Class com.google.common.reflect.Types$JavaVersion$1                                   : loaded 2 times (x 83B)
Class com.google.common.collect.RegularImmutableBiMap                                 : loaded 2 times (x 148B)
Class com.google.common.cache.LocalCache$ValueReference                               : loaded 2 times (x 70B)
Class com.google.common.base.CharMatcher$Negated                                      : loaded 2 times (x 113B)
Class com.google.common.base.CharMatcher$Is                                           : loaded 2 times (x 111B)
Class com.google.common.hash.PrimitiveSink                                            : loaded 2 times (x 70B)
Class com.google.common.reflect.Types$JavaVersion$2                                   : loaded 2 times (x 83B)
Class com.google.common.reflect.Types                                                 : loaded 2 times (x 71B)
Class com.google.common.util.concurrent.AbstractFuture$Failure                        : loaded 2 times (x 72B)
Class com.google.common.base.Equivalence$Equals                                       : loaded 2 times (x 82B)
Class com.google.common.collect.Hashing                                               : loaded 2 times (x 71B)
Class com.google.common.base.PatternCompiler                                          : loaded 2 times (x 70B)
Class com.google.common.base.Preconditions                                            : loaded 2 times (x 71B)
Class com.google.common.collect.ImmutableSetMultimap                                  : loaded 2 times (x 180B)
Class com.google.common.io.CharSink                                                   : loaded 2 times (x 79B)
Class com.google.common.reflect.Types$JavaVersion$3                                   : loaded 2 times (x 83B)
Class com.google.common.base.Joiner$1                                                 : loaded 2 times (x 80B)
Class org.objectweb.asm.Label                                                         : loaded 2 times (x 73B)
Class org.objectweb.asm.CurrentFrame                                                  : loaded 2 times (x 73B)
Class org.objectweb.asm.ClassTooLargeException                                        : loaded 2 times (x 83B)
Class com.google.common.collect.PeekingIterator                                       : loaded 2 times (x 70B)
Class com.google.common.base.CharMatcher                                              : loaded 2 times (x 111B)
Class com.google.common.collect.MapMakerInternalMap$InternalEntryHelper               : loaded 2 times (x 70B)
Class com.google.common.collect.RangeGwtSerializationDependencies                     : loaded 2 times (x 71B)
Class com.google.common.reflect.Types$JavaVersion$4                                   : loaded 2 times (x 83B)
Class com.google.common.collect.Maps$IteratorBasedAbstractMap                         : loaded 2 times (x 125B)
Class com.google.common.base.Joiner$2                                                 : loaded 2 times (x 79B)
Class org.objectweb.asm.Frame                                                         : loaded 2 times (x 73B)
Class org.objectweb.asm.MethodVisitor                                                 : loaded 2 times (x 105B)
Class com.google.common.cache.LocalCache$EntryFactory$1                               : loaded 2 times (x 83B)
Class [Lcom.google.common.cache.RemovalListener;                                      : loaded 2 times (x 69B)
Class com.google.common.base.CharMatcher$1                                            : loaded 2 times (x 113B)
Class com.google.common.base.CharMatcher$NamedFastMatcher                             : loaded 2 times (x 112B)
Class com.google.common.collect.RangeSet                                              : loaded 2 times (x 70B)
Class com.google.common.reflect.Types$JavaVersion$5                                   : loaded 2 times (x 71B)
Class [Lcom.google.common.reflect.Types$ClassOwnership;                               : loaded 2 times (x 69B)
Class com.google.common.cache.LocalCache$EntryFactory$2                               : loaded 2 times (x 83B)
Class com.google.common.collect.CollectCollectors                                     : loaded 2 times (x 71B)
Class org.objectweb.asm.ModuleWriter                                                  : loaded 2 times (x 82B)
Class com.google.common.cache.LocalCache$EntryFactory$3                               : loaded 2 times (x 83B)
Class com.google.common.base.Ticker$1                                                 : loaded 2 times (x 72B)
Class com.google.common.collect.ImmutableMapEntrySet$RegularEntrySet                  : loaded 2 times (x 151B)
Class com.google.common.collect.Maps$BiMapConverter                                   : loaded 2 times (x 90B)
Class com.google.common.collect.SetMultimap                                           : loaded 2 times (x 70B)
Class com.google.common.cache.LocalCache$EntryFactory$4                               : loaded 2 times (x 83B)
Class com.google.common.collect.ImmutableSet$Builder                                  : loaded 2 times (x 85B)
Class com.google.common.base.CharMatcher$InRange                                      : loaded 2 times (x 111B)
Class com.google.common.cache.LocalCache$EntryFactory$5                               : loaded 2 times (x 83B)
Class com.google.common.io.LineReader                                                 : loaded 2 times (x 72B)
Class org.apache.commons.io.output.AppendableWriter                                   : loaded 2 times (x 100B)
Class com.google.common.cache.LocalCache$EntryFactory$6                               : loaded 2 times (x 83B)
Class org.gradle.internal.installation.CurrentGradleInstallationLocator               : loaded 2 times (x 71B)
Class org.apache.commons.io.output.ThresholdingOutputStream                           : loaded 2 times (x 94B)
Class com.google.common.collect.ImmutableMultimap$Builder                             : loaded 2 times (x 83B)
Class com.google.common.collect.Maps$KeySet                                           : loaded 2 times (x 137B)
Class com.google.common.cache.LocalCache$EntryFactory$7                               : loaded 2 times (x 83B)
Class com.google.common.collect.ImmutableSet$EmptySetBuilderImpl                      : loaded 2 times (x 76B)
Class com.google.common.collect.ImmutableList                                         : loaded 2 times (x 206B)
Class org.gradle.internal.service.DefaultServiceLocator                               : loaded 2 times (x 83B)
Class com.google.common.collect.ImmutableMultimap$EntryCollection                     : loaded 2 times (x 127B)
Class com.google.common.collect.Maps$EntrySet                                         : loaded 2 times (x 136B)
Class com.google.common.cache.LocalCache$EntryFactory$8                               : loaded 2 times (x 83B)
Class com.google.common.collect.ImmutableSet$SetBuilderImpl                           : loaded 2 times (x 76B)
Class org.gradle.internal.installation.CurrentGradleInstallation                      : loaded 2 times (x 73B)
Class com.google.common.cache.CacheLoader$1                                           : loaded 2 times (x 75B)
Class com.google.common.collect.ForwardingObject                                      : loaded 2 times (x 72B)
Class com.google.common.collect.ImmutableList$SubList                                 : loaded 2 times (x 208B)
Class org.gradle.util.internal.GUtil                                                  : loaded 2 times (x 71B)
Class com.google.common.io.ByteSource                                                 : loaded 2 times (x 84B)
Class com.google.common.util.concurrent.AbstractFuture$SetFuture                      : loaded 2 times (x 75B)
Class com.google.common.cache.AbstractCache$StatsCounter                              : loaded 2 times (x 70B)
Class com.google.common.io.LineBuffer                                                 : loaded 2 times (x 75B)
Class com.google.common.collect.MapMakerInternalMap$1                                 : loaded 2 times (x 83B)
Class com.google.common.reflect.Types$TypeVariableImpl                                : loaded 2 times (x 72B)
Class com.google.common.collect.Iterators$MergingIterator                             : loaded 2 times (x 81B)
Class com.google.common.collect.RegularImmutableSet                                   : loaded 2 times (x 148B)
Class org.gradle.internal.installation.GradleInstallation                             : loaded 2 times (x 75B)
Class com.google.common.collect.Iterables                                             : loaded 2 times (x 71B)
Class com.google.common.base.Splitter$Strategy                                        : loaded 2 times (x 70B)

---------------  S Y S T E M  ---------------

OS:
 Windows 11 , 64 bit Build 26100 (10.0.26100.4484)
OS uptime: 6 days 5:08 hours
Hyper-V role detected

CPU: total 4 (initial active 4) (4 cores per cpu, 1 threads per core) family 6 model 122 stepping 8 microcode 0x22, cx8, cmov, fxsr, mmx, 3dnowpref, sse, sse2, sse3, ssse3, sse4.1, sse4.2, popcnt, tsc, tscinvbit, aes, erms, clmul, sha, clflush, clflushopt, hv, rdtscp, rdpid
Processor Information for the first 4 processors :
  Max Mhz: 1101, Current Mhz: 1101, Mhz Limit: 1101

Memory: 4k page, system-wide physical 8005M (528M free)
TotalPageFile size 22649M (AvailPageFile size 237M)
current process WorkingSet (physical memory assigned to process): 1073M, peak: 1073M
current process commit charge ("private bytes"): 1240M, peak: 1909M

vm_info: OpenJDK 64-Bit Server VM (21.0.9+-14787801-b1163.94) for windows-amd64 JRE (21.0.9+-14787801-b1163.94), built on 2026-01-27T21:15:44Z by "builder" with MS VC++ 16.10 / 16.11 (VS2019)

END.
