#
# There is insufficient memory for the Java Runtime Environment to continue.
# Native memory allocation (mmap) failed to map 652214272 bytes. Error detail: G1 virtual space
# Possible reasons:
#   The system is out of physical RAM or swap space
#   This process is running with CompressedOops enabled, and the Java Heap may be blocking the growth of the native heap
# Possible solutions:
#   Reduce memory load on the system
#   Increase physical memory or swap space
#   Check if swap backing store is full
#   Decrease Java heap size (-Xmx/-Xms)
#   Decrease number of Java threads
#   Decrease Java thread stack sizes (-Xss)
#   Set larger code cache with -XX:ReservedCodeCacheSize=
#   JVM is running with Zero Based Compressed Oops mode in which the Java heap is
#     placed in the first 32GB address space. The Java Heap base address is the
#     maximum limit for the native heap growth. Please use -XX:HeapBaseMinAddress
#     to set the Java Heap base and to place the Java Heap above 32GB virtual address.
# This output file may be truncated or incomplete.
#
#  Out of Memory Error (os_windows.cpp:3925), pid=11796, tid=31500
#
# JRE version: OpenJDK Runtime Environment (21.0.9) (build 21.0.9+-14787801-b1163.94)
# Java VM: OpenJDK 64-Bit Server VM (21.0.9+-14787801-b1163.94, mixed mode, tiered, compressed oops, compressed class ptrs, g1 gc, windows-amd64)
# No core dump will be written. Minidumps are not enabled by default on client versions of Windows
#

---------------  S U M M A R Y ------------

Command Line: -XX:MaxMetaspaceSize=512m --add-opens=java.base/java.util=ALL-UNNAMED --add-opens=java.base/java.lang=ALL-UNNAMED --add-opens=java.base/java.lang.invoke=ALL-UNNAMED --add-opens=java.prefs/java.util.prefs=ALL-UNNAMED --add-opens=java.base/java.nio.charset=ALL-UNNAMED --add-opens=java.base/java.net=ALL-UNNAMED --add-opens=java.base/java.util.concurrent.atomic=ALL-UNNAMED -Xmx4096m -Dfile.encoding=UTF-8 -Duser.country=MX -Duser.language=es -Duser.variant -javaagent:C:\Users\sofia\.gradle\wrapper\dists\gradle-8.6-bin\afr5mpiioh2wthjmwnkmdsd5w\gradle-8.6\lib\agents\gradle-instrumentation-agent-8.6.jar org.gradle.launcher.daemon.bootstrap.GradleDaemon 8.6

Host: Intel(R) Pentium(R) Silver N5030 CPU @ 1.10GHz, 4 cores, 7G,  Windows 11 , 64 bit Build 26100 (10.0.26100.4484)
Time: Thu May 28 19:37:44 2026 Hora estándar de Venezuela elapsed time: 123.104802 seconds (0d 0h 2m 3s)

---------------  T H R E A D  ---------------

Current thread (0x0000023c132e73c0):  VMThread "VM Thread"          [id=31500, stack(0x000000fe3bd00000,0x000000fe3be00000) (1024K)]

Stack: [0x000000fe3bd00000,0x000000fe3be00000]
Native frames: (J=compiled Java code, j=interpreted, Vv=VM code, C=native code)
V  [jvm.dll+0x6d6c99]
V  [jvm.dll+0x866b83]
V  [jvm.dll+0x8691ae]
V  [jvm.dll+0x869893]
V  [jvm.dll+0x280776]
V  [jvm.dll+0x6d3555]
V  [jvm.dll+0x6c6bea]
V  [jvm.dll+0x3587fb]
V  [jvm.dll+0x360476]
V  [jvm.dll+0x3b2646]
V  [jvm.dll+0x3b2918]
V  [jvm.dll+0x32af0c]
V  [jvm.dll+0x32af97]
V  [jvm.dll+0x370e7c]
V  [jvm.dll+0x36f62e]
V  [jvm.dll+0x32a661]
V  [jvm.dll+0x36ed30]
V  [jvm.dll+0x86f618]
V  [jvm.dll+0x870994]
V  [jvm.dll+0x870ed0]
V  [jvm.dll+0x871163]
V  [jvm.dll+0x80f118]
V  [jvm.dll+0x6d54ed]
C  [ucrtbase.dll+0x37b0]
C  [KERNEL32.DLL+0x2e8d7]
C  [ntdll.dll+0x3c34c]

VM_Operation (0x000000fe41ffdae0): G1CollectForAllocation, mode: safepoint, requested by thread 0x0000023c22a749d0


---------------  P R O C E S S  ---------------

Threads class SMR info:
_java_thread_list=0x0000023c22208910, length=97, elements={
0x0000023c77916e10, 0x0000023c1330dcd0, 0x0000023c134738d0, 0x0000023c13474ea0,
0x0000023c13477910, 0x0000023c13489270, 0x0000023c1348ace0, 0x0000023c1348b740,
0x0000023c1348c1a0, 0x0000023c13495280, 0x0000023c13767d10, 0x0000023c19dcb370,
0x0000023c19fea9a0, 0x0000023c18e2d660, 0x0000023c19f397d0, 0x0000023c19f39e40,
0x0000023c18ccdd90, 0x0000023c1831c060, 0x0000023c19510950, 0x0000023c19513740,
0x0000023c195102c0, 0x0000023c19511670, 0x0000023c19512a20, 0x0000023c19512390,
0x0000023c195130b0, 0x0000023c198e6730, 0x0000023c198e7ae0, 0x0000023c198e6dc0,
0x0000023c198e9520, 0x0000023c198e60a0, 0x0000023c198e9bb0, 0x0000023c198ea240,
0x0000023c198eaf60, 0x0000023c198eb5f0, 0x0000023c198e8800, 0x0000023c198e8170,
0x0000023c198ebc80, 0x0000023c1c549160, 0x0000023c1c547720, 0x0000023c1c547db0,
0x0000023c1c545ce0, 0x0000023c1c548440, 0x0000023c1c5497f0, 0x0000023c1c54cc70,
0x0000023c194fa390, 0x0000023c194fdea0, 0x0000023c194fe530, 0x0000023c194febc0,
0x0000023c194fb740, 0x0000023c194ff250, 0x0000023c22793da0, 0x0000023c22793710,
0x0000023c227985d0, 0x0000023c227978b0, 0x0000023c22793080, 0x0000023c22797f40,
0x0000023c22796500, 0x0000023c22795150, 0x0000023c22794ac0, 0x0000023c22798c60,
0x0000023c227957e0, 0x0000023c22799980, 0x0000023c227992f0, 0x0000023c2279a010,
0x0000023c2279a6a0, 0x0000023c1c54bf50, 0x0000023c1c54aba0, 0x0000023c1c54b8c0,
0x0000023c194faa20, 0x0000023c194ff8e0, 0x0000023c19510fe0, 0x0000023c22acb230,
0x0000023c22ac9e80, 0x0000023c22acb8c0, 0x0000023c22acbf50, 0x0000023c22ac9160,
0x0000023c22aca510, 0x0000023c22ac97f0, 0x0000023c22acd300, 0x0000023c22acaba0,
0x0000023c22acd990, 0x0000023c22ace020, 0x0000023c22aced40, 0x0000023c22acf3d0,
0x0000023c22acfa60, 0x0000023c22a77130, 0x0000023c22a77e50, 0x0000023c22a78b70,
0x0000023c22a79200, 0x0000023c22a79890, 0x0000023c22fc6730, 0x0000023c22fc8170,
0x0000023c22a74340, 0x0000023c22a73cb0, 0x0000023c22a749d0, 0x0000023c22a72f90,
0x0000023c19f325e0
}

Java Threads: ( => current thread )
  0x0000023c77916e10 JavaThread "main"                              [_thread_blocked, id=23136, stack(0x000000fe3b600000,0x000000fe3b700000) (1024K)]
  0x0000023c1330dcd0 JavaThread "Common-Cleaner"             daemon [_thread_blocked, id=18356, stack(0x000000fe3be00000,0x000000fe3bf00000) (1024K)]
  0x0000023c134738d0 JavaThread "Reference Handler"          daemon [_thread_blocked, id=2276, stack(0x000000fe3bf00000,0x000000fe3c000000) (1024K)]
  0x0000023c13474ea0 JavaThread "Finalizer"                  daemon [_thread_blocked, id=12320, stack(0x000000fe3c000000,0x000000fe3c100000) (1024K)]
  0x0000023c13477910 JavaThread "Signal Dispatcher"          daemon [_thread_blocked, id=5612, stack(0x000000fe3c100000,0x000000fe3c200000) (1024K)]
  0x0000023c13489270 JavaThread "Attach Listener"            daemon [_thread_blocked, id=31788, stack(0x000000fe3c200000,0x000000fe3c300000) (1024K)]
  0x0000023c1348ace0 JavaThread "Service Thread"             daemon [_thread_blocked, id=30892, stack(0x000000fe3c300000,0x000000fe3c400000) (1024K)]
  0x0000023c1348b740 JavaThread "Monitor Deflation Thread"   daemon [_thread_blocked, id=33504, stack(0x000000fe3c400000,0x000000fe3c500000) (1024K)]
  0x0000023c1348c1a0 JavaThread "C2 CompilerThread0"         daemon [_thread_in_native, id=11820, stack(0x000000fe3c500000,0x000000fe3c600000) (1024K)]
  0x0000023c13495280 JavaThread "C1 CompilerThread0"         daemon [_thread_blocked, id=2356, stack(0x000000fe3c600000,0x000000fe3c700000) (1024K)]
  0x0000023c13767d10 JavaThread "Notification Thread"        daemon [_thread_blocked, id=29204, stack(0x000000fe3c700000,0x000000fe3c800000) (1024K)]
  0x0000023c19dcb370 JavaThread "Daemon health stats"               [_thread_blocked, id=15668, stack(0x000000fe3cb00000,0x000000fe3cc00000) (1024K)]
  0x0000023c19fea9a0 JavaThread "Incoming local TCP Connector on port 50062"        [_thread_in_native, id=20436, stack(0x000000fe3cc00000,0x000000fe3cd00000) (1024K)]
  0x0000023c18e2d660 JavaThread "Daemon periodic checks"            [_thread_blocked, id=30240, stack(0x000000fe3cd00000,0x000000fe3ce00000) (1024K)]
  0x0000023c19f397d0 JavaThread "Daemon"                            [_thread_blocked, id=30208, stack(0x000000fe3ce00000,0x000000fe3cf00000) (1024K)]
  0x0000023c19f39e40 JavaThread "Handler for socket connection from /127.0.0.1:50062 to /127.0.0.1:50064"        [_thread_in_native, id=22084, stack(0x000000fe3cf00000,0x000000fe3d000000) (1024K)]
  0x0000023c18ccdd90 JavaThread "Cancel handler"                    [_thread_blocked, id=23708, stack(0x000000fe3d000000,0x000000fe3d100000) (1024K)]
  0x0000023c1831c060 JavaThread "Daemon worker"                     [_thread_blocked, id=23324, stack(0x000000fe3d100000,0x000000fe3d200000) (1024K)]
  0x0000023c19510950 JavaThread "Asynchronous log dispatcher for DefaultDaemonConnection: socket connection from /127.0.0.1:50062 to /127.0.0.1:50064"        [_thread_blocked, id=26524, stack(0x000000fe3d200000,0x000000fe3d300000) (1024K)]
  0x0000023c19513740 JavaThread "Daemon client event forwarder"        [_thread_blocked, id=1988, stack(0x000000fe3d400000,0x000000fe3d500000) (1024K)]
  0x0000023c195102c0 JavaThread "Cache worker for journal cache (C:\Users\sofia\.gradle\caches\journal-1)"        [_thread_blocked, id=16644, stack(0x000000fe3d500000,0x000000fe3d600000) (1024K)]
  0x0000023c19511670 JavaThread "File lock request listener"        [_thread_in_native, id=12528, stack(0x000000fe3d600000,0x000000fe3d700000) (1024K)]
  0x0000023c19512a20 JavaThread "Cache worker for file hash cache (C:\Users\sofia\.gradle\caches\8.6\fileHashes)"        [_thread_blocked, id=24128, stack(0x000000fe3d700000,0x000000fe3d800000) (1024K)]
  0x0000023c19512390 JavaThread "File watcher server"        daemon [_thread_blocked, id=8976, stack(0x000000fe3d800000,0x000000fe3d900000) (1024K)]
  0x0000023c195130b0 JavaThread "File watcher consumer"      daemon [_thread_blocked, id=9428, stack(0x000000fe3d900000,0x000000fe3da00000) (1024K)]
  0x0000023c198e6730 JavaThread "Cache worker for checksums cache (C:\Users\sofia\Downloads\app_gestion_itinerario\.gradle\8.6\checksums)"        [_thread_blocked, id=32320, stack(0x000000fe3da00000,0x000000fe3db00000) (1024K)]
  0x0000023c198e7ae0 JavaThread "Cache worker for file hash cache (C:\Users\sofia\Downloads\app_gestion_itinerario\.gradle\8.6\fileHashes)"        [_thread_blocked, id=32648, stack(0x000000fe3db00000,0x000000fe3dc00000) (1024K)]
  0x0000023c198e6dc0 JavaThread "Cache worker for cache directory md-supplier (C:\Users\sofia\.gradle\caches\8.6\md-supplier)"        [_thread_blocked, id=30832, stack(0x000000fe3dc00000,0x000000fe3dd00000) (1024K)]
  0x0000023c198e9520 JavaThread "Cache worker for cache directory md-rule (C:\Users\sofia\.gradle\caches\8.6\md-rule)"        [_thread_blocked, id=27008, stack(0x000000fe3dd00000,0x000000fe3de00000) (1024K)]
  0x0000023c198e60a0 JavaThread "Cache worker for file content cache (C:\Users\sofia\.gradle\caches\8.6\fileContent)"        [_thread_blocked, id=25504, stack(0x000000fe3de00000,0x000000fe3df00000) (1024K)]
  0x0000023c198e9bb0 JavaThread "jar transforms"                    [_thread_blocked, id=27608, stack(0x000000fe3df00000,0x000000fe3e000000) (1024K)]
  0x0000023c198ea240 JavaThread "jar transforms Thread 2"           [_thread_blocked, id=18856, stack(0x000000fe3e100000,0x000000fe3e200000) (1024K)]
  0x0000023c198eaf60 JavaThread "jar transforms Thread 3"           [_thread_blocked, id=14064, stack(0x000000fe3e000000,0x000000fe3e100000) (1024K)]
  0x0000023c198eb5f0 JavaThread "Unconstrained build operations"        [_thread_blocked, id=5652, stack(0x000000fe3e200000,0x000000fe3e300000) (1024K)]
  0x0000023c198e8800 JavaThread "Unconstrained build operations Thread 2"        [_thread_blocked, id=6272, stack(0x000000fe3e300000,0x000000fe3e400000) (1024K)]
  0x0000023c198e8170 JavaThread "Unconstrained build operations Thread 3"        [_thread_blocked, id=23288, stack(0x000000fe3e400000,0x000000fe3e500000) (1024K)]
  0x0000023c198ebc80 JavaThread "jar transforms Thread 4"           [_thread_blocked, id=29864, stack(0x000000fe3e600000,0x000000fe3e700000) (1024K)]
  0x0000023c1c549160 JavaThread "Cache worker for Build Output Cleanup Cache (C:\Users\sofia\Downloads\app_gestion_itinerario\.gradle\buildOutputCleanup)"        [_thread_blocked, id=6060, stack(0x000000fe3e500000,0x000000fe3e600000) (1024K)]
  0x0000023c1c547720 JavaThread "Unconstrained build operations Thread 4"        [_thread_blocked, id=31260, stack(0x000000fe3e700000,0x000000fe3e800000) (1024K)]
  0x0000023c1c547db0 JavaThread "Unconstrained build operations Thread 5"        [_thread_blocked, id=31076, stack(0x000000fe3e800000,0x000000fe3e900000) (1024K)]
  0x0000023c1c545ce0 JavaThread "Unconstrained build operations Thread 6"        [_thread_blocked, id=30148, stack(0x000000fe3e900000,0x000000fe3ea00000) (1024K)]
  0x0000023c1c548440 JavaThread "build event listener"              [_thread_blocked, id=916, stack(0x000000fe3ea00000,0x000000fe3eb00000) (1024K)]
  0x0000023c1c5497f0 JavaThread "Memory manager"                    [_thread_blocked, id=31556, stack(0x000000fe3eb00000,0x000000fe3ec00000) (1024K)]
  0x0000023c1c54cc70 JavaThread "build event listener"              [_thread_blocked, id=13728, stack(0x000000fe3ec00000,0x000000fe3ed00000) (1024K)]
  0x0000023c194fa390 JavaThread "pool-3-thread-1"                   [_thread_blocked, id=32424, stack(0x000000fe3b500000,0x000000fe3b600000) (1024K)]
  0x0000023c194fdea0 JavaThread "build event listener"              [_thread_blocked, id=4812, stack(0x000000fe3ed00000,0x000000fe3ee00000) (1024K)]
  0x0000023c194fe530 JavaThread "included builds"                   [_thread_blocked, id=23152, stack(0x000000fe3ee00000,0x000000fe3ef00000) (1024K)]
  0x0000023c194febc0 JavaThread "Execution worker"                  [_thread_blocked, id=14944, stack(0x000000fe3ef00000,0x000000fe3f000000) (1024K)]
  0x0000023c194fb740 JavaThread "Execution worker Thread 2"         [_thread_blocked, id=13112, stack(0x000000fe3f000000,0x000000fe3f100000) (1024K)]
  0x0000023c194ff250 JavaThread "Execution worker Thread 3"         [_thread_blocked, id=12448, stack(0x000000fe3f100000,0x000000fe3f200000) (1024K)]
  0x0000023c22793da0 JavaThread "Cache worker for execution history cache (C:\Users\sofia\Downloads\app_gestion_itinerario\.gradle\8.6\executionHistory)"        [_thread_blocked, id=3396, stack(0x000000fe3f200000,0x000000fe3f300000) (1024K)]
  0x0000023c22793710 JavaThread "Unconstrained build operations Thread 7"        [_thread_blocked, id=14256, stack(0x000000fe3f400000,0x000000fe3f500000) (1024K)]
  0x0000023c227985d0 JavaThread "Unconstrained build operations Thread 8"        [_thread_blocked, id=13200, stack(0x000000fe3f500000,0x000000fe3f600000) (1024K)]
  0x0000023c227978b0 JavaThread "Unconstrained build operations Thread 9"        [_thread_blocked, id=28020, stack(0x000000fe3f600000,0x000000fe3f700000) (1024K)]
  0x0000023c22793080 JavaThread "Unconstrained build operations Thread 10"        [_thread_blocked, id=32988, stack(0x000000fe3f700000,0x000000fe3f800000) (1024K)]
  0x0000023c22797f40 JavaThread "Unconstrained build operations Thread 11"        [_thread_blocked, id=4276, stack(0x000000fe3f800000,0x000000fe3f900000) (1024K)]
  0x0000023c22796500 JavaThread "Unconstrained build operations Thread 12"        [_thread_blocked, id=15400, stack(0x000000fe3f900000,0x000000fe3fa00000) (1024K)]
  0x0000023c22795150 JavaThread "Unconstrained build operations Thread 13"        [_thread_blocked, id=20392, stack(0x000000fe3f300000,0x000000fe3f400000) (1024K)]
  0x0000023c22794ac0 JavaThread "Unconstrained build operations Thread 14"        [_thread_blocked, id=22368, stack(0x000000fe3fa00000,0x000000fe3fb00000) (1024K)]
  0x0000023c22798c60 JavaThread "Unconstrained build operations Thread 15"        [_thread_blocked, id=25388, stack(0x000000fe3fb00000,0x000000fe3fc00000) (1024K)]
  0x0000023c227957e0 JavaThread "Unconstrained build operations Thread 16"        [_thread_blocked, id=30324, stack(0x000000fe3fc00000,0x000000fe3fd00000) (1024K)]
  0x0000023c22799980 JavaThread "Unconstrained build operations Thread 17"        [_thread_blocked, id=32844, stack(0x000000fe3fe00000,0x000000fe3ff00000) (1024K)]
  0x0000023c227992f0 JavaThread "Unconstrained build operations Thread 18"        [_thread_blocked, id=20060, stack(0x000000fe3ff00000,0x000000fe40000000) (1024K)]
  0x0000023c2279a010 JavaThread "Unconstrained build operations Thread 19"        [_thread_blocked, id=1352, stack(0x000000fe40000000,0x000000fe40100000) (1024K)]
  0x0000023c2279a6a0 JavaThread "Unconstrained build operations Thread 20"        [_thread_blocked, id=12348, stack(0x000000fe40100000,0x000000fe40200000) (1024K)]
  0x0000023c1c54bf50 JavaThread "Unconstrained build operations Thread 21"        [_thread_blocked, id=7392, stack(0x000000fe40200000,0x000000fe40300000) (1024K)]
  0x0000023c1c54aba0 JavaThread "Unconstrained build operations Thread 22"        [_thread_blocked, id=31184, stack(0x000000fe40300000,0x000000fe40400000) (1024K)]
  0x0000023c1c54b8c0 JavaThread "Unconstrained build operations Thread 23"        [_thread_blocked, id=31536, stack(0x000000fe40400000,0x000000fe40500000) (1024K)]
  0x0000023c194faa20 JavaThread "Unconstrained build operations Thread 24"        [_thread_blocked, id=5212, stack(0x000000fe40500000,0x000000fe40600000) (1024K)]
  0x0000023c194ff8e0 JavaThread "Unconstrained build operations Thread 25"        [_thread_blocked, id=33472, stack(0x000000fe40600000,0x000000fe40700000) (1024K)]
  0x0000023c19510fe0 JavaThread "Unconstrained build operations Thread 26"        [_thread_blocked, id=22724, stack(0x000000fe40700000,0x000000fe40800000) (1024K)]
  0x0000023c22acb230 JavaThread "WorkerExecutor Queue"              [_thread_blocked, id=29456, stack(0x000000fe40800000,0x000000fe40900000) (1024K)]
  0x0000023c22ac9e80 JavaThread "Unconstrained build operations Thread 27"        [_thread_blocked, id=14724, stack(0x000000fe40900000,0x000000fe40a00000) (1024K)]
  0x0000023c22acb8c0 JavaThread "Unconstrained build operations Thread 28"        [_thread_blocked, id=1484, stack(0x000000fe40a00000,0x000000fe40b00000) (1024K)]
  0x0000023c22acbf50 JavaThread "Unconstrained build operations Thread 29"        [_thread_blocked, id=22364, stack(0x000000fe40b00000,0x000000fe40c00000) (1024K)]
  0x0000023c22ac9160 JavaThread "Unconstrained build operations Thread 30"        [_thread_blocked, id=14132, stack(0x000000fe40c00000,0x000000fe40d00000) (1024K)]
  0x0000023c22aca510 JavaThread "Unconstrained build operations Thread 31"        [_thread_blocked, id=3880, stack(0x000000fe40d00000,0x000000fe40e00000) (1024K)]
  0x0000023c22ac97f0 JavaThread "Unconstrained build operations Thread 32"        [_thread_blocked, id=24056, stack(0x000000fe40e00000,0x000000fe40f00000) (1024K)]
  0x0000023c22acd300 JavaThread "Unconstrained build operations Thread 33"        [_thread_blocked, id=13092, stack(0x000000fe40f00000,0x000000fe41000000) (1024K)]
  0x0000023c22acaba0 JavaThread "Unconstrained build operations Thread 34"        [_thread_blocked, id=14692, stack(0x000000fe41000000,0x000000fe41100000) (1024K)]
  0x0000023c22acd990 JavaThread "Unconstrained build operations Thread 35"        [_thread_blocked, id=26880, stack(0x000000fe41100000,0x000000fe41200000) (1024K)]
  0x0000023c22ace020 JavaThread "Unconstrained build operations Thread 36"        [_thread_blocked, id=29048, stack(0x000000fe41200000,0x000000fe41300000) (1024K)]
  0x0000023c22aced40 JavaThread "Unconstrained build operations Thread 37"        [_thread_blocked, id=22716, stack(0x000000fe41300000,0x000000fe41400000) (1024K)]
  0x0000023c22acf3d0 JavaThread "Unconstrained build operations Thread 38"        [_thread_blocked, id=24500, stack(0x000000fe41400000,0x000000fe41500000) (1024K)]
  0x0000023c22acfa60 JavaThread "pool-4-thread-1"                   [_thread_blocked, id=13780, stack(0x000000fe41500000,0x000000fe41600000) (1024K)]
  0x0000023c22a77130 JavaThread "WorkerExecutor Queue Thread 2"        [_thread_blocked, id=11812, stack(0x000000fe3fd00000,0x000000fe3fe00000) (1024K)]
  0x0000023c22a77e50 JavaThread "Unconstrained build operations Thread 39"        [_thread_blocked, id=28488, stack(0x000000fe41600000,0x000000fe41700000) (1024K)]
  0x0000023c22a78b70 JavaThread "Unconstrained build operations Thread 40"        [_thread_blocked, id=28536, stack(0x000000fe41700000,0x000000fe41800000) (1024K)]
  0x0000023c22a79200 JavaThread "WorkerExecutor Queue Thread 3"        [_thread_blocked, id=8248, stack(0x000000fe41800000,0x000000fe41900000) (1024K)]
  0x0000023c22a79890 JavaThread "WorkerExecutor Queue Thread 4"        [_thread_blocked, id=15920, stack(0x000000fe41900000,0x000000fe41a00000) (1024K)]
  0x0000023c22fc6730 JavaThread "stderr"                            [_thread_in_native, id=20992, stack(0x000000fe41b00000,0x000000fe41c00000) (1024K)]
  0x0000023c22fc8170 JavaThread "stdout"                            [_thread_in_native, id=30568, stack(0x000000fe41c00000,0x000000fe41d00000) (1024K)]
  0x0000023c22a74340 JavaThread "ForkJoinPool-1-worker-1"    daemon [_thread_blocked, id=32452, stack(0x000000fe41d00000,0x000000fe41e00000) (1024K)]
  0x0000023c22a73cb0 JavaThread "ForkJoinPool-1-worker-2"    daemon [_thread_blocked, id=3944, stack(0x000000fe41e00000,0x000000fe41f00000) (1024K)]
  0x0000023c22a749d0 JavaThread "ForkJoinPool-1-worker-3"    daemon [_thread_blocked, id=30032, stack(0x000000fe41f00000,0x000000fe42000000) (1024K)]
  0x0000023c22a72f90 JavaThread "ForkJoinPool-1-worker-4"    daemon [_thread_blocked, id=5792, stack(0x000000fe42000000,0x000000fe42100000) (1024K)]
  0x0000023c19f325e0 JavaThread "C2 CompilerThread1"         daemon [_thread_blocked, id=28852, stack(0x000000fe42100000,0x000000fe42200000) (1024K)]
Total: 97

Other Threads:
=>0x0000023c132e73c0 VMThread "VM Thread"                           [id=31500, stack(0x000000fe3bd00000,0x000000fe3be00000) (1024K)]
  0x0000023c1324b8b0 WatcherThread "VM Periodic Task Thread"        [id=4056, stack(0x000000fe3bc00000,0x000000fe3bd00000) (1024K)]
  0x0000023c77f497c0 WorkerThread "GC Thread#0"                     [id=18900, stack(0x000000fe3b700000,0x000000fe3b800000) (1024K)]
  0x0000023c180ac6e0 WorkerThread "GC Thread#1"                     [id=31768, stack(0x000000fe3c800000,0x000000fe3c900000) (1024K)]
  0x0000023c180aca80 WorkerThread "GC Thread#2"                     [id=28416, stack(0x000000fe3c900000,0x000000fe3ca00000) (1024K)]
  0x0000023c18a7e710 WorkerThread "GC Thread#3"                     [id=26688, stack(0x000000fe3ca00000,0x000000fe3cb00000) (1024K)]
  0x0000023c779ddfe0 ConcurrentGCThread "G1 Main Marker"            [id=14092, stack(0x000000fe3b800000,0x000000fe3b900000) (1024K)]
  0x0000023c779de9f0 WorkerThread "G1 Conc#0"                       [id=32244, stack(0x000000fe3b900000,0x000000fe3ba00000) (1024K)]
  0x0000023c77f9e9e0 ConcurrentGCThread "G1 Refine#0"               [id=8148, stack(0x000000fe3ba00000,0x000000fe3bb00000) (1024K)]
  0x0000023c131215f0 ConcurrentGCThread "G1 Service"                [id=20588, stack(0x000000fe3bb00000,0x000000fe3bc00000) (1024K)]
Total: 10

Threads with active compile tasks:
C2 CompilerThread0  123259 16369       4       com.android.tools.r8.dex.code.O::a (3284 bytes)
Total: 1

VM state: at safepoint (normal execution)

VM Mutex/Monitor currently owned by a thread:  ([mutex/lock_event])
[0x00007fff16ac8690] Threads_lock - owner thread: 0x0000023c132e73c0
[0x00007fff16ac8790] Heap_lock - owner thread: 0x0000023c22a749d0

Heap address: 0x0000000700000000, size: 4096 MB, Compressed Oops mode: Zero based, Oop shift amount: 3

CDS archive(s) not mapped
Compressed class space mapped at: 0x0000000800000000-0x000000081a000000, reserved size: 436207616
Narrow klass base: 0x0000000800000000, Narrow klass shift: 0, Narrow klass range: 0x1a000000

GC Precious Log:
 CardTable entry size: 512
 Card Set container configuration: InlinePtr #cards 4 size 8 Array Of Cards #cards 16 size 48 Howl #buckets 8 coarsen threshold 3686 Howl Bitmap #cards 512 size 80 coarsen threshold 460 Card regions per heap region 1 cards per card region 4096
 CPUs: 4 total, 4 available
 Memory: 8005M
 Large Page Support: Disabled
 NUMA Support: Disabled
 Compressed Oops: Enabled (Zero based)
 Heap Region Size: 2M
 Heap Min Capacity: 8M
 Heap Initial Capacity: 126M
 Heap Max Capacity: 4G
 Pre-touch: Disabled
 Parallel Workers: 4
 Concurrent Workers: 1
 Concurrent Refinement Workers: 4
 Periodic GC: Disabled

Heap:
 garbage-first heap   total 686080K, used 598016K [0x0000000700000000, 0x0000000800000000)
  region size 2048K, 4 young (8192K), 4 survivors (8192K)
 Metaspace       used 125446K, committed 127552K, reserved 557056K
  class space    used 17580K, committed 18560K, reserved 425984K

Heap Regions: E=young(eden), S=young(survivor), O=old, HS=humongous(starts), HC=humongous(continues), CS=collection set, F=free, TAMS=top-at-mark-start, PB=parsable bottom
|   0|0x0000000700000000, 0x0000000700200000, 0x0000000700200000|100%|HS|  |TAMS 0x0000000700200000| PB 0x0000000700000000| Complete 
|   1|0x0000000700200000, 0x0000000700400000, 0x0000000700400000|100%|HC|  |TAMS 0x0000000700400000| PB 0x0000000700200000| Complete 
|   2|0x0000000700400000, 0x0000000700600000, 0x0000000700600000|100%| O|  |TAMS 0x0000000700600000| PB 0x0000000700400000| Untracked 
|   3|0x0000000700600000, 0x0000000700800000, 0x0000000700800000|100%| O|  |TAMS 0x0000000700800000| PB 0x0000000700600000| Untracked 
|   4|0x0000000700800000, 0x0000000700a00000, 0x0000000700a00000|100%| O|  |TAMS 0x0000000700a00000| PB 0x0000000700800000| Untracked 
|   5|0x0000000700a00000, 0x0000000700c00000, 0x0000000700c00000|100%| O|  |TAMS 0x0000000700c00000| PB 0x0000000700a00000| Untracked 
|   6|0x0000000700c00000, 0x0000000700e00000, 0x0000000700e00000|100%| O|  |TAMS 0x0000000700e00000| PB 0x0000000700c00000| Untracked 
|   7|0x0000000700e00000, 0x0000000701000000, 0x0000000701000000|100%| O|  |TAMS 0x0000000701000000| PB 0x0000000700e00000| Untracked 
|   8|0x0000000701000000, 0x0000000701200000, 0x0000000701200000|100%| O|  |TAMS 0x0000000701200000| PB 0x0000000701000000| Untracked 
|   9|0x0000000701200000, 0x0000000701400000, 0x0000000701400000|100%| O|  |TAMS 0x0000000701400000| PB 0x0000000701200000| Untracked 
|  10|0x0000000701400000, 0x0000000701600000, 0x0000000701600000|100%|HS|  |TAMS 0x0000000701600000| PB 0x0000000701400000| Complete 
|  11|0x0000000701600000, 0x0000000701800000, 0x0000000701800000|100%| O|  |TAMS 0x0000000701800000| PB 0x0000000701600000| Untracked 
|  12|0x0000000701800000, 0x0000000701a00000, 0x0000000701a00000|100%| O|  |TAMS 0x0000000701a00000| PB 0x0000000701800000| Untracked 
|  13|0x0000000701a00000, 0x0000000701c00000, 0x0000000701c00000|100%| O|  |TAMS 0x0000000701c00000| PB 0x0000000701a00000| Untracked 
|  14|0x0000000701c00000, 0x0000000701e00000, 0x0000000701e00000|100%| O|  |TAMS 0x0000000701e00000| PB 0x0000000701c00000| Untracked 
|  15|0x0000000701e00000, 0x0000000702000000, 0x0000000702000000|100%| O|  |TAMS 0x0000000702000000| PB 0x0000000701e00000| Untracked 
|  16|0x0000000702000000, 0x0000000702200000, 0x0000000702200000|100%| O|  |TAMS 0x0000000702200000| PB 0x0000000702000000| Untracked 
|  17|0x0000000702200000, 0x0000000702400000, 0x0000000702400000|100%| O|  |TAMS 0x0000000702400000| PB 0x0000000702200000| Untracked 
|  18|0x0000000702400000, 0x0000000702600000, 0x0000000702600000|100%| O|  |TAMS 0x0000000702600000| PB 0x0000000702400000| Untracked 
|  19|0x0000000702600000, 0x0000000702800000, 0x0000000702800000|100%| O|  |TAMS 0x0000000702800000| PB 0x0000000702600000| Untracked 
|  20|0x0000000702800000, 0x0000000702a00000, 0x0000000702a00000|100%| O|  |TAMS 0x0000000702a00000| PB 0x0000000702800000| Untracked 
|  21|0x0000000702a00000, 0x0000000702c00000, 0x0000000702c00000|100%|HS|  |TAMS 0x0000000702c00000| PB 0x0000000702a00000| Complete 
|  22|0x0000000702c00000, 0x0000000702e00000, 0x0000000702e00000|100%| O|  |TAMS 0x0000000702e00000| PB 0x0000000702c00000| Untracked 
|  23|0x0000000702e00000, 0x0000000703000000, 0x0000000703000000|100%| O|  |TAMS 0x0000000703000000| PB 0x0000000702e00000| Untracked 
|  24|0x0000000703000000, 0x0000000703200000, 0x0000000703200000|100%|HS|  |TAMS 0x0000000703200000| PB 0x0000000703000000| Complete 
|  25|0x0000000703200000, 0x0000000703400000, 0x0000000703400000|100%|HS|  |TAMS 0x0000000703400000| PB 0x0000000703200000| Complete 
|  26|0x0000000703400000, 0x0000000703600000, 0x0000000703600000|100%|HC|  |TAMS 0x0000000703600000| PB 0x0000000703400000| Complete 
|  27|0x0000000703600000, 0x0000000703800000, 0x0000000703800000|100%| O|  |TAMS 0x0000000703800000| PB 0x0000000703600000| Untracked 
|  28|0x0000000703800000, 0x0000000703a00000, 0x0000000703a00000|100%| O|  |TAMS 0x0000000703a00000| PB 0x0000000703800000| Untracked 
|  29|0x0000000703a00000, 0x0000000703c00000, 0x0000000703c00000|100%| O|  |TAMS 0x0000000703c00000| PB 0x0000000703a00000| Untracked 
|  30|0x0000000703c00000, 0x0000000703e00000, 0x0000000703e00000|100%| O|  |TAMS 0x0000000703e00000| PB 0x0000000703c00000| Untracked 
|  31|0x0000000703e00000, 0x0000000704000000, 0x0000000704000000|100%| O|  |TAMS 0x0000000704000000| PB 0x0000000703e00000| Untracked 
|  32|0x0000000704000000, 0x0000000704200000, 0x0000000704200000|100%| O|  |TAMS 0x0000000704200000| PB 0x0000000704000000| Untracked 
|  33|0x0000000704200000, 0x0000000704400000, 0x0000000704400000|100%|HS|  |TAMS 0x0000000704400000| PB 0x0000000704200000| Complete 
|  34|0x0000000704400000, 0x0000000704600000, 0x0000000704600000|100%|HC|  |TAMS 0x0000000704600000| PB 0x0000000704400000| Complete 
|  35|0x0000000704600000, 0x0000000704800000, 0x0000000704800000|100%| O|  |TAMS 0x0000000704800000| PB 0x0000000704600000| Untracked 
|  36|0x0000000704800000, 0x0000000704a00000, 0x0000000704a00000|100%| O|  |TAMS 0x0000000704a00000| PB 0x0000000704800000| Untracked 
|  37|0x0000000704a00000, 0x0000000704c00000, 0x0000000704c00000|100%| O|  |TAMS 0x0000000704c00000| PB 0x0000000704a00000| Untracked 
|  38|0x0000000704c00000, 0x0000000704e00000, 0x0000000704e00000|100%| O|  |TAMS 0x0000000704e00000| PB 0x0000000704c00000| Untracked 
|  39|0x0000000704e00000, 0x0000000705000000, 0x0000000705000000|100%| O|  |TAMS 0x0000000705000000| PB 0x0000000704e00000| Untracked 
|  40|0x0000000705000000, 0x0000000705200000, 0x0000000705200000|100%| O|  |TAMS 0x0000000705200000| PB 0x0000000705000000| Untracked 
|  41|0x0000000705200000, 0x0000000705400000, 0x0000000705400000|100%| O|  |TAMS 0x0000000705400000| PB 0x0000000705200000| Untracked 
|  42|0x0000000705400000, 0x0000000705600000, 0x0000000705600000|100%| O|  |TAMS 0x0000000705600000| PB 0x0000000705400000| Untracked 
|  43|0x0000000705600000, 0x0000000705800000, 0x0000000705800000|100%| O|  |TAMS 0x0000000705800000| PB 0x0000000705600000| Untracked 
|  44|0x0000000705800000, 0x0000000705a00000, 0x0000000705a00000|100%| O|  |TAMS 0x0000000705a00000| PB 0x0000000705800000| Untracked 
|  45|0x0000000705a00000, 0x0000000705c00000, 0x0000000705c00000|100%| O|  |TAMS 0x0000000705c00000| PB 0x0000000705a00000| Untracked 
|  46|0x0000000705c00000, 0x0000000705e00000, 0x0000000705e00000|100%| O|  |TAMS 0x0000000705e00000| PB 0x0000000705c00000| Untracked 
|  47|0x0000000705e00000, 0x0000000706000000, 0x0000000706000000|100%| O|  |TAMS 0x0000000706000000| PB 0x0000000705e00000| Untracked 
|  48|0x0000000706000000, 0x0000000706200000, 0x0000000706200000|100%| O|  |TAMS 0x0000000706200000| PB 0x0000000706000000| Untracked 
|  49|0x0000000706200000, 0x0000000706400000, 0x0000000706400000|100%| O|  |TAMS 0x0000000706400000| PB 0x0000000706200000| Untracked 
|  50|0x0000000706400000, 0x0000000706600000, 0x0000000706600000|100%| O|  |TAMS 0x0000000706600000| PB 0x0000000706400000| Untracked 
|  51|0x0000000706600000, 0x0000000706800000, 0x0000000706800000|100%| O|  |TAMS 0x0000000706800000| PB 0x0000000706600000| Untracked 
|  52|0x0000000706800000, 0x0000000706a00000, 0x0000000706a00000|100%| O|  |TAMS 0x0000000706a00000| PB 0x0000000706800000| Untracked 
|  53|0x0000000706a00000, 0x0000000706c00000, 0x0000000706c00000|100%| O|  |TAMS 0x0000000706c00000| PB 0x0000000706a00000| Untracked 
|  54|0x0000000706c00000, 0x0000000706e00000, 0x0000000706e00000|100%| O|  |TAMS 0x0000000706e00000| PB 0x0000000706c00000| Untracked 
|  55|0x0000000706e00000, 0x0000000707000000, 0x0000000707000000|100%|HS|  |TAMS 0x0000000707000000| PB 0x0000000706e00000| Complete 
|  56|0x0000000707000000, 0x0000000707200000, 0x0000000707200000|100%|HS|  |TAMS 0x0000000707200000| PB 0x0000000707000000| Complete 
|  57|0x0000000707200000, 0x0000000707400000, 0x0000000707400000|100%|HC|  |TAMS 0x0000000707400000| PB 0x0000000707200000| Complete 
|  58|0x0000000707400000, 0x0000000707600000, 0x0000000707600000|100%|HS|  |TAMS 0x0000000707600000| PB 0x0000000707400000| Complete 
|  59|0x0000000707600000, 0x0000000707800000, 0x0000000707800000|100%|HS|  |TAMS 0x0000000707800000| PB 0x0000000707600000| Complete 
|  60|0x0000000707800000, 0x0000000707a00000, 0x0000000707a00000|100%|HC|  |TAMS 0x0000000707a00000| PB 0x0000000707800000| Complete 
|  61|0x0000000707a00000, 0x0000000707c00000, 0x0000000707c00000|100%|HS|  |TAMS 0x0000000707c00000| PB 0x0000000707a00000| Complete 
|  62|0x0000000707c00000, 0x0000000707e00000, 0x0000000707e00000|100%|HC|  |TAMS 0x0000000707e00000| PB 0x0000000707c00000| Complete 
|  63|0x0000000707e00000, 0x0000000708000000, 0x0000000708000000|100%|HS|  |TAMS 0x0000000708000000| PB 0x0000000707e00000| Complete 
|  64|0x0000000708000000, 0x0000000708200000, 0x0000000708200000|100%|HC|  |TAMS 0x0000000708200000| PB 0x0000000708000000| Complete 
|  65|0x0000000708200000, 0x0000000708400000, 0x0000000708400000|100%| O|  |TAMS 0x0000000708400000| PB 0x0000000708200000| Untracked 
|  66|0x0000000708400000, 0x0000000708600000, 0x0000000708600000|100%|HS|  |TAMS 0x0000000708600000| PB 0x0000000708400000| Complete 
|  67|0x0000000708600000, 0x0000000708800000, 0x0000000708800000|100%|HS|  |TAMS 0x0000000708800000| PB 0x0000000708600000| Complete 
|  68|0x0000000708800000, 0x0000000708a00000, 0x0000000708a00000|100%| O|  |TAMS 0x0000000708a00000| PB 0x0000000708800000| Untracked 
|  69|0x0000000708a00000, 0x0000000708c00000, 0x0000000708c00000|100%|HS|  |TAMS 0x0000000708c00000| PB 0x0000000708a00000| Complete 
|  70|0x0000000708c00000, 0x0000000708e00000, 0x0000000708e00000|100%|HS|  |TAMS 0x0000000708e00000| PB 0x0000000708c00000| Complete 
|  71|0x0000000708e00000, 0x0000000709000000, 0x0000000709000000|100%|HS|  |TAMS 0x0000000709000000| PB 0x0000000708e00000| Complete 
|  72|0x0000000709000000, 0x0000000709200000, 0x0000000709200000|100%| O|  |TAMS 0x0000000709200000| PB 0x0000000709000000| Untracked 
|  73|0x0000000709200000, 0x0000000709400000, 0x0000000709400000|100%|HS|  |TAMS 0x0000000709400000| PB 0x0000000709200000| Complete 
|  74|0x0000000709400000, 0x0000000709600000, 0x0000000709600000|100%|HC|  |TAMS 0x0000000709600000| PB 0x0000000709400000| Complete 
|  75|0x0000000709600000, 0x0000000709800000, 0x0000000709800000|100%|HS|  |TAMS 0x0000000709800000| PB 0x0000000709600000| Complete 
|  76|0x0000000709800000, 0x0000000709a00000, 0x0000000709a00000|100%|HS|  |TAMS 0x0000000709a00000| PB 0x0000000709800000| Complete 
|  77|0x0000000709a00000, 0x0000000709c00000, 0x0000000709c00000|100%|HS|  |TAMS 0x0000000709c00000| PB 0x0000000709a00000| Complete 
|  78|0x0000000709c00000, 0x0000000709e00000, 0x0000000709e00000|100%|HC|  |TAMS 0x0000000709e00000| PB 0x0000000709c00000| Complete 
|  79|0x0000000709e00000, 0x000000070a000000, 0x000000070a000000|100%|HS|  |TAMS 0x000000070a000000| PB 0x0000000709e00000| Complete 
|  80|0x000000070a000000, 0x000000070a200000, 0x000000070a200000|100%|HC|  |TAMS 0x000000070a200000| PB 0x000000070a000000| Complete 
|  81|0x000000070a200000, 0x000000070a400000, 0x000000070a400000|100%|HS|  |TAMS 0x000000070a400000| PB 0x000000070a200000| Complete 
|  82|0x000000070a400000, 0x000000070a600000, 0x000000070a600000|100%|HC|  |TAMS 0x000000070a600000| PB 0x000000070a400000| Complete 
|  83|0x000000070a600000, 0x000000070a800000, 0x000000070a800000|100%| O|  |TAMS 0x000000070a800000| PB 0x000000070a600000| Untracked 
|  84|0x000000070a800000, 0x000000070aa00000, 0x000000070aa00000|100%|HS|  |TAMS 0x000000070aa00000| PB 0x000000070a800000| Complete 
|  85|0x000000070aa00000, 0x000000070ac00000, 0x000000070ac00000|100%| O|  |TAMS 0x000000070ac00000| PB 0x000000070aa00000| Untracked 
|  86|0x000000070ac00000, 0x000000070ae00000, 0x000000070ae00000|100%|HS|  |TAMS 0x000000070ae00000| PB 0x000000070ac00000| Complete 
|  87|0x000000070ae00000, 0x000000070b000000, 0x000000070b000000|100%| O|  |TAMS 0x000000070b000000| PB 0x000000070ae00000| Untracked 
|  88|0x000000070b000000, 0x000000070b200000, 0x000000070b200000|100%|HS|  |TAMS 0x000000070b200000| PB 0x000000070b000000| Complete 
|  89|0x000000070b200000, 0x000000070b400000, 0x000000070b400000|100%| O|  |TAMS 0x000000070b400000| PB 0x000000070b200000| Untracked 
|  90|0x000000070b400000, 0x000000070b600000, 0x000000070b600000|100%| O|  |TAMS 0x000000070b600000| PB 0x000000070b400000| Untracked 
|  91|0x000000070b600000, 0x000000070b800000, 0x000000070b800000|100%| O|  |TAMS 0x000000070b800000| PB 0x000000070b600000| Untracked 
|  92|0x000000070b800000, 0x000000070ba00000, 0x000000070ba00000|100%|HS|  |TAMS 0x000000070ba00000| PB 0x000000070b800000| Complete 
|  93|0x000000070ba00000, 0x000000070bc00000, 0x000000070bc00000|100%|HC|  |TAMS 0x000000070bc00000| PB 0x000000070ba00000| Complete 
|  94|0x000000070bc00000, 0x000000070be00000, 0x000000070be00000|100%| O|  |TAMS 0x000000070be00000| PB 0x000000070bc00000| Untracked 
|  95|0x000000070be00000, 0x000000070c000000, 0x000000070c000000|100%| O|  |TAMS 0x000000070c000000| PB 0x000000070be00000| Untracked 
|  96|0x000000070c000000, 0x000000070c200000, 0x000000070c200000|100%| O|  |TAMS 0x000000070c200000| PB 0x000000070c000000| Untracked 
|  97|0x000000070c200000, 0x000000070c400000, 0x000000070c400000|100%| O|  |TAMS 0x000000070c400000| PB 0x000000070c200000| Untracked 
|  98|0x000000070c400000, 0x000000070c600000, 0x000000070c600000|100%| O|  |TAMS 0x000000070c600000| PB 0x000000070c400000| Untracked 
|  99|0x000000070c600000, 0x000000070c800000, 0x000000070c800000|100%| O|  |TAMS 0x000000070c800000| PB 0x000000070c600000| Untracked 
| 100|0x000000070c800000, 0x000000070ca00000, 0x000000070ca00000|100%| O|  |TAMS 0x000000070ca00000| PB 0x000000070c800000| Untracked 
| 101|0x000000070ca00000, 0x000000070cc00000, 0x000000070cc00000|100%| O|  |TAMS 0x000000070cc00000| PB 0x000000070ca00000| Untracked 
| 102|0x000000070cc00000, 0x000000070ce00000, 0x000000070ce00000|100%| O|  |TAMS 0x000000070ce00000| PB 0x000000070cc00000| Untracked 
| 103|0x000000070ce00000, 0x000000070d000000, 0x000000070d000000|100%| O|  |TAMS 0x000000070ce00000| PB 0x000000070ce00000| Untracked 
| 104|0x000000070d000000, 0x000000070d200000, 0x000000070d200000|100%| O|  |TAMS 0x000000070d200000| PB 0x000000070d000000| Untracked 
| 105|0x000000070d200000, 0x000000070d400000, 0x000000070d400000|100%|HS|  |TAMS 0x000000070d400000| PB 0x000000070d200000| Complete 
| 106|0x000000070d400000, 0x000000070d600000, 0x000000070d600000|100%|HC|  |TAMS 0x000000070d600000| PB 0x000000070d400000| Complete 
| 107|0x000000070d600000, 0x000000070d800000, 0x000000070d800000|100%|HC|  |TAMS 0x000000070d800000| PB 0x000000070d600000| Complete 
| 108|0x000000070d800000, 0x000000070da00000, 0x000000070da00000|100%|HC|  |TAMS 0x000000070da00000| PB 0x000000070d800000| Complete 
| 109|0x000000070da00000, 0x000000070dc00000, 0x000000070dc00000|100%|HC|  |TAMS 0x000000070dc00000| PB 0x000000070da00000| Complete 
| 110|0x000000070dc00000, 0x000000070de00000, 0x000000070de00000|100%|HC|  |TAMS 0x000000070de00000| PB 0x000000070dc00000| Complete 
| 111|0x000000070de00000, 0x000000070e000000, 0x000000070e000000|100%|HC|  |TAMS 0x000000070e000000| PB 0x000000070de00000| Complete 
| 112|0x000000070e000000, 0x000000070e200000, 0x000000070e200000|100%|HC|  |TAMS 0x000000070e200000| PB 0x000000070e000000| Complete 
| 113|0x000000070e200000, 0x000000070e400000, 0x000000070e400000|100%|HC|  |TAMS 0x000000070e400000| PB 0x000000070e200000| Complete 
| 114|0x000000070e400000, 0x000000070e600000, 0x000000070e600000|100%|HC|  |TAMS 0x000000070e600000| PB 0x000000070e400000| Complete 
| 115|0x000000070e600000, 0x000000070e800000, 0x000000070e800000|100%|HC|  |TAMS 0x000000070e800000| PB 0x000000070e600000| Complete 
| 116|0x000000070e800000, 0x000000070ea00000, 0x000000070ea00000|100%|HC|  |TAMS 0x000000070ea00000| PB 0x000000070e800000| Complete 
| 117|0x000000070ea00000, 0x000000070ec00000, 0x000000070ec00000|100%|HC|  |TAMS 0x000000070ec00000| PB 0x000000070ea00000| Complete 
| 118|0x000000070ec00000, 0x000000070ee00000, 0x000000070ee00000|100%|HC|  |TAMS 0x000000070ee00000| PB 0x000000070ec00000| Complete 
| 119|0x000000070ee00000, 0x000000070f000000, 0x000000070f000000|100%|HC|  |TAMS 0x000000070f000000| PB 0x000000070ee00000| Complete 
| 120|0x000000070f000000, 0x000000070f200000, 0x000000070f200000|100%|HS|  |TAMS 0x000000070f200000| PB 0x000000070f000000| Complete 
| 121|0x000000070f200000, 0x000000070f400000, 0x000000070f400000|100%| O|  |TAMS 0x000000070f400000| PB 0x000000070f200000| Untracked 
| 122|0x000000070f400000, 0x000000070f600000, 0x000000070f600000|100%| O|  |TAMS 0x000000070f600000| PB 0x000000070f400000| Untracked 
| 123|0x000000070f600000, 0x000000070f800000, 0x000000070f800000|100%| O|  |TAMS 0x000000070f800000| PB 0x000000070f600000| Untracked 
| 124|0x000000070f800000, 0x000000070fa00000, 0x000000070fa00000|100%| O|  |TAMS 0x000000070fa00000| PB 0x000000070f800000| Untracked 
| 125|0x000000070fa00000, 0x000000070fc00000, 0x000000070fc00000|100%| O|  |TAMS 0x000000070fc00000| PB 0x000000070fa00000| Untracked 
| 126|0x000000070fc00000, 0x000000070fe00000, 0x000000070fe00000|100%| O|  |TAMS 0x000000070fe00000| PB 0x000000070fc00000| Untracked 
| 127|0x000000070fe00000, 0x0000000710000000, 0x0000000710000000|100%| O|  |TAMS 0x0000000710000000| PB 0x000000070fe00000| Untracked 
| 128|0x0000000710000000, 0x0000000710200000, 0x0000000710200000|100%| O|  |TAMS 0x0000000710200000| PB 0x0000000710000000| Untracked 
| 129|0x0000000710200000, 0x0000000710400000, 0x0000000710400000|100%| O|  |TAMS 0x0000000710400000| PB 0x0000000710200000| Untracked 
| 130|0x0000000710400000, 0x0000000710600000, 0x0000000710600000|100%| O|  |TAMS 0x0000000710600000| PB 0x0000000710400000| Untracked 
| 131|0x0000000710600000, 0x0000000710800000, 0x0000000710800000|100%| O|  |TAMS 0x0000000710800000| PB 0x0000000710600000| Untracked 
| 132|0x0000000710800000, 0x0000000710a00000, 0x0000000710a00000|100%| O|  |TAMS 0x0000000710a00000| PB 0x0000000710800000| Untracked 
| 133|0x0000000710a00000, 0x0000000710c00000, 0x0000000710c00000|100%| O|  |TAMS 0x0000000710c00000| PB 0x0000000710a00000| Untracked 
| 134|0x0000000710c00000, 0x0000000710e00000, 0x0000000710e00000|100%| O|  |TAMS 0x0000000710e00000| PB 0x0000000710c00000| Untracked 
| 135|0x0000000710e00000, 0x0000000711000000, 0x0000000711000000|100%| O|  |TAMS 0x0000000711000000| PB 0x0000000710e00000| Untracked 
| 136|0x0000000711000000, 0x0000000711200000, 0x0000000711200000|100%|HS|  |TAMS 0x0000000711200000| PB 0x0000000711000000| Complete 
| 137|0x0000000711200000, 0x0000000711400000, 0x0000000711400000|100%|HC|  |TAMS 0x0000000711400000| PB 0x0000000711200000| Complete 
| 138|0x0000000711400000, 0x0000000711600000, 0x0000000711600000|100%|HC|  |TAMS 0x0000000711600000| PB 0x0000000711400000| Complete 
| 139|0x0000000711600000, 0x0000000711800000, 0x0000000711800000|100%|HC|  |TAMS 0x0000000711800000| PB 0x0000000711600000| Complete 
| 140|0x0000000711800000, 0x0000000711a00000, 0x0000000711a00000|100%|HC|  |TAMS 0x0000000711a00000| PB 0x0000000711800000| Complete 
| 141|0x0000000711a00000, 0x0000000711c00000, 0x0000000711c00000|100%|HC|  |TAMS 0x0000000711c00000| PB 0x0000000711a00000| Complete 
| 142|0x0000000711c00000, 0x0000000711e00000, 0x0000000711e00000|100%|HC|  |TAMS 0x0000000711e00000| PB 0x0000000711c00000| Complete 
| 143|0x0000000711e00000, 0x0000000712000000, 0x0000000712000000|100%|HC|  |TAMS 0x0000000712000000| PB 0x0000000711e00000| Complete 
| 144|0x0000000712000000, 0x0000000712200000, 0x0000000712200000|100%|HC|  |TAMS 0x0000000712200000| PB 0x0000000712000000| Complete 
| 145|0x0000000712200000, 0x0000000712400000, 0x0000000712400000|100%|HC|  |TAMS 0x0000000712400000| PB 0x0000000712200000| Complete 
| 146|0x0000000712400000, 0x0000000712600000, 0x0000000712600000|100%|HC|  |TAMS 0x0000000712600000| PB 0x0000000712400000| Complete 
| 147|0x0000000712600000, 0x0000000712800000, 0x0000000712800000|100%|HC|  |TAMS 0x0000000712800000| PB 0x0000000712600000| Complete 
| 148|0x0000000712800000, 0x0000000712a00000, 0x0000000712a00000|100%|HC|  |TAMS 0x0000000712a00000| PB 0x0000000712800000| Complete 
| 149|0x0000000712a00000, 0x0000000712c00000, 0x0000000712c00000|100%|HC|  |TAMS 0x0000000712c00000| PB 0x0000000712a00000| Complete 
| 150|0x0000000712c00000, 0x0000000712e00000, 0x0000000712e00000|100%|HC|  |TAMS 0x0000000712e00000| PB 0x0000000712c00000| Complete 
| 151|0x0000000712e00000, 0x0000000713000000, 0x0000000713000000|100%| O|  |TAMS 0x0000000713000000| PB 0x0000000712e00000| Untracked 
| 152|0x0000000713000000, 0x0000000713200000, 0x0000000713200000|100%| O|  |TAMS 0x0000000713200000| PB 0x0000000713000000| Untracked 
| 153|0x0000000713200000, 0x0000000713400000, 0x0000000713400000|100%| O|  |TAMS 0x0000000713400000| PB 0x0000000713200000| Untracked 
| 154|0x0000000713400000, 0x0000000713600000, 0x0000000713600000|100%| O|  |TAMS 0x0000000713600000| PB 0x0000000713400000| Untracked 
| 155|0x0000000713600000, 0x0000000713800000, 0x0000000713800000|100%| O|  |TAMS 0x0000000713800000| PB 0x0000000713600000| Untracked 
| 156|0x0000000713800000, 0x0000000713a00000, 0x0000000713a00000|100%| O|  |TAMS 0x0000000713a00000| PB 0x0000000713800000| Untracked 
| 157|0x0000000713a00000, 0x0000000713c00000, 0x0000000713c00000|100%| O|  |TAMS 0x0000000713c00000| PB 0x0000000713a00000| Untracked 
| 158|0x0000000713c00000, 0x0000000713e00000, 0x0000000713e00000|100%| O|  |TAMS 0x0000000713e00000| PB 0x0000000713c00000| Untracked 
| 159|0x0000000713e00000, 0x0000000714000000, 0x0000000714000000|100%| O|  |TAMS 0x0000000714000000| PB 0x0000000713e00000| Untracked 
| 160|0x0000000714000000, 0x0000000714200000, 0x0000000714200000|100%| O|  |TAMS 0x0000000714200000| PB 0x0000000714000000| Untracked 
| 161|0x0000000714200000, 0x0000000714400000, 0x0000000714400000|100%| O|  |TAMS 0x0000000714400000| PB 0x0000000714200000| Untracked 
| 162|0x0000000714400000, 0x0000000714600000, 0x0000000714600000|100%| O|  |TAMS 0x0000000714600000| PB 0x0000000714400000| Untracked 
| 163|0x0000000714600000, 0x0000000714800000, 0x0000000714800000|100%| O|  |TAMS 0x0000000714800000| PB 0x0000000714600000| Untracked 
| 164|0x0000000714800000, 0x0000000714a00000, 0x0000000714a00000|100%| O|  |TAMS 0x0000000714a00000| PB 0x0000000714800000| Untracked 
| 165|0x0000000714a00000, 0x0000000714c00000, 0x0000000714c00000|100%| O|  |TAMS 0x0000000714c00000| PB 0x0000000714a00000| Untracked 
| 166|0x0000000714c00000, 0x0000000714e00000, 0x0000000714e00000|100%| O|  |TAMS 0x0000000714e00000| PB 0x0000000714c00000| Untracked 
| 167|0x0000000714e00000, 0x0000000715000000, 0x0000000715000000|100%| O|  |TAMS 0x0000000715000000| PB 0x0000000714e00000| Untracked 
| 168|0x0000000715000000, 0x0000000715200000, 0x0000000715200000|100%| O|  |TAMS 0x0000000715200000| PB 0x0000000715000000| Untracked 
| 169|0x0000000715200000, 0x0000000715400000, 0x0000000715400000|100%| O|  |TAMS 0x0000000715400000| PB 0x0000000715200000| Untracked 
| 170|0x0000000715400000, 0x0000000715600000, 0x0000000715600000|100%| O|  |TAMS 0x0000000715600000| PB 0x0000000715400000| Untracked 
| 171|0x0000000715600000, 0x0000000715800000, 0x0000000715800000|100%| O|  |TAMS 0x0000000715800000| PB 0x0000000715600000| Untracked 
| 172|0x0000000715800000, 0x0000000715a00000, 0x0000000715a00000|100%| O|  |TAMS 0x0000000715a00000| PB 0x0000000715800000| Untracked 
| 173|0x0000000715a00000, 0x0000000715c00000, 0x0000000715c00000|100%| O|  |TAMS 0x0000000715c00000| PB 0x0000000715a00000| Untracked 
| 174|0x0000000715c00000, 0x0000000715e00000, 0x0000000715e00000|100%| O|  |TAMS 0x0000000715e00000| PB 0x0000000715c00000| Untracked 
| 175|0x0000000715e00000, 0x0000000716000000, 0x0000000716000000|100%| O|  |TAMS 0x0000000716000000| PB 0x0000000715e00000| Untracked 
| 176|0x0000000716000000, 0x0000000716200000, 0x0000000716200000|100%| O|  |TAMS 0x0000000716200000| PB 0x0000000716000000| Untracked 
| 177|0x0000000716200000, 0x0000000716400000, 0x0000000716400000|100%| O|  |TAMS 0x0000000716400000| PB 0x0000000716200000| Untracked 
| 178|0x0000000716400000, 0x0000000716600000, 0x0000000716600000|100%| O|  |TAMS 0x0000000716600000| PB 0x0000000716400000| Untracked 
| 179|0x0000000716600000, 0x0000000716800000, 0x0000000716800000|100%| O|  |TAMS 0x0000000716800000| PB 0x0000000716600000| Untracked 
| 180|0x0000000716800000, 0x0000000716a00000, 0x0000000716a00000|100%| O|  |TAMS 0x0000000716a00000| PB 0x0000000716800000| Untracked 
| 181|0x0000000716a00000, 0x0000000716c00000, 0x0000000716c00000|100%| O|  |TAMS 0x0000000716c00000| PB 0x0000000716a00000| Untracked 
| 182|0x0000000716c00000, 0x0000000716e00000, 0x0000000716e00000|100%| O|  |TAMS 0x0000000716e00000| PB 0x0000000716c00000| Untracked 
| 183|0x0000000716e00000, 0x0000000717000000, 0x0000000717000000|100%| O|  |TAMS 0x0000000717000000| PB 0x0000000716e00000| Untracked 
| 184|0x0000000717000000, 0x0000000717200000, 0x0000000717200000|100%| O|  |TAMS 0x0000000717200000| PB 0x0000000717000000| Untracked 
| 185|0x0000000717200000, 0x0000000717400000, 0x0000000717400000|100%| O|  |TAMS 0x0000000717400000| PB 0x0000000717200000| Untracked 
| 186|0x0000000717400000, 0x0000000717600000, 0x0000000717600000|100%| O|  |TAMS 0x0000000717600000| PB 0x0000000717400000| Untracked 
| 187|0x0000000717600000, 0x0000000717800000, 0x0000000717800000|100%| O|  |TAMS 0x0000000717800000| PB 0x0000000717600000| Untracked 
| 188|0x0000000717800000, 0x0000000717a00000, 0x0000000717a00000|100%| O|  |TAMS 0x0000000717a00000| PB 0x0000000717800000| Untracked 
| 189|0x0000000717a00000, 0x0000000717c00000, 0x0000000717c00000|100%| O|  |TAMS 0x0000000717c00000| PB 0x0000000717a00000| Untracked 
| 190|0x0000000717c00000, 0x0000000717e00000, 0x0000000717e00000|100%| O|  |TAMS 0x0000000717e00000| PB 0x0000000717c00000| Untracked 
| 191|0x0000000717e00000, 0x0000000718000000, 0x0000000718000000|100%| O|  |TAMS 0x0000000718000000| PB 0x0000000717e00000| Untracked 
| 192|0x0000000718000000, 0x0000000718200000, 0x0000000718200000|100%| O|  |TAMS 0x0000000718200000| PB 0x0000000718000000| Untracked 
| 193|0x0000000718200000, 0x0000000718400000, 0x0000000718400000|100%| O|  |TAMS 0x0000000718400000| PB 0x0000000718200000| Untracked 
| 194|0x0000000718400000, 0x0000000718600000, 0x0000000718600000|100%| O|  |TAMS 0x0000000718600000| PB 0x0000000718400000| Untracked 
| 195|0x0000000718600000, 0x0000000718800000, 0x0000000718800000|100%| O|  |TAMS 0x0000000718800000| PB 0x0000000718600000| Untracked 
| 196|0x0000000718800000, 0x0000000718a00000, 0x0000000718a00000|100%| O|  |TAMS 0x0000000718a00000| PB 0x0000000718800000| Untracked 
| 197|0x0000000718a00000, 0x0000000718c00000, 0x0000000718c00000|100%| O|  |TAMS 0x0000000718c00000| PB 0x0000000718a00000| Untracked 
| 198|0x0000000718c00000, 0x0000000718e00000, 0x0000000718e00000|100%| O|  |TAMS 0x0000000718e00000| PB 0x0000000718c00000| Untracked 
| 199|0x0000000718e00000, 0x0000000719000000, 0x0000000719000000|100%| O|  |TAMS 0x0000000719000000| PB 0x0000000718e00000| Untracked 
| 200|0x0000000719000000, 0x0000000719200000, 0x0000000719200000|100%| O|  |TAMS 0x0000000719200000| PB 0x0000000719000000| Untracked 
| 201|0x0000000719200000, 0x0000000719400000, 0x0000000719400000|100%| O|  |TAMS 0x0000000719400000| PB 0x0000000719200000| Untracked 
| 202|0x0000000719400000, 0x0000000719600000, 0x0000000719600000|100%| O|  |TAMS 0x0000000719600000| PB 0x0000000719400000| Untracked 
| 203|0x0000000719600000, 0x0000000719800000, 0x0000000719800000|100%| O|  |TAMS 0x0000000719800000| PB 0x0000000719600000| Untracked 
| 204|0x0000000719800000, 0x0000000719a00000, 0x0000000719a00000|100%| O|  |TAMS 0x0000000719a00000| PB 0x0000000719800000| Untracked 
| 205|0x0000000719a00000, 0x0000000719c00000, 0x0000000719c00000|100%| O|  |TAMS 0x0000000719c00000| PB 0x0000000719a00000| Untracked 
| 206|0x0000000719c00000, 0x0000000719e00000, 0x0000000719e00000|100%| O|  |TAMS 0x0000000719e00000| PB 0x0000000719c00000| Untracked 
| 207|0x0000000719e00000, 0x000000071a000000, 0x000000071a000000|100%| O|  |TAMS 0x000000071a000000| PB 0x0000000719e00000| Untracked 
| 208|0x000000071a000000, 0x000000071a200000, 0x000000071a200000|100%| O|  |TAMS 0x000000071a200000| PB 0x000000071a000000| Untracked 
| 209|0x000000071a200000, 0x000000071a400000, 0x000000071a400000|100%| O|  |TAMS 0x000000071a400000| PB 0x000000071a200000| Untracked 
| 210|0x000000071a400000, 0x000000071a600000, 0x000000071a600000|100%| O|  |TAMS 0x000000071a600000| PB 0x000000071a400000| Untracked 
| 211|0x000000071a600000, 0x000000071a800000, 0x000000071a800000|100%| O|  |TAMS 0x000000071a800000| PB 0x000000071a600000| Untracked 
| 212|0x000000071a800000, 0x000000071aa00000, 0x000000071aa00000|100%| O|  |TAMS 0x000000071aa00000| PB 0x000000071a800000| Untracked 
| 213|0x000000071aa00000, 0x000000071ac00000, 0x000000071ac00000|100%| O|  |TAMS 0x000000071ac00000| PB 0x000000071aa00000| Untracked 
| 214|0x000000071ac00000, 0x000000071ae00000, 0x000000071ae00000|100%| O|  |TAMS 0x000000071ae00000| PB 0x000000071ac00000| Untracked 
| 215|0x000000071ae00000, 0x000000071b000000, 0x000000071b000000|100%| O|  |TAMS 0x000000071b000000| PB 0x000000071ae00000| Untracked 
| 216|0x000000071b000000, 0x000000071b200000, 0x000000071b200000|100%| O|  |TAMS 0x000000071b200000| PB 0x000000071b000000| Untracked 
| 217|0x000000071b200000, 0x000000071b400000, 0x000000071b400000|100%| O|  |TAMS 0x000000071b400000| PB 0x000000071b200000| Untracked 
| 218|0x000000071b400000, 0x000000071b600000, 0x000000071b600000|100%| O|  |TAMS 0x000000071b600000| PB 0x000000071b400000| Untracked 
| 219|0x000000071b600000, 0x000000071b800000, 0x000000071b800000|100%| O|  |TAMS 0x000000071b800000| PB 0x000000071b600000| Untracked 
| 220|0x000000071b800000, 0x000000071ba00000, 0x000000071ba00000|100%| O|  |TAMS 0x000000071ba00000| PB 0x000000071b800000| Untracked 
| 221|0x000000071ba00000, 0x000000071bc00000, 0x000000071bc00000|100%| O|  |TAMS 0x000000071bc00000| PB 0x000000071ba00000| Untracked 
| 222|0x000000071bc00000, 0x000000071be00000, 0x000000071be00000|100%| O|  |TAMS 0x000000071be00000| PB 0x000000071bc00000| Untracked 
| 223|0x000000071be00000, 0x000000071c000000, 0x000000071c000000|100%| O|  |TAMS 0x000000071c000000| PB 0x000000071be00000| Untracked 
| 224|0x000000071c000000, 0x000000071c200000, 0x000000071c200000|100%| O|  |TAMS 0x000000071c200000| PB 0x000000071c000000| Untracked 
| 225|0x000000071c200000, 0x000000071c400000, 0x000000071c400000|100%| O|  |TAMS 0x000000071c400000| PB 0x000000071c200000| Untracked 
| 226|0x000000071c400000, 0x000000071c600000, 0x000000071c600000|100%| O|  |TAMS 0x000000071c600000| PB 0x000000071c400000| Untracked 
| 227|0x000000071c600000, 0x000000071c800000, 0x000000071c800000|100%| O|  |TAMS 0x000000071c800000| PB 0x000000071c600000| Untracked 
| 228|0x000000071c800000, 0x000000071ca00000, 0x000000071ca00000|100%| O|  |TAMS 0x000000071ca00000| PB 0x000000071c800000| Untracked 
| 229|0x000000071ca00000, 0x000000071cc00000, 0x000000071cc00000|100%| O|  |TAMS 0x000000071cc00000| PB 0x000000071ca00000| Untracked 
| 230|0x000000071cc00000, 0x000000071ce00000, 0x000000071ce00000|100%| O|  |TAMS 0x000000071ce00000| PB 0x000000071cc00000| Untracked 
| 231|0x000000071ce00000, 0x000000071d000000, 0x000000071d000000|100%| O|  |TAMS 0x000000071d000000| PB 0x000000071ce00000| Untracked 
| 232|0x000000071d000000, 0x000000071d200000, 0x000000071d200000|100%| O|  |TAMS 0x000000071d200000| PB 0x000000071d000000| Untracked 
| 233|0x000000071d200000, 0x000000071d400000, 0x000000071d400000|100%| O|  |TAMS 0x000000071d400000| PB 0x000000071d200000| Untracked 
| 234|0x000000071d400000, 0x000000071d600000, 0x000000071d600000|100%| O|  |TAMS 0x000000071d600000| PB 0x000000071d400000| Untracked 
| 235|0x000000071d600000, 0x000000071d800000, 0x000000071d800000|100%| O|  |TAMS 0x000000071d800000| PB 0x000000071d600000| Untracked 
| 236|0x000000071d800000, 0x000000071da00000, 0x000000071da00000|100%| O|  |TAMS 0x000000071da00000| PB 0x000000071d800000| Untracked 
| 237|0x000000071da00000, 0x000000071dc00000, 0x000000071dc00000|100%| O|  |TAMS 0x000000071dc00000| PB 0x000000071da00000| Untracked 
| 238|0x000000071dc00000, 0x000000071de00000, 0x000000071de00000|100%| O|  |TAMS 0x000000071de00000| PB 0x000000071dc00000| Untracked 
| 239|0x000000071de00000, 0x000000071e000000, 0x000000071e000000|100%| O|  |TAMS 0x000000071e000000| PB 0x000000071de00000| Untracked 
| 240|0x000000071e000000, 0x000000071e200000, 0x000000071e200000|100%| O|  |TAMS 0x000000071e200000| PB 0x000000071e000000| Untracked 
| 241|0x000000071e200000, 0x000000071e400000, 0x000000071e400000|100%| O|  |TAMS 0x000000071e400000| PB 0x000000071e200000| Untracked 
| 242|0x000000071e400000, 0x000000071e600000, 0x000000071e600000|100%| O|  |TAMS 0x000000071e600000| PB 0x000000071e400000| Untracked 
| 243|0x000000071e600000, 0x000000071e800000, 0x000000071e800000|100%| O|  |TAMS 0x000000071e800000| PB 0x000000071e600000| Untracked 
| 244|0x000000071e800000, 0x000000071ea00000, 0x000000071ea00000|100%| O|  |TAMS 0x000000071ea00000| PB 0x000000071e800000| Untracked 
| 245|0x000000071ea00000, 0x000000071ec00000, 0x000000071ec00000|100%| O|  |TAMS 0x000000071ec00000| PB 0x000000071ea00000| Untracked 
| 246|0x000000071ec00000, 0x000000071ee00000, 0x000000071ee00000|100%| O|  |TAMS 0x000000071ee00000| PB 0x000000071ec00000| Untracked 
| 247|0x000000071ee00000, 0x000000071f000000, 0x000000071f000000|100%| O|  |TAMS 0x000000071f000000| PB 0x000000071ee00000| Untracked 
| 248|0x000000071f000000, 0x000000071f200000, 0x000000071f200000|100%| O|  |TAMS 0x000000071f200000| PB 0x000000071f000000| Untracked 
| 249|0x000000071f200000, 0x000000071f400000, 0x000000071f400000|100%| O|  |TAMS 0x000000071f200000| PB 0x000000071f200000| Untracked 
| 250|0x000000071f400000, 0x000000071f600000, 0x000000071f600000|100%| O|  |TAMS 0x000000071f400000| PB 0x000000071f400000| Untracked 
| 251|0x000000071f600000, 0x000000071f800000, 0x000000071f800000|100%| O|  |TAMS 0x000000071f600000| PB 0x000000071f600000| Untracked 
| 252|0x000000071f800000, 0x000000071fa00000, 0x000000071fa00000|100%| O|  |TAMS 0x000000071f800000| PB 0x000000071f800000| Untracked 
| 253|0x000000071fa00000, 0x000000071fc00000, 0x000000071fc00000|100%| O|  |TAMS 0x000000071fa00000| PB 0x000000071fa00000| Untracked 
| 254|0x000000071fc00000, 0x000000071fe00000, 0x000000071fe00000|100%| O|  |TAMS 0x000000071fc00000| PB 0x000000071fc00000| Untracked 
| 255|0x000000071fe00000, 0x0000000720000000, 0x0000000720000000|100%| O|  |TAMS 0x000000071fe00000| PB 0x000000071fe00000| Untracked 
| 256|0x0000000720000000, 0x0000000720200000, 0x0000000720200000|100%| O|  |TAMS 0x0000000720000000| PB 0x0000000720000000| Untracked 
| 257|0x0000000720200000, 0x0000000720400000, 0x0000000720400000|100%| O|  |TAMS 0x0000000720400000| PB 0x0000000720200000| Untracked 
| 258|0x0000000720400000, 0x0000000720600000, 0x0000000720600000|100%| O|  |TAMS 0x0000000720600000| PB 0x0000000720400000| Untracked 
| 259|0x0000000720600000, 0x0000000720800000, 0x0000000720800000|100%| O|  |TAMS 0x0000000720800000| PB 0x0000000720600000| Untracked 
| 260|0x0000000720800000, 0x0000000720a00000, 0x0000000720a00000|100%| O|  |TAMS 0x0000000720800000| PB 0x0000000720800000| Untracked 
| 261|0x0000000720a00000, 0x0000000720c00000, 0x0000000720c00000|100%| O|  |TAMS 0x0000000720a00000| PB 0x0000000720a00000| Untracked 
| 262|0x0000000720c00000, 0x0000000720e00000, 0x0000000720e00000|100%| O|  |TAMS 0x0000000720c00000| PB 0x0000000720c00000| Untracked 
| 263|0x0000000720e00000, 0x0000000721000000, 0x0000000721000000|100%| O|  |TAMS 0x0000000720e00000| PB 0x0000000720e00000| Untracked 
| 264|0x0000000721000000, 0x0000000721200000, 0x0000000721200000|100%| O|  |TAMS 0x0000000721000000| PB 0x0000000721000000| Untracked 
| 265|0x0000000721200000, 0x0000000721400000, 0x0000000721400000|100%| O|  |TAMS 0x0000000721200000| PB 0x0000000721200000| Untracked 
| 266|0x0000000721400000, 0x0000000721600000, 0x0000000721600000|100%| O|  |TAMS 0x0000000721400000| PB 0x0000000721400000| Untracked 
| 267|0x0000000721600000, 0x0000000721800000, 0x0000000721800000|100%| O|  |TAMS 0x0000000721600000| PB 0x0000000721600000| Untracked 
| 268|0x0000000721800000, 0x0000000721a00000, 0x0000000721a00000|100%| O|  |TAMS 0x0000000721800000| PB 0x0000000721800000| Untracked 
| 269|0x0000000721a00000, 0x0000000721c00000, 0x0000000721c00000|100%| O|  |TAMS 0x0000000721a00000| PB 0x0000000721a00000| Untracked 
| 270|0x0000000721c00000, 0x0000000721c00000, 0x0000000721e00000|  0%| F|  |TAMS 0x0000000721c00000| PB 0x0000000721c00000| Untracked 
| 271|0x0000000721e00000, 0x0000000721e00000, 0x0000000722000000|  0%| F|  |TAMS 0x0000000721e00000| PB 0x0000000721e00000| Untracked 
| 272|0x0000000722000000, 0x0000000722000000, 0x0000000722200000|  0%| F|  |TAMS 0x0000000722000000| PB 0x0000000722000000| Untracked 
| 273|0x0000000722200000, 0x0000000722200000, 0x0000000722400000|  0%| F|  |TAMS 0x0000000722200000| PB 0x0000000722200000| Untracked 
| 274|0x0000000722400000, 0x0000000722400000, 0x0000000722600000|  0%| F|  |TAMS 0x0000000722400000| PB 0x0000000722400000| Untracked 
| 275|0x0000000722600000, 0x0000000722600000, 0x0000000722800000|  0%| F|  |TAMS 0x0000000722600000| PB 0x0000000722600000| Untracked 
| 276|0x0000000722800000, 0x0000000722800000, 0x0000000722a00000|  0%| F|  |TAMS 0x0000000722800000| PB 0x0000000722800000| Untracked 
| 277|0x0000000722a00000, 0x0000000722a00000, 0x0000000722c00000|  0%| F|  |TAMS 0x0000000722a00000| PB 0x0000000722a00000| Untracked 
| 278|0x0000000722c00000, 0x0000000722c00000, 0x0000000722e00000|  0%| F|  |TAMS 0x0000000722c00000| PB 0x0000000722c00000| Untracked 
| 279|0x0000000722e00000, 0x0000000722e00000, 0x0000000723000000|  0%| F|  |TAMS 0x0000000722e00000| PB 0x0000000722e00000| Untracked 
| 280|0x0000000723000000, 0x0000000723000000, 0x0000000723200000|  0%| F|  |TAMS 0x0000000723000000| PB 0x0000000723000000| Untracked 
| 281|0x0000000723200000, 0x0000000723200000, 0x0000000723400000|  0%| F|  |TAMS 0x0000000723200000| PB 0x0000000723200000| Untracked 
| 282|0x0000000723400000, 0x0000000723400000, 0x0000000723600000|  0%| F|  |TAMS 0x0000000723400000| PB 0x0000000723400000| Untracked 
| 283|0x0000000723600000, 0x0000000723600000, 0x0000000723800000|  0%| F|  |TAMS 0x0000000723600000| PB 0x0000000723600000| Untracked 
| 284|0x0000000723800000, 0x0000000723800000, 0x0000000723a00000|  0%| F|  |TAMS 0x0000000723800000| PB 0x0000000723800000| Untracked 
| 285|0x0000000723a00000, 0x0000000723a00000, 0x0000000723c00000|  0%| F|  |TAMS 0x0000000723a00000| PB 0x0000000723a00000| Untracked 
| 286|0x0000000723c00000, 0x0000000723c00000, 0x0000000723e00000|  0%| F|  |TAMS 0x0000000723c00000| PB 0x0000000723c00000| Untracked 
| 287|0x0000000723e00000, 0x0000000724000000, 0x0000000724000000|100%| S|CS|TAMS 0x0000000723e00000| PB 0x0000000723e00000| Complete 
| 288|0x0000000724000000, 0x0000000724200000, 0x0000000724200000|100%| S|CS|TAMS 0x0000000724000000| PB 0x0000000724000000| Complete 
| 289|0x0000000724200000, 0x0000000724400000, 0x0000000724400000|100%| S|CS|TAMS 0x0000000724200000| PB 0x0000000724200000| Complete 
| 290|0x0000000724400000, 0x0000000724600000, 0x0000000724600000|100%| S|CS|TAMS 0x0000000724400000| PB 0x0000000724400000| Complete 
| 291|0x0000000724600000, 0x0000000724600000, 0x0000000724800000|  0%| F|  |TAMS 0x0000000724600000| PB 0x0000000724600000| Untracked 
| 292|0x0000000724800000, 0x0000000724800000, 0x0000000724a00000|  0%| F|  |TAMS 0x0000000724800000| PB 0x0000000724800000| Untracked 
| 293|0x0000000724a00000, 0x0000000724a00000, 0x0000000724c00000|  0%| F|  |TAMS 0x0000000724a00000| PB 0x0000000724a00000| Untracked 
| 294|0x0000000724c00000, 0x0000000724c00000, 0x0000000724e00000|  0%| F|  |TAMS 0x0000000724c00000| PB 0x0000000724c00000| Untracked 
| 295|0x0000000724e00000, 0x0000000724e00000, 0x0000000725000000|  0%| F|  |TAMS 0x0000000724e00000| PB 0x0000000724e00000| Untracked 
| 296|0x0000000725000000, 0x0000000725000000, 0x0000000725200000|  0%| F|  |TAMS 0x0000000725000000| PB 0x0000000725000000| Untracked 
| 297|0x0000000725200000, 0x0000000725200000, 0x0000000725400000|  0%| F|  |TAMS 0x0000000725200000| PB 0x0000000725200000| Untracked 
| 298|0x0000000725400000, 0x0000000725400000, 0x0000000725600000|  0%| F|  |TAMS 0x0000000725400000| PB 0x0000000725400000| Untracked 
| 299|0x0000000725600000, 0x0000000725600000, 0x0000000725800000|  0%| F|  |TAMS 0x0000000725600000| PB 0x0000000725600000| Untracked 
| 300|0x0000000725800000, 0x0000000725800000, 0x0000000725a00000|  0%| F|  |TAMS 0x0000000725800000| PB 0x0000000725800000| Untracked 
| 301|0x0000000725a00000, 0x0000000725a00000, 0x0000000725c00000|  0%| F|  |TAMS 0x0000000725a00000| PB 0x0000000725a00000| Untracked 
| 302|0x0000000725c00000, 0x0000000725c00000, 0x0000000725e00000|  0%| F|  |TAMS 0x0000000725c00000| PB 0x0000000725c00000| Untracked 
| 303|0x0000000725e00000, 0x0000000725e00000, 0x0000000726000000|  0%| F|  |TAMS 0x0000000725e00000| PB 0x0000000725e00000| Untracked 
| 304|0x0000000726000000, 0x0000000726000000, 0x0000000726200000|  0%| F|  |TAMS 0x0000000726000000| PB 0x0000000726000000| Untracked 
| 305|0x0000000726200000, 0x0000000726200000, 0x0000000726400000|  0%| F|  |TAMS 0x0000000726200000| PB 0x0000000726200000| Untracked 
| 306|0x0000000726400000, 0x0000000726400000, 0x0000000726600000|  0%| F|  |TAMS 0x0000000726400000| PB 0x0000000726400000| Untracked 
| 307|0x0000000726600000, 0x0000000726600000, 0x0000000726800000|  0%| F|  |TAMS 0x0000000726600000| PB 0x0000000726600000| Untracked 
| 308|0x0000000726800000, 0x0000000726800000, 0x0000000726a00000|  0%| F|  |TAMS 0x0000000726800000| PB 0x0000000726800000| Untracked 
|2022|0x00000007fcc00000, 0x00000007fce00000, 0x00000007fce00000|100%| O|  |TAMS 0x00000007fce00000| PB 0x00000007fcc00000| Untracked 
|2023|0x00000007fce00000, 0x00000007fd000000, 0x00000007fd000000|100%| O|  |TAMS 0x00000007fd000000| PB 0x00000007fce00000| Untracked 
|2024|0x00000007fd000000, 0x00000007fd200000, 0x00000007fd200000|100%| O|  |TAMS 0x00000007fd200000| PB 0x00000007fd000000| Untracked 
|2025|0x00000007fd200000, 0x00000007fd400000, 0x00000007fd400000|100%| O|  |TAMS 0x00000007fd400000| PB 0x00000007fd200000| Untracked 
|2026|0x00000007fd400000, 0x00000007fd600000, 0x00000007fd600000|100%| O|  |TAMS 0x00000007fd600000| PB 0x00000007fd400000| Untracked 
|2027|0x00000007fd600000, 0x00000007fd600000, 0x00000007fd800000|  0%| F|  |TAMS 0x00000007fd600000| PB 0x00000007fd600000| Untracked 
|2028|0x00000007fd800000, 0x00000007fda00000, 0x00000007fda00000|100%| O|  |TAMS 0x00000007fda00000| PB 0x00000007fd800000| Untracked 
|2029|0x00000007fda00000, 0x00000007fda00000, 0x00000007fdc00000|  0%| F|  |TAMS 0x00000007fda00000| PB 0x00000007fda00000| Untracked 
|2030|0x00000007fdc00000, 0x00000007fde00000, 0x00000007fde00000|100%| O|  |TAMS 0x00000007fde00000| PB 0x00000007fdc00000| Untracked 
|2031|0x00000007fde00000, 0x00000007fe000000, 0x00000007fe000000|100%| O|  |TAMS 0x00000007fe000000| PB 0x00000007fde00000| Untracked 
|2032|0x00000007fe000000, 0x00000007fe200000, 0x00000007fe200000|100%| O|  |TAMS 0x00000007fe200000| PB 0x00000007fe000000| Untracked 
|2033|0x00000007fe200000, 0x00000007fe400000, 0x00000007fe400000|100%| O|  |TAMS 0x00000007fe400000| PB 0x00000007fe200000| Untracked 
|2034|0x00000007fe400000, 0x00000007fe400000, 0x00000007fe600000|  0%| F|  |TAMS 0x00000007fe400000| PB 0x00000007fe400000| Untracked 
|2035|0x00000007fe600000, 0x00000007fe800000, 0x00000007fe800000|100%| O|  |TAMS 0x00000007fe800000| PB 0x00000007fe600000| Untracked 
|2036|0x00000007fe800000, 0x00000007fe800000, 0x00000007fea00000|  0%| F|  |TAMS 0x00000007fe800000| PB 0x00000007fe800000| Untracked 
|2037|0x00000007fea00000, 0x00000007fec00000, 0x00000007fec00000|100%| O|  |TAMS 0x00000007fec00000| PB 0x00000007fea00000| Untracked 
|2038|0x00000007fec00000, 0x00000007fee00000, 0x00000007fee00000|100%| O|  |TAMS 0x00000007fee00000| PB 0x00000007fec00000| Untracked 
|2039|0x00000007fee00000, 0x00000007ff000000, 0x00000007ff000000|100%| O|  |TAMS 0x00000007ff000000| PB 0x00000007fee00000| Untracked 
|2040|0x00000007ff000000, 0x00000007ff200000, 0x00000007ff200000|100%| O|  |TAMS 0x00000007ff200000| PB 0x00000007ff000000| Untracked 
|2041|0x00000007ff200000, 0x00000007ff400000, 0x00000007ff400000|100%| O|  |TAMS 0x00000007ff400000| PB 0x00000007ff200000| Untracked 
|2042|0x00000007ff400000, 0x00000007ff600000, 0x00000007ff600000|100%| O|  |TAMS 0x00000007ff600000| PB 0x00000007ff400000| Untracked 
|2043|0x00000007ff600000, 0x00000007ff600000, 0x00000007ff800000|  0%| F|  |TAMS 0x00000007ff600000| PB 0x00000007ff600000| Untracked 
|2044|0x00000007ff800000, 0x00000007ff800000, 0x00000007ffa00000|  0%| F|  |TAMS 0x00000007ff800000| PB 0x00000007ff800000| Untracked 
|2045|0x00000007ffa00000, 0x00000007ffa00000, 0x00000007ffc00000|  0%| F|  |TAMS 0x00000007ffa00000| PB 0x00000007ffa00000| Untracked 
|2046|0x00000007ffc00000, 0x00000007ffc00000, 0x00000007ffe00000|  0%| F|  |TAMS 0x00000007ffc00000| PB 0x00000007ffc00000| Untracked 
|2047|0x00000007ffe00000, 0x0000000800000000, 0x0000000800000000|100%| O|  |TAMS 0x0000000800000000| PB 0x00000007ffe00000| Untracked 

Card table byte_map: [0x0000023c7d470000,0x0000023c7dc70000] _byte_map_base: 0x0000023c79c70000

Marking Bits: (CMBitMap*) 0x0000023c77f49dd0
 Bits: [0x0000023c0f000000, 0x0000023c13000000)

Polling page: 0x0000023c77fa0000

Metaspace:

Usage:
  Non-class:    105.34 MB used.
      Class:     17.17 MB used.
       Both:    122.51 MB used.

Virtual space:
  Non-class space:      128.00 MB reserved,     106.44 MB ( 83%) committed,  2 nodes.
      Class space:      416.00 MB reserved,      18.12 MB (  4%) committed,  1 nodes.
             Both:      544.00 MB reserved,     124.56 MB ( 23%) committed. 

Chunk freelists:
   Non-Class:  5.61 MB
       Class:  13.69 MB
        Both:  19.30 MB

MaxMetaspaceSize: 512.00 MB
CompressedClassSpaceSize: 416.00 MB
Initial GC threshold: 21.00 MB
Current GC threshold: 207.50 MB
CDS: off
 - commit_granule_bytes: 65536.
 - commit_granule_words: 8192.
 - virtual_space_node_default_size: 8388608.
 - enlarge_chunks_in_place: 1.
 - use_allocation_guard: 0.


Internal statistics:

num_allocs_failed_limit: 9.
num_arena_births: 4112.
num_arena_deaths: 6.
num_vsnodes_births: 3.
num_vsnodes_deaths: 0.
num_space_committed: 1992.
num_space_uncommitted: 0.
num_chunks_returned_to_freelist: 17.
num_chunks_taken_from_freelist: 9367.
num_chunk_merges: 11.
num_chunk_splits: 6169.
num_chunks_enlarged: 3936.
num_inconsistent_stats: 0.

CodeHeap 'non-profiled nmethods': size=120000Kb used=9937Kb max_used=9937Kb free=110062Kb
 bounds [0x0000023c07ad0000, 0x0000023c08490000, 0x0000023c0f000000]
CodeHeap 'profiled nmethods': size=120000Kb used=25859Kb max_used=25859Kb free=94141Kb
 bounds [0x0000023c00000000, 0x0000023c019b0000, 0x0000023c07530000]
CodeHeap 'non-nmethods': size=5760Kb used=2736Kb max_used=2800Kb free=3023Kb
 bounds [0x0000023c07530000, 0x0000023c07800000, 0x0000023c07ad0000]
CodeCache: size=245760Kb, used=38532Kb, max_used=38596Kb, free=207226Kb
 total_blobs=14490, nmethods=13479, adapters=915, full_count=0
Compilation: enabled, stopped_count=0, restarted_count=0

Compilation events (20 events):
Event: 121.945 Thread 0x0000023c19f325e0 16376       4       com.android.tools.r8.graph.N4$$Lambda/0x000000080124c580::apply (16 bytes)
Event: 121.956 Thread 0x0000023c19f325e0 nmethod 16376 0x0000023c08480490 code [0x0000023c08480680, 0x0000023c084809e0]
Event: 121.956 Thread 0x0000023c19f325e0 16296       4       com.android.tools.r8.graph.N2$j::F0 (2 bytes)
Event: 121.956 Thread 0x0000023c19f325e0 nmethod 16296 0x0000023c08480e10 code [0x0000023c08480fa0, 0x0000023c08481028]
Event: 121.957 Thread 0x0000023c19f325e0 16240       4       com.android.tools.r8.dex.code.o3::<init> (7 bytes)
Event: 121.958 Thread 0x0000023c19f325e0 nmethod 16240 0x0000023c08481110 code [0x0000023c084812a0, 0x0000023c08481348]
Event: 121.958 Thread 0x0000023c19f325e0 16258       4       com.android.tools.r8.dex.code.P2::<init> (13 bytes)
Event: 121.967 Thread 0x0000023c19f325e0 nmethod 16258 0x0000023c08481490 code [0x0000023c08481640, 0x0000023c08481928]
Event: 121.967 Thread 0x0000023c19f325e0 16320       4       com.android.tools.r8.dex.code.e0::<init> (13 bytes)
Event: 121.975 Thread 0x0000023c19f325e0 nmethod 16320 0x0000023c08481c10 code [0x0000023c08481dc0, 0x0000023c084820a8]
Event: 121.976 Thread 0x0000023c19f325e0 16319       4       com.android.tools.r8.dex.code.Z1::<init> (13 bytes)
Event: 121.990 Thread 0x0000023c19f325e0 nmethod 16319 0x0000023c08482390 code [0x0000023c08482540, 0x0000023c08482960]
Event: 121.990 Thread 0x0000023c19f325e0 16365       4       com.android.tools.r8.dex.code.w2::<init> (7 bytes)
Event: 121.992 Thread 0x0000023c19f325e0 nmethod 16365 0x0000023c08482d10 code [0x0000023c08482ea0, 0x0000023c08482f48]
Event: 121.992 Thread 0x0000023c19f325e0 16278       4       com.android.tools.r8.graph.B1::b (17 bytes)
Event: 121.998 Thread 0x0000023c19f325e0 nmethod 16278 0x0000023c08483090 code [0x0000023c08483220, 0x0000023c084832d0]
Event: 122.007 Thread 0x0000023c19f325e0 16386       4       com.android.tools.r8.dex.C::e (15 bytes)
Event: 122.030 Thread 0x0000023c13495280 16387       3       com.android.tools.r8.dex.C::a (837 bytes)
Event: 122.046 Thread 0x0000023c13495280 nmethod 16387 0x0000023c0199d290 code [0x0000023c0199da80, 0x0000023c019a2800]
Event: 122.048 Thread 0x0000023c19f325e0 nmethod 16386 0x0000023c08483390 code [0x0000023c084835c0, 0x0000023c08483e88]

GC Heap History (20 events):
Event: 95.112 GC heap after
{Heap after GC invocations=51 (full 0):
 garbage-first heap   total 239616K, used 139107K [0x0000000700000000, 0x0000000800000000)
  region size 2048K, 5 young (10240K), 5 survivors (10240K)
 Metaspace       used 118249K, committed 120384K, reserved 557056K
  class space    used 16402K, committed 17472K, reserved 425984K
}
Event: 98.879 GC heap before
{Heap before GC invocations=52 (full 0):
 garbage-first heap   total 272384K, used 270179K [0x0000000700000000, 0x0000000800000000)
  region size 2048K, 43 young (88064K), 5 survivors (10240K)
 Metaspace       used 118838K, committed 120960K, reserved 557056K
  class space    used 16465K, committed 17472K, reserved 425984K
}
Event: 98.930 GC heap after
{Heap after GC invocations=53 (full 0):
 garbage-first heap   total 299008K, used 210522K [0x0000000700000000, 0x0000000800000000)
  region size 2048K, 6 young (12288K), 6 survivors (12288K)
 Metaspace       used 118838K, committed 120960K, reserved 557056K
  class space    used 16465K, committed 17472K, reserved 425984K
}
Event: 100.785 GC heap before
{Heap before GC invocations=53 (full 0):
 garbage-first heap   total 348160K, used 345690K [0x0000000700000000, 0x0000000800000000)
  region size 2048K, 27 young (55296K), 6 survivors (12288K)
 Metaspace       used 122338K, committed 124416K, reserved 557056K
  class space    used 16974K, committed 17984K, reserved 425984K
}
Event: 100.815 GC heap after
{Heap after GC invocations=54 (full 0):
 garbage-first heap   total 368640K, used 256951K [0x0000000700000000, 0x0000000800000000)
  region size 2048K, 3 young (6144K), 3 survivors (6144K)
 Metaspace       used 122338K, committed 124416K, reserved 557056K
  class space    used 16974K, committed 17984K, reserved 425984K
}
Event: 100.824 GC heap before
{Heap before GC invocations=54 (full 0):
 garbage-first heap   total 368640K, used 261047K [0x0000000700000000, 0x0000000800000000)
  region size 2048K, 6 young (12288K), 3 survivors (6144K)
 Metaspace       used 122338K, committed 124416K, reserved 557056K
  class space    used 16974K, committed 17984K, reserved 425984K
}
Event: 100.832 GC heap after
{Heap after GC invocations=55 (full 0):
 garbage-first heap   total 368640K, used 260942K [0x0000000700000000, 0x0000000800000000)
  region size 2048K, 4 young (8192K), 4 survivors (8192K)
 Metaspace       used 122338K, committed 124416K, reserved 557056K
  class space    used 16974K, committed 17984K, reserved 425984K
}
Event: 102.750 GC heap before
{Heap before GC invocations=56 (full 0):
 garbage-first heap   total 512000K, used 369486K [0x0000000700000000, 0x0000000800000000)
  region size 2048K, 36 young (73728K), 4 survivors (8192K)
 Metaspace       used 122588K, committed 124736K, reserved 557056K
  class space    used 17018K, committed 18048K, reserved 425984K
}
Event: 102.815 GC heap after
{Heap after GC invocations=57 (full 0):
 garbage-first heap   total 512000K, used 302293K [0x0000000700000000, 0x0000000800000000)
  region size 2048K, 5 young (10240K), 5 survivors (10240K)
 Metaspace       used 122588K, committed 124736K, reserved 557056K
  class space    used 17018K, committed 18048K, reserved 425984K
}
Event: 105.644 GC heap before
{Heap before GC invocations=57 (full 0):
 garbage-first heap   total 512000K, used 441557K [0x0000000700000000, 0x0000000800000000)
  region size 2048K, 68 young (139264K), 5 survivors (10240K)
 Metaspace       used 122604K, committed 124736K, reserved 557056K
  class space    used 17019K, committed 18048K, reserved 425984K
}
Event: 105.895 GC heap after
{Heap after GC invocations=58 (full 0):
 garbage-first heap   total 614400K, used 355328K [0x0000000700000000, 0x0000000800000000)
  region size 2048K, 9 young (18432K), 9 survivors (18432K)
 Metaspace       used 122604K, committed 124736K, reserved 557056K
  class space    used 17019K, committed 18048K, reserved 425984K
}
Event: 112.655 GC heap before
{Heap before GC invocations=58 (full 0):
 garbage-first heap   total 614400K, used 484352K [0x0000000700000000, 0x0000000800000000)
  region size 2048K, 72 young (147456K), 9 survivors (18432K)
 Metaspace       used 125425K, committed 127488K, reserved 557056K
  class space    used 17578K, committed 18560K, reserved 425984K
}
Event: 113.007 GC heap after
{Heap after GC invocations=59 (full 0):
 garbage-first heap   total 614400K, used 413696K [0x0000000700000000, 0x0000000800000000)
  region size 2048K, 9 young (18432K), 9 survivors (18432K)
 Metaspace       used 125425K, committed 127488K, reserved 557056K
  class space    used 17578K, committed 18560K, reserved 425984K
}
Event: 117.051 GC heap before
{Heap before GC invocations=60 (full 0):
 garbage-first heap   total 686080K, used 499712K [0x0000000700000000, 0x0000000800000000)
  region size 2048K, 52 young (106496K), 9 survivors (18432K)
 Metaspace       used 125438K, committed 127488K, reserved 557056K
  class space    used 17580K, committed 18560K, reserved 425984K
}
Event: 117.303 GC heap after
{Heap after GC invocations=61 (full 0):
 garbage-first heap   total 686080K, used 457728K [0x0000000700000000, 0x0000000800000000)
  region size 2048K, 7 young (14336K), 7 survivors (14336K)
 Metaspace       used 125438K, committed 127488K, reserved 557056K
  class space    used 17580K, committed 18560K, reserved 425984K
}
Event: 120.442 GC heap before
{Heap before GC invocations=61 (full 0):
 garbage-first heap   total 686080K, used 564224K [0x0000000700000000, 0x0000000800000000)
  region size 2048K, 59 young (120832K), 7 survivors (14336K)
 Metaspace       used 125439K, committed 127488K, reserved 557056K
  class space    used 17580K, committed 18560K, reserved 425984K
}
Event: 120.662 GC heap after
{Heap after GC invocations=62 (full 0):
 garbage-first heap   total 686080K, used 518144K [0x0000000700000000, 0x0000000800000000)
  region size 2048K, 8 young (16384K), 8 survivors (16384K)
 Metaspace       used 125439K, committed 127488K, reserved 557056K
  class space    used 17580K, committed 18560K, reserved 425984K
}
Event: 122.086 GC heap before
{Heap before GC invocations=62 (full 0):
 garbage-first heap   total 686080K, used 593920K [0x0000000700000000, 0x0000000800000000)
  region size 2048K, 45 young (92160K), 8 survivors (16384K)
 Metaspace       used 125446K, committed 127552K, reserved 557056K
  class space    used 17580K, committed 18560K, reserved 425984K
}
Event: 122.292 GC heap after
{Heap after GC invocations=63 (full 0):
 garbage-first heap   total 686080K, used 563200K [0x0000000700000000, 0x0000000800000000)
  region size 2048K, 6 young (12288K), 6 survivors (12288K)
 Metaspace       used 125446K, committed 127552K, reserved 557056K
  class space    used 17580K, committed 18560K, reserved 425984K
}
Event: 122.967 GC heap before
{Heap before GC invocations=63 (full 0):
 garbage-first heap   total 686080K, used 616448K [0x0000000700000000, 0x0000000800000000)
  region size 2048K, 32 young (65536K), 6 survivors (12288K)
 Metaspace       used 125446K, committed 127552K, reserved 557056K
  class space    used 17580K, committed 18560K, reserved 425984K
}

Dll operation events (3 events):
Event: 0.040 Loaded shared library C:\Program Files\Android\Android Studio\jbr\bin\java.dll
Event: 0.067 Loaded shared library C:\Program Files\Android\Android Studio\jbr\bin\zip.dll
Event: 2.586 Loaded shared library C:\Program Files\Android\Android Studio\jbr\bin\verify.dll

Deoptimization events (20 events):
Event: 121.002 Thread 0x0000023c22a74340 Uncommon trap: trap_request=0xffffffbe fr.pc=0x0000023c08442c10 relative=0x0000000000000a90
Event: 121.002 Thread 0x0000023c22a74340 Uncommon trap: reason=profile_predicate action=maybe_recompile pc=0x0000023c08442c10 method=com.android.tools.r8.internal.mT.put(Ljava/lang/Object;Ljava/lang/Object;)Ljava/lang/Object; @ 92 c2
Event: 121.002 Thread 0x0000023c22a74340 DEOPT PACKING pc=0x0000023c08442c10 sp=0x000000fe41dfe320
Event: 121.002 Thread 0x0000023c22a74340 DEOPT UNPACKING pc=0x0000023c0758439c sp=0x000000fe41dfe2d8 mode 2
Event: 121.002 Thread 0x0000023c22a74340 Uncommon trap: trap_request=0xffffffbe fr.pc=0x0000023c08442c10 relative=0x0000000000000a90
Event: 121.002 Thread 0x0000023c22a74340 Uncommon trap: reason=profile_predicate action=maybe_recompile pc=0x0000023c08442c10 method=com.android.tools.r8.internal.mT.put(Ljava/lang/Object;Ljava/lang/Object;)Ljava/lang/Object; @ 92 c2
Event: 121.002 Thread 0x0000023c22a74340 DEOPT PACKING pc=0x0000023c08442c10 sp=0x000000fe41dfe320
Event: 121.002 Thread 0x0000023c22a74340 DEOPT UNPACKING pc=0x0000023c0758439c sp=0x000000fe41dfe2d8 mode 2
Event: 121.003 Thread 0x0000023c22a74340 Uncommon trap: trap_request=0xffffffbe fr.pc=0x0000023c08442c10 relative=0x0000000000000a90
Event: 121.003 Thread 0x0000023c22a74340 Uncommon trap: reason=profile_predicate action=maybe_recompile pc=0x0000023c08442c10 method=com.android.tools.r8.internal.mT.put(Ljava/lang/Object;Ljava/lang/Object;)Ljava/lang/Object; @ 92 c2
Event: 121.003 Thread 0x0000023c22a74340 DEOPT PACKING pc=0x0000023c08442c10 sp=0x000000fe41dfe320
Event: 121.003 Thread 0x0000023c22a74340 DEOPT UNPACKING pc=0x0000023c0758439c sp=0x000000fe41dfe2d8 mode 2
Event: 121.074 Thread 0x0000023c22a749d0 Uncommon trap: trap_request=0xffffff45 fr.pc=0x0000023c07fa3a28 relative=0x00000000000003e8
Event: 121.074 Thread 0x0000023c22a749d0 Uncommon trap: reason=unstable_if action=reinterpret pc=0x0000023c07fa3a28 method=java.util.concurrent.ConcurrentLinkedQueue.offer(Ljava/lang/Object;)Z @ 96 c2
Event: 121.074 Thread 0x0000023c22a749d0 DEOPT PACKING pc=0x0000023c07fa3a28 sp=0x000000fe41ffeaf0
Event: 121.074 Thread 0x0000023c22a749d0 DEOPT UNPACKING pc=0x0000023c0758439c sp=0x000000fe41ffea88 mode 2
Event: 121.577 Thread 0x0000023c22a72f90 Uncommon trap: trap_request=0x000001fd fr.pc=0x0000023c0845ebbc relative=0x00000000000086dc
Event: 121.577 Thread 0x0000023c22a72f90 Uncommon trap: reason=unloaded action=reinterpret pc=0x0000023c0845ebbc method=com.android.tools.r8.dex.code.O.a(IILcom/android/tools/r8/dex/code/C1;Lcom/android/tools/r8/graph/w5;)Lcom/android/tools/r8/dex/code/B1; @ 2589 c2
Event: 121.577 Thread 0x0000023c22a72f90 DEOPT PACKING pc=0x0000023c0845ebbc sp=0x000000fe420fe780
Event: 121.577 Thread 0x0000023c22a72f90 DEOPT UNPACKING pc=0x0000023c0758439c sp=0x000000fe420fe738 mode 2

Classes loaded (20 events):
Event: 106.059 Loading class java/util/concurrent/ForkJoinTask$InterruptibleTask done
Event: 106.059 Loading class java/util/concurrent/ForkJoinTask$AdaptedInterruptibleCallable done
Event: 106.059 Loading class java/util/concurrent/ForkJoinTask$Aux
Event: 106.059 Loading class java/util/concurrent/ForkJoinTask$Aux done
Event: 106.060 Loading class java/util/concurrent/ForkJoinPool$DefaultForkJoinWorkerThreadFactory$1
Event: 106.060 Loading class java/util/concurrent/ForkJoinPool$DefaultForkJoinWorkerThreadFactory$1 done
Event: 106.063 Loading class java/util/concurrent/CountedCompleter
Event: 106.064 Loading class java/util/concurrent/CountedCompleter done
Event: 106.135 Loading class java/lang/reflect/GenericSignatureFormatError
Event: 106.135 Loading class java/lang/reflect/GenericSignatureFormatError done
Event: 106.243 Loading class java/util/AbstractList$RandomAccessSubList
Event: 106.244 Loading class java/util/AbstractList$SubList
Event: 106.244 Loading class java/util/AbstractList$SubList done
Event: 106.244 Loading class java/util/AbstractList$RandomAccessSubList done
Event: 106.244 Loading class java/util/AbstractList$SubList$1
Event: 106.245 Loading class java/util/AbstractList$SubList$1 done
Event: 106.750 Loading class java/nio/ShortBuffer
Event: 106.752 Loading class java/nio/ShortBuffer done
Event: 106.752 Loading class java/nio/HeapShortBuffer
Event: 106.753 Loading class java/nio/HeapShortBuffer done

Classes unloaded (3 events):
Event: 31.796 Thread 0x0000023c132e73c0 Unloading class 0x00000008007d0c00 'java/lang/invoke/LambdaForm$DMH+0x00000008007d0c00'
Event: 31.796 Thread 0x0000023c132e73c0 Unloading class 0x00000008007d0800 'java/lang/invoke/LambdaForm$DMH+0x00000008007d0800'
Event: 95.640 Thread 0x0000023c132e73c0 Unloading class 0x00000008010a1c00 'java/lang/invoke/LambdaForm$DMH+0x00000008010a1c00'

Classes redefined (0 events):
No events

Internal exceptions (20 events):
Event: 106.949 Thread 0x0000023c22a73cb0 Exception <a 'sun/nio/fs/WindowsException'{0x000000072167f070}> (0x000000072167f070) 
thrown [s\src\hotspot\share\prims\jni.cpp, line 537]
Event: 106.960 Thread 0x0000023c22a73cb0 Exception <a 'sun/nio/fs/WindowsException'{0x0000000721751888}> (0x0000000721751888) 
thrown [s\src\hotspot\share\prims\jni.cpp, line 537]
Event: 106.980 Thread 0x0000023c22a73cb0 Exception <a 'sun/nio/fs/WindowsException'{0x0000000721758950}> (0x0000000721758950) 
thrown [s\src\hotspot\share\prims\jni.cpp, line 537]
Event: 107.159 Thread 0x0000023c22a73cb0 Exception <a 'sun/nio/fs/WindowsException'{0x00000007214487f0}> (0x00000007214487f0) 
thrown [s\src\hotspot\share\prims\jni.cpp, line 537]
Event: 107.350 Thread 0x0000023c22a73cb0 Exception <a 'sun/nio/fs/WindowsException'{0x0000000721491e20}> (0x0000000721491e20) 
thrown [s\src\hotspot\share\prims\jni.cpp, line 537]
Event: 107.392 Thread 0x0000023c22a74340 Exception <a 'sun/nio/fs/WindowsException'{0x00000007214d2f08}> (0x00000007214d2f08) 
thrown [s\src\hotspot\share\prims\jni.cpp, line 537]
Event: 108.817 Thread 0x0000023c22a749d0 Exception <a 'sun/nio/fs/WindowsException'{0x0000000720de4428}> (0x0000000720de4428) 
thrown [s\src\hotspot\share\prims\jni.cpp, line 537]
Event: 109.050 Thread 0x0000023c22a74340 Exception <a 'sun/nio/fs/WindowsException'{0x0000000720922b68}> (0x0000000720922b68) 
thrown [s\src\hotspot\share\prims\jni.cpp, line 537]
Event: 109.053 Thread 0x0000023c22a74340 Exception <a 'sun/nio/fs/WindowsException'{0x000000072092cb88}> (0x000000072092cb88) 
thrown [s\src\hotspot\share\prims\jni.cpp, line 537]
Event: 109.833 Thread 0x0000023c22a73cb0 Exception <a 'sun/nio/fs/WindowsException'{0x000000071ff67e18}> (0x000000071ff67e18) 
thrown [s\src\hotspot\share\prims\jni.cpp, line 537]
Event: 109.863 Thread 0x0000023c22a73cb0 Exception <a 'sun/nio/fs/WindowsException'{0x000000071ff82698}> (0x000000071ff82698) 
thrown [s\src\hotspot\share\prims\jni.cpp, line 537]
Event: 113.612 Thread 0x0000023c18e2d660 Exception <a 'sun/nio/fs/WindowsException'{0x00000007ff6023a8}> (0x00000007ff6023a8) 
thrown [s\src\hotspot\share\prims\jni.cpp, line 537]
Event: 113.626 Thread 0x0000023c18e2d660 Exception <a 'sun/nio/fs/WindowsException'{0x00000007ff60cfe0}> (0x00000007ff60cfe0) 
thrown [s\src\hotspot\share\prims\jni.cpp, line 537]
Event: 113.627 Thread 0x0000023c18e2d660 Exception <a 'sun/nio/fs/WindowsException'{0x00000007ff60e4f8}> (0x00000007ff60e4f8) 
thrown [s\src\hotspot\share\prims\jni.cpp, line 537]
Event: 113.632 Thread 0x0000023c18e2d660 Exception <a 'sun/nio/fs/WindowsException'{0x00000007ff61a308}> (0x00000007ff61a308) 
thrown [s\src\hotspot\share\prims\jni.cpp, line 537]
Event: 114.391 Thread 0x0000023c22a74340 Exception <a 'sun/nio/fs/WindowsException'{0x0000000726820d20}> (0x0000000726820d20) 
thrown [s\src\hotspot\share\prims\jni.cpp, line 537]
Event: 122.308 Thread 0x0000023c18e2d660 Exception <a 'sun/nio/fs/WindowsException'{0x00000007ffdac8f0}> (0x00000007ffdac8f0) 
thrown [s\src\hotspot\share\prims\jni.cpp, line 537]
Event: 122.312 Thread 0x0000023c18e2d660 Exception <a 'sun/nio/fs/WindowsException'{0x00000007ffa09510}> (0x00000007ffa09510) 
thrown [s\src\hotspot\share\prims\jni.cpp, line 537]
Event: 122.315 Thread 0x0000023c18e2d660 Exception <a 'sun/nio/fs/WindowsException'{0x00000007ffa9b958}> (0x00000007ffa9b958) 
thrown [s\src\hotspot\share\prims\jni.cpp, line 537]
Event: 122.323 Thread 0x0000023c18e2d660 Exception <a 'sun/nio/fs/WindowsException'{0x00000007ffb37978}> (0x00000007ffb37978) 
thrown [s\src\hotspot\share\prims\jni.cpp, line 537]

ZGC Phase Switch (0 events):
No events

VM Operations (20 events):
Event: 116.119 Executing VM operation: Cleanup done
Event: 117.026 Executing VM operation: G1CollectForAllocation (G1 Evacuation Pause)
Event: 117.303 Executing VM operation: G1CollectForAllocation (G1 Evacuation Pause) done
Event: 118.316 Executing VM operation: Cleanup
Event: 118.331 Executing VM operation: Cleanup done
Event: 119.333 Executing VM operation: Cleanup
Event: 119.364 Executing VM operation: Cleanup done
Event: 120.131 Executing VM operation: HandshakeAllThreads (HandshakeForDeflation)
Event: 120.441 Executing VM operation: HandshakeAllThreads (HandshakeForDeflation) done
Event: 120.441 Executing VM operation: Cleanup
Event: 120.441 Executing VM operation: Cleanup done
Event: 120.441 Executing VM operation: RendezvousGCThreads
Event: 120.441 Executing VM operation: RendezvousGCThreads done
Event: 120.442 Executing VM operation: G1CollectForAllocation (G1 Evacuation Pause)
Event: 120.662 Executing VM operation: G1CollectForAllocation (G1 Evacuation Pause) done
Event: 121.663 Executing VM operation: Cleanup
Event: 121.664 Executing VM operation: Cleanup done
Event: 122.086 Executing VM operation: G1CollectForAllocation (G1 Evacuation Pause)
Event: 122.292 Executing VM operation: G1CollectForAllocation (G1 Evacuation Pause) done
Event: 122.967 Executing VM operation: G1CollectForAllocation (G1 Evacuation Pause)

Memory protections (0 events):
No events

Nmethod flushes (20 events):
Event: 114.359 Thread 0x0000023c132e73c0 flushing  nmethod 0x0000023c00151f10
Event: 114.359 Thread 0x0000023c132e73c0 flushing  nmethod 0x0000023c0022cf90
Event: 114.359 Thread 0x0000023c132e73c0 flushing  nmethod 0x0000023c00289f10
Event: 114.359 Thread 0x0000023c132e73c0 flushing  nmethod 0x0000023c00804490
Event: 114.359 Thread 0x0000023c132e73c0 flushing  nmethod 0x0000023c00837410
Event: 114.359 Thread 0x0000023c132e73c0 flushing  nmethod 0x0000023c0083a910
Event: 114.359 Thread 0x0000023c132e73c0 flushing osr nmethod 0x0000023c0085ff90
Event: 114.359 Thread 0x0000023c132e73c0 flushing  nmethod 0x0000023c00ae7b10
Event: 114.359 Thread 0x0000023c132e73c0 flushing  nmethod 0x0000023c00b63610
Event: 114.359 Thread 0x0000023c132e73c0 flushing  nmethod 0x0000023c00ce7090
Event: 114.359 Thread 0x0000023c132e73c0 flushing  nmethod 0x0000023c00ce8090
Event: 114.359 Thread 0x0000023c132e73c0 flushing  nmethod 0x0000023c00d7a710
Event: 114.359 Thread 0x0000023c132e73c0 flushing  nmethod 0x0000023c00e2c910
Event: 114.359 Thread 0x0000023c132e73c0 flushing  nmethod 0x0000023c00fcd690
Event: 114.359 Thread 0x0000023c132e73c0 flushing  nmethod 0x0000023c0115c610
Event: 114.359 Thread 0x0000023c132e73c0 flushing  nmethod 0x0000023c012ac190
Event: 114.359 Thread 0x0000023c132e73c0 flushing  nmethod 0x0000023c01354a90
Event: 114.359 Thread 0x0000023c132e73c0 flushing  nmethod 0x0000023c013eaf90
Event: 114.359 Thread 0x0000023c132e73c0 flushing  nmethod 0x0000023c01664310
Event: 114.359 Thread 0x0000023c132e73c0 flushing  nmethod 0x0000023c016ee590

Events (20 events):
Event: 96.544 Thread 0x0000023c194ff250 Thread added: 0x0000023c22a77130
Event: 96.710 Thread 0x0000023c194fe530 Thread added: 0x0000023c22a77e50
Event: 96.721 Thread 0x0000023c194fe530 Thread added: 0x0000023c22a78b70
Event: 97.235 Thread 0x0000023c22a77130 Thread added: 0x0000023c22a79200
Event: 97.236 Thread 0x0000023c22a77130 Thread added: 0x0000023c22a79890
Event: 97.340 Thread 0x0000023c1348c1a0 Thread added: 0x0000023c18c0ce20
Event: 97.451 Thread 0x0000023c22acb230 Thread added: 0x0000023c22fc6730
Event: 97.451 Thread 0x0000023c22acb230 Thread added: 0x0000023c22fc8170
Event: 97.744 Thread 0x0000023c18c0ce20 Thread exited: 0x0000023c18c0ce20
Event: 101.060 Thread 0x0000023c1348c1a0 Thread added: 0x0000023c1a9d43e0
Event: 101.449 Thread 0x0000023c1a9d43e0 Thread exited: 0x0000023c1a9d43e0
Event: 101.523 Thread 0x0000023c13495280 Thread added: 0x0000023c19f325e0
Event: 102.829 Thread 0x0000023c19f325e0 Thread exited: 0x0000023c19f325e0
Event: 104.464 Thread 0x0000023c13495280 Thread added: 0x0000023c19f325e0
Event: 105.556 Thread 0x0000023c19f325e0 Thread exited: 0x0000023c19f325e0
Event: 106.061 Thread 0x0000023c22a79200 Thread added: 0x0000023c22a74340
Event: 106.062 Thread 0x0000023c22a79200 Thread added: 0x0000023c22a73cb0
Event: 106.064 Thread 0x0000023c22a74340 Thread added: 0x0000023c22a749d0
Event: 106.072 Thread 0x0000023c22a73cb0 Thread added: 0x0000023c22a72f90
Event: 107.101 Thread 0x0000023c13495280 Thread added: 0x0000023c19f325e0


Dynamic libraries:
0x00007ff6dd460000 - 0x00007ff6dd46a000 	C:\Program Files\Android\Android Studio\jbr\bin\java.exe
0x00007fff6d8c0000 - 0x00007fff6db28000 	C:\WINDOWS\SYSTEM32\ntdll.dll
0x00007fff6b710000 - 0x00007fff6b7d9000 	C:\WINDOWS\System32\KERNEL32.DLL
0x00007fff6ad80000 - 0x00007fff6b16d000 	C:\WINDOWS\System32\KERNELBASE.dll
0x00007fff6b2c0000 - 0x00007fff6b40b000 	C:\WINDOWS\System32\ucrtbase.dll
0x00007fff39f80000 - 0x00007fff39f98000 	C:\Program Files\Android\Android Studio\jbr\bin\jli.dll
0x00007fff6c140000 - 0x00007fff6c30c000 	C:\WINDOWS\System32\USER32.dll
0x00007fff6b630000 - 0x00007fff6b657000 	C:\WINDOWS\System32\win32u.dll
0x00007fff6d820000 - 0x00007fff6d84b000 	C:\WINDOWS\System32\GDI32.dll
0x00007fff6ac40000 - 0x00007fff6ad77000 	C:\WINDOWS\System32\gdi32full.dll
0x00007fff6ab90000 - 0x00007fff6ac33000 	C:\WINDOWS\System32\msvcp_win.dll
0x00007fff58ce0000 - 0x00007fff58cfb000 	C:\Program Files\Android\Android Studio\jbr\bin\VCRUNTIME140.dll
0x00007fff49b40000 - 0x00007fff49dda000 	C:\WINDOWS\WinSxS\amd64_microsoft.windows.common-controls_6595b64144ccf1df_6.0.26100.4484_none_3e0e6d4ce32ef3b3\COMCTL32.dll
0x00007fff6c000000 - 0x00007fff6c0a9000 	C:\WINDOWS\System32\msvcrt.dll
0x00007fff6ce10000 - 0x00007fff6ce3f000 	C:\WINDOWS\System32\IMM32.DLL
0x00007fff59cd0000 - 0x00007fff59cdc000 	C:\Program Files\Android\Android Studio\jbr\bin\vcruntime140_1.dll
0x00007fff0ff10000 - 0x00007fff0ff9d000 	C:\Program Files\Android\Android Studio\jbr\bin\msvcp140.dll
0x00007fff15f10000 - 0x00007fff16ba6000 	C:\Program Files\Android\Android Studio\jbr\bin\server\jvm.dll
0x00007fff6d6b0000 - 0x00007fff6d764000 	C:\WINDOWS\System32\ADVAPI32.dll
0x00007fff6c6c0000 - 0x00007fff6c766000 	C:\WINDOWS\System32\sechost.dll
0x00007fff6ca20000 - 0x00007fff6cb38000 	C:\WINDOWS\System32\RPCRT4.dll
0x00007fff6c640000 - 0x00007fff6c6b4000 	C:\WINDOWS\System32\WS2_32.dll
0x00007fff6a860000 - 0x00007fff6a8be000 	C:\WINDOWS\SYSTEM32\POWRPROF.dll
0x00007fff4db50000 - 0x00007fff4db85000 	C:\WINDOWS\SYSTEM32\WINMM.dll
0x00007fff59f70000 - 0x00007fff59f7b000 	C:\WINDOWS\SYSTEM32\VERSION.dll
0x00007fff6a840000 - 0x00007fff6a854000 	C:\WINDOWS\SYSTEM32\UMPDC.dll
0x00007fff697b0000 - 0x00007fff697cb000 	C:\WINDOWS\SYSTEM32\kernel.appcore.dll
0x00007fff58ef0000 - 0x00007fff58efa000 	C:\Program Files\Android\Android Studio\jbr\bin\jimage.dll
0x00007fff68170000 - 0x00007fff683b1000 	C:\WINDOWS\SYSTEM32\DBGHELP.DLL
0x00007fff6bc70000 - 0x00007fff6bff6000 	C:\WINDOWS\System32\combase.dll
0x00007fff6cb40000 - 0x00007fff6cc20000 	C:\WINDOWS\System32\OLEAUT32.dll
0x00007fff48e30000 - 0x00007fff48e73000 	C:\WINDOWS\SYSTEM32\dbgcore.DLL
0x00007fff6b410000 - 0x00007fff6b4a9000 	C:\WINDOWS\System32\bcryptPrimitives.dll
0x00007fff42900000 - 0x00007fff4290e000 	C:\Program Files\Android\Android Studio\jbr\bin\instrument.dll
0x00007fff580f0000 - 0x00007fff58110000 	C:\Program Files\Android\Android Studio\jbr\bin\java.dll
0x00007fff580d0000 - 0x00007fff580e8000 	C:\Program Files\Android\Android Studio\jbr\bin\zip.dll
0x00007fff6ce60000 - 0x00007fff6d5aa000 	C:\WINDOWS\System32\SHELL32.dll
0x00007fff6b4b0000 - 0x00007fff6b624000 	C:\WINDOWS\System32\wintypes.dll
0x00007fff68640000 - 0x00007fff68e9b000 	C:\WINDOWS\SYSTEM32\windows.storage.dll
0x00007fff6d5b0000 - 0x00007fff6d6a5000 	C:\WINDOWS\System32\SHCORE.dll
0x00007fff6c3a0000 - 0x00007fff6c40a000 	C:\WINDOWS\System32\shlwapi.dll
0x00007fff6a920000 - 0x00007fff6a94f000 	C:\WINDOWS\SYSTEM32\profapi.dll
0x00007fff57f60000 - 0x00007fff57f70000 	C:\Program Files\Android\Android Studio\jbr\bin\net.dll
0x00007fff5ba20000 - 0x00007fff5bb3e000 	C:\WINDOWS\SYSTEM32\WINHTTP.dll
0x00007fff69d40000 - 0x00007fff69daa000 	C:\WINDOWS\system32\mswsock.dll
0x00007fff57f40000 - 0x00007fff57f56000 	C:\Program Files\Android\Android Studio\jbr\bin\nio.dll
0x00007fff57d40000 - 0x00007fff57d50000 	C:\Program Files\Android\Android Studio\jbr\bin\verify.dll
0x00007fff3b7f0000 - 0x00007fff3b817000 	C:\Users\sofia\.gradle\native\c067742578af261105cb4f569cf0c3c89f3d7b1fecec35dd04571415982c5e48\windows-amd64\native-platform.dll
0x00007ffed6ee0000 - 0x00007ffed7024000 	C:\Users\sofia\.gradle\native\38dada09dfb8b06ba9b0570ebf7e218e3eb74d4ef43ca46872605cf95ebc2f47\windows-amd64\native-platform-file-events.dll
0x00007fff57620000 - 0x00007fff57629000 	C:\Program Files\Android\Android Studio\jbr\bin\management.dll
0x00007fff51ff0000 - 0x00007fff51ffb000 	C:\Program Files\Android\Android Studio\jbr\bin\management_ext.dll
0x00007fff6c390000 - 0x00007fff6c398000 	C:\WINDOWS\System32\PSAPI.DLL
0x00007fff69ff0000 - 0x00007fff6a00b000 	C:\WINDOWS\SYSTEM32\CRYPTSP.dll
0x00007fff69710000 - 0x00007fff6974b000 	C:\WINDOWS\system32\rsaenh.dll
0x00007fff69de0000 - 0x00007fff69e0b000 	C:\WINDOWS\SYSTEM32\USERENV.dll
0x00007fff6a8f0000 - 0x00007fff6a916000 	C:\WINDOWS\SYSTEM32\bcrypt.dll
0x00007fff6a010000 - 0x00007fff6a01c000 	C:\WINDOWS\SYSTEM32\CRYPTBASE.dll
0x00007fff69240000 - 0x00007fff69273000 	C:\WINDOWS\SYSTEM32\IPHLPAPI.DLL
0x00007fff6cda0000 - 0x00007fff6cdaa000 	C:\WINDOWS\System32\NSI.dll
0x00007fff57f30000 - 0x00007fff57f39000 	C:\Program Files\Android\Android Studio\jbr\bin\extnet.dll
0x00007fff06ba0000 - 0x00007fff06ba8000 	C:\WINDOWS\system32\wshunix.dll
0x00007fff4bdd0000 - 0x00007fff4bde8000 	C:\WINDOWS\system32\napinsp.dll
0x00007fff69310000 - 0x00007fff69436000 	C:\WINDOWS\SYSTEM32\DNSAPI.dll
0x00007fff4bd80000 - 0x00007fff4bd92000 	C:\WINDOWS\System32\winrnr.dll
0x00007fff43ed0000 - 0x00007fff43f00000 	C:\WINDOWS\system32\nlansp_c.dll
0x00007fff5cb30000 - 0x00007fff5cb50000 	C:\WINDOWS\system32\wshbth.dll
0x00007fff59d80000 - 0x00007fff59d8b000 	C:\Windows\System32\rasadhlp.dll
0x00007fff5b0a0000 - 0x00007fff5b126000 	C:\WINDOWS\System32\fwpuclnt.dll

JVMTI agents:
C:\Users\sofia\.gradle\wrapper\dists\gradle-8.6-bin\afr5mpiioh2wthjmwnkmdsd5w\gradle-8.6\lib\agents\gradle-instrumentation-agent-8.6.jar path:C:\Program Files\Android\Android Studio\jbr\bin\instrument.dll, loaded, initialized, instrumentlib options:none

dbghelp: loaded successfully - version: 4.0.5 - missing functions: none
symbol engine: initialized successfully - sym options: 0x614 - pdb path: .;C:\Program Files\Android\Android Studio\jbr\bin;C:\WINDOWS\SYSTEM32;C:\WINDOWS\WinSxS\amd64_microsoft.windows.common-controls_6595b64144ccf1df_6.0.26100.4484_none_3e0e6d4ce32ef3b3;C:\Program Files\Android\Android Studio\jbr\bin\server;C:\Users\sofia\.gradle\native\c067742578af261105cb4f569cf0c3c89f3d7b1fecec35dd04571415982c5e48\windows-amd64;C:\Users\sofia\.gradle\native\38dada09dfb8b06ba9b0570ebf7e218e3eb74d4ef43ca46872605cf95ebc2f47\windows-amd64

VM Arguments:
jvm_args: -XX:MaxMetaspaceSize=512m --add-opens=java.base/java.util=ALL-UNNAMED --add-opens=java.base/java.lang=ALL-UNNAMED --add-opens=java.base/java.lang.invoke=ALL-UNNAMED --add-opens=java.prefs/java.util.prefs=ALL-UNNAMED --add-opens=java.base/java.nio.charset=ALL-UNNAMED --add-opens=java.base/java.net=ALL-UNNAMED --add-opens=java.base/java.util.concurrent.atomic=ALL-UNNAMED -Xmx4096m -Dfile.encoding=UTF-8 -Duser.country=MX -Duser.language=es -Duser.variant -javaagent:C:\Users\sofia\.gradle\wrapper\dists\gradle-8.6-bin\afr5mpiioh2wthjmwnkmdsd5w\gradle-8.6\lib\agents\gradle-instrumentation-agent-8.6.jar 
java_command: org.gradle.launcher.daemon.bootstrap.GradleDaemon 8.6
java_class_path (initial): C:\Users\sofia\.gradle\wrapper\dists\gradle-8.6-bin\afr5mpiioh2wthjmwnkmdsd5w\gradle-8.6\lib\gradle-launcher-8.6.jar
Launcher Type: SUN_STANDARD

[Global flags]
     intx CICompilerCount                          = 3                                         {product} {ergonomic}
   size_t CompressedClassSpaceSize                 = 436207616                                 {product} {ergonomic}
     uint ConcGCThreads                            = 1                                         {product} {ergonomic}
     uint G1ConcRefinementThreads                  = 4                                         {product} {ergonomic}
   size_t G1HeapRegionSize                         = 2097152                                   {product} {ergonomic}
    uintx GCDrainStackTargetSize                   = 64                                        {product} {ergonomic}
   size_t InitialHeapSize                          = 132120576                                 {product} {ergonomic}
   size_t MarkStackSize                            = 4194304                                   {product} {ergonomic}
   size_t MaxHeapSize                              = 4294967296                                {product} {command line}
   size_t MaxMetaspaceSize                         = 536870912                                 {product} {command line}
   size_t MaxNewSize                               = 2575302656                                {product} {ergonomic}
   size_t MinHeapDeltaBytes                        = 2097152                                   {product} {ergonomic}
   size_t MinHeapSize                              = 8388608                                   {product} {ergonomic}
    uintx NonNMethodCodeHeapSize                   = 5832780                                {pd product} {ergonomic}
    uintx NonProfiledCodeHeapSize                  = 122912730                              {pd product} {ergonomic}
    uintx ProfiledCodeHeapSize                     = 122912730                              {pd product} {ergonomic}
    uintx ReservedCodeCacheSize                    = 251658240                              {pd product} {ergonomic}
     bool SegmentedCodeCache                       = true                                      {product} {ergonomic}
   size_t SoftMaxHeapSize                          = 4294967296                             {manageable} {ergonomic}
     bool UseCompressedOops                        = true                           {product lp64_product} {ergonomic}
     bool UseG1GC                                  = true                                      {product} {ergonomic}
     bool UseLargePagesIndividualAllocation        = false                                  {pd product} {ergonomic}

Logging:
Log output configuration:
 #0: stdout all=warning uptime,level,tags foldmultilines=false
 #1: stderr all=off uptime,level,tags foldmultilines=false

Release file:
JAVA_VERSION="21.0.9" 
MODULES="java.base java.compiler java.datatransfer java.xml java.prefs java.desktop java.instrument java.logging java.management java.security.sasl java.naming java.rmi java.management.rmi java.net.http java.scripting java.security.jgss java.transaction.xa java.sql java.sql.rowset java.xml.crypto java.se java.smartcardio jdk.accessibility jdk.internal.jvmstat jdk.attach jdk.charsets jdk.internal.opt jdk.zipfs jdk.compiler jdk.crypto.ec jdk.crypto.cryptoki jdk.dynalink jdk.hotspot.agent jdk.httpserver jdk.internal.ed jdk.internal.le jdk.internal.vm.ci jdk.jartool jdk.javadoc jdk.jcmd jdk.jdeps jdk.jdwp.agent jdk.jdi jdk.jfr jdk.jlink jdk.jsobject jdk.localedata jdk.management jdk.management.agent jdk.management.jfr jdk.naming.dns jdk.naming.rmi jdk.net jdk.sctp jdk.security.auth jdk.security.jgss jdk.unsupported jdk.unsupported.desktop jdk.xml.dom" 
IMPLEMENTOR="JetBrains s.r.o." 
JAVA_RUNTIME_VERSION="21.0.9+-14787801-b1163.94" 
LIBC="default" 
OS_ARCH="x86_64" 
OS_NAME="Windows" 
SOURCE=".:git:0c757ddc9f2f" 

Environment Variables:
JAVA_HOME=C:\Program Files\Java\jdk-17\bin
PATH=C:\Users\sofia\Downloads\jdk-21_windows-x64_bin\jdk-21.0.1\bin;C:\windows;C:\windows\System32\Wbem;C:\windows\System32\WindowsPowerShell\v1.0\;C:\windows\System32\OpenSSH\;C:\Program Files\Java\jdk-17\bin;C:\Windows\System32;C:\ProgramData\chocolatey\bin;C:\Program Files\dotnet\;C:\Program Files\Git\cmd;C:\WINDOWS\system32;C:\WINDOWS;C:\WINDOWS\System32\Wbem;C:\WINDOWS\System32\WindowsPowerShell\v1.0\;C:\WINDOWS\System32\OpenSSH\;C:\Program Files\Graphviz\bin\bin;C:\Program Files\Graphviz\bin\bin;C:\Users\sofia\Downloads\kotlin-compiler-2.1.21\kotlinc\bin;C:\Program Files (x86)\Microsoft SQL Server\160\Tools\Binn\;C:\Program Files\Microsoft SQL Server\160\Tools\Binn\;C:\Program Files\Microsoft SQL Server\Client SDK\ODBC\170\Tools\Binn\;C:\Program Files\Microsoft SQL Server\160\DTS\Binn\;C:\Program Files\nodejs\;C:\Program Files\Docker\Docker\resources\bin;C:\Users\sofia\AppData\Local\Programs\Python\Python310\Scripts\;C:\Users\sofia\AppData\Local\Programs\Python\Python310\;C:\Users\sofia\AppData\Local\Programs\Python\Python312\Scripts\;C:\Users\sofia\AppData\Local\Programs\Python\Python312\;C:\Users\sofia\AppData\Local\Programs\Python\Launcher\;C:\Users\sofia\AppData\Local\Microsoft\WindowsApps;;C:\Users\sofia\AppData\Local\Programs\Microsoft VS Code\bin;C:\Users\sofia\.dotnet\tools;C:\Users\sofia\AppData\Roaming\npm;C:\Users\sofia\AppData\Local\spicetify;C:\Users\sofia\AppData\Local\Programs\Antigravity\bin;C:\Users\sofia\AppData\Local\Programs\Antigravity IDE\bin
USERNAME=sofia
OS=Windows_NT
PROCESSOR_IDENTIFIER=Intel64 Family 6 Model 122 Stepping 8, GenuineIntel
TMP=C:\Users\sofia\AppData\Local\Temp
TEMP=C:\Users\sofia\AppData\Local\Temp




Periodic native trim disabled

JNI global refs:
JNI global refs: 27, weak refs: 0

JNI global refs memory usage: 835, weak refs: 201

Process memory usage:
Resident Set Size: 996648K (12% of 8197608K total physical memory with 570520K free physical memory)

OOME stack traces (most recent first):
Classloader memory used:
Loader org.gradle.internal.classloader.VisitableURLClassLoader                         : 42864K
Loader org.gradle.internal.classloader.VisitableURLClassLoader$InstrumentingVisitableURLClassLoader: 39862K
Loader bootstrap                                                                       : 29643K
Loader org.gradle.initialization.MixInLegacyTypesClassLoader                           : 11525K
Loader jdk.internal.loader.ClassLoaders$PlatformClassLoader                            : 563K
Loader jdk.internal.reflect.DelegatingClassLoader                                      : 412K
Loader jdk.internal.loader.ClassLoaders$AppClassLoader                                 : 230K
Loader org.gradle.internal.classloader.VisitableURLClassLoader                         : 178K
Loader org.gradle.groovy.scripts.internal.DefaultScriptCompilationHandler$ScriptClassLoader: 136K
Loader org.codehaus.groovy.runtime.callsite.CallSiteClassLoader                        : 27488B
Loader sun.reflect.misc.MethodUtil                                                     : 2984B

Classes loaded by more than one classloader:
Class Program                                                                         : loaded 5 times (x 72B)
Class Build_gradle                                                                    : loaded 3 times (x 130B)
Class Build_gradle$1                                                                  : loaded 3 times (x 74B)
Class org.gradle.internal.classloader.FilteringClassLoader                            : loaded 2 times (x 105B)
Class [Lcom.google.common.base.AbstractIterator$State;                                : loaded 2 times (x 69B)
Class com.google.common.base.CharMatcher$IsEither                                     : loaded 2 times (x 111B)
Class org.gradle.internal.classloader.ClassLoaderHierarchy                            : loaded 2 times (x 70B)
Class com.google.common.collect.ImmutableEnumSet                                      : loaded 2 times (x 146B)
Class com.google.common.util.concurrent.ExecutionError                                : loaded 2 times (x 82B)
Class com.google.common.collect.ImmutableList$1                                       : loaded 2 times (x 97B)
Class org.gradle.api.internal.classpath.ManifestUtil                                  : loaded 2 times (x 71B)
Class com.google.common.collect.RegularImmutableMap                                   : loaded 2 times (x 121B)
Class com.google.common.collect.ImmutableMap$MapViewOfValuesAsSingletonSets           : loaded 2 times (x 125B)
Class [Lorg.objectweb.asm.Symbol;                                                     : loaded 2 times (x 69B)
Class org.objectweb.asm.ClassVisitor                                                  : loaded 2 times (x 88B)
Class com.google.common.collect.UnmodifiableListIterator                              : loaded 2 times (x 95B)
Class org.objectweb.asm.MethodTooLargeException                                       : loaded 2 times (x 83B)
Class [Lcom.google.common.cache.CacheBuilder$OneWeigher;                              : loaded 2 times (x 69B)
Class com.google.common.base.Suppliers                                                : loaded 2 times (x 71B)
Class com.google.common.base.Platform$JdkPatternCompiler                              : loaded 2 times (x 75B)
Class org.gradle.internal.classloader.DefaultClassLoaderFactory                       : loaded 2 times (x 82B)
Class [Lcom.google.common.collect.AbstractIterator$State;                             : loaded 2 times (x 69B)
Class com.google.common.base.CharMatcher$None                                         : loaded 2 times (x 112B)
Class org.gradle.internal.classloader.ClassLoaderVisitor                              : loaded 2 times (x 76B)
Class [Lcom.google.common.collect.ImmutableMapEntry;                                  : loaded 2 times (x 69B)
Class org.gradle.api.internal.classpath.EffectiveClassPath                            : loaded 2 times (x 90B)
Class com.google.common.collect.AbstractIterator$1                                    : loaded 2 times (x 71B)
Class com.google.common.collect.ImmutableEnumMap                                      : loaded 2 times (x 125B)
Class com.google.common.collect.ListMultimap                                          : loaded 2 times (x 70B)
Class com.google.common.collect.Sets$1                                                : loaded 2 times (x 139B)
Class org.objectweb.asm.AnnotationVisitor                                             : loaded 2 times (x 78B)
Class com.google.common.base.Splitter                                                 : loaded 2 times (x 72B)
Class org.gradle.api.internal.DefaultClassPathProvider                                : loaded 2 times (x 76B)
Class com.google.common.collect.Sets$2                                                : loaded 2 times (x 139B)
Class [Lorg.gradle.api.internal.ClassPathProvider;                                    : loaded 2 times (x 69B)
Class org.gradle.api.internal.ClassPathProvider                                       : loaded 2 times (x 70B)
Class [Lorg.objectweb.asm.AnnotationVisitor;                                          : loaded 2 times (x 69B)
Class com.google.common.collect.Sets$3                                                : loaded 2 times (x 139B)
Class com.google.common.util.concurrent.AbstractFuture$SafeAtomicHelper               : loaded 2 times (x 79B)
Class com.google.common.cache.LocalCache$LocalLoadingCache                            : loaded 2 times (x 134B)
Class com.google.common.base.AbstractIterator$State                                   : loaded 2 times (x 79B)
Class org.gradle.internal.service.UnknownServiceException                             : loaded 2 times (x 83B)
Class com.google.common.collect.Sets$4                                                : loaded 2 times (x 139B)
Class org.objectweb.asm.ModuleVisitor                                                 : loaded 2 times (x 81B)
Class com.google.common.cache.LocalCache$Strength$1                                   : loaded 2 times (x 81B)
Class com.google.common.util.concurrent.SettableFuture                                : loaded 2 times (x 114B)
Class com.google.common.cache.LocalCache$Strength$2                                   : loaded 2 times (x 81B)
Class com.google.common.collect.Interner                                              : loaded 2 times (x 70B)
Class com.google.common.cache.LocalCache$Strength$3                                   : loaded 2 times (x 81B)
Class com.google.common.collect.MapDifference                                         : loaded 2 times (x 70B)
Class com.google.common.base.Splitter$1                                               : loaded 2 times (x 77B)
Class org.objectweb.asm.FieldWriter                                                   : loaded 2 times (x 78B)
Class com.google.common.cache.CacheBuilder$NullListener                               : loaded 2 times (x 82B)
Class org.gradle.internal.classpath.TransformedClassPath                              : loaded 2 times (x 96B)
Class com.google.common.cache.CacheLoader$FunctionToCacheLoader                       : loaded 2 times (x 75B)
Class com.google.common.collect.Iterators$ArrayItr                                    : loaded 2 times (x 97B)
Class com.google.common.collect.ImmutableCollection$Builder                           : loaded 2 times (x 76B)
Class com.google.common.base.Joiner                                                   : loaded 2 times (x 79B)
Class com.google.common.base.MoreObjects                                              : loaded 2 times (x 71B)
Class [Lorg.objectweb.asm.Type;                                                       : loaded 2 times (x 69B)
Class com.google.common.collect.Platform                                              : loaded 2 times (x 71B)
Class com.google.common.collect.UnmodifiableIterator                                  : loaded 2 times (x 80B)
Class org.gradle.internal.service.ServiceLocator                                      : loaded 2 times (x 70B)
Class com.google.common.base.Ascii                                                    : loaded 2 times (x 71B)
Class com.google.common.collect.SingletonImmutableBiMap                               : loaded 2 times (x 143B)
Class com.google.common.cache.LocalCache$1                                            : loaded 2 times (x 89B)
Class com.google.common.collect.AbstractMapEntry                                      : loaded 2 times (x 81B)
Class com.google.common.collect.Sets$ImprovedAbstractSet                              : loaded 2 times (x 135B)
Class com.google.common.collect.ImmutableList$Builder                                 : loaded 2 times (x 77B)
Class com.google.common.cache.LocalCache$2                                            : loaded 2 times (x 142B)
Class com.google.common.collect.AbstractMultimap                                      : loaded 2 times (x 123B)
Class com.google.common.util.concurrent.AbstractFuture$UnsafeAtomicHelper$1           : loaded 2 times (x 76B)
Class com.google.common.collect.RegularImmutableAsList                                : loaded 2 times (x 216B)
Class com.google.common.base.Optional                                                 : loaded 2 times (x 80B)
Class com.google.common.util.concurrent.AbstractFuture$Trusted                        : loaded 2 times (x 70B)
Class com.google.common.collect.Iterators                                             : loaded 2 times (x 71B)
Class com.google.common.base.CharMatcher$RangesMatcher                                : loaded 2 times (x 112B)
Class com.google.common.util.concurrent.UncheckedExecutionException                   : loaded 2 times (x 82B)
Class com.google.common.collect.Lists$StringAsImmutableList                           : loaded 2 times (x 207B)
Class org.gradle.kotlin.dsl.VersionCatalogAccessorsKt                                 : loaded 2 times (x 71B)
Class com.google.common.base.CharMatcher$JavaLetterOrDigit                            : loaded 2 times (x 111B)
Class org.gradle.internal.InternalTransformer                                         : loaded 2 times (x 70B)
Class com.google.common.collect.AbstractMapBasedMultimap$KeySet$1                     : loaded 2 times (x 82B)
Class org.objectweb.asm.ClassWriter                                                   : loaded 2 times (x 106B)
Class com.google.common.cache.CacheLoader$UnsupportedLoadingOperationException        : loaded 2 times (x 82B)
Class com.google.common.base.CharMatcher$And                                          : loaded 2 times (x 112B)
Class org.gradle.internal.classloader.ClasspathUtil$1                                 : loaded 2 times (x 76B)
Class com.google.common.collect.FluentIterable$1                                      : loaded 2 times (x 81B)
Class com.google.common.base.Objects                                                  : loaded 2 times (x 71B)
Class org.objectweb.asm.FieldVisitor                                                  : loaded 2 times (x 77B)
Class com.google.common.collect.IndexedImmutableSet                                   : loaded 2 times (x 150B)
Class com.google.common.collect.ImmutableMap$1                                        : loaded 2 times (x 81B)
Class com.google.common.collect.BiMap                                                 : loaded 2 times (x 70B)
Class org.gradle.api.internal.classpath.DefaultModuleRegistry$DefaultModule           : loaded 2 times (x 86B)
Class com.google.common.base.Absent                                                   : loaded 2 times (x 80B)
Class com.google.common.collect.FluentIterable$2                                      : loaded 2 times (x 81B)
Class com.google.common.primitives.Ints                                               : loaded 2 times (x 71B)
Class com.google.common.collect.AbstractIterator                                      : loaded 2 times (x 82B)
Class com.google.common.collect.FluentIterable$3                                      : loaded 2 times (x 81B)
Class com.google.common.math.MathPreconditions                                        : loaded 2 times (x 71B)
Class com.google.common.collect.RegularImmutableMap$KeySet                            : loaded 2 times (x 150B)
Class com.google.common.collect.ArrayListMultimapGwtSerializationDependencies         : loaded 2 times (x 172B)
Class com.google.common.collect.ObjectArrays                                          : loaded 2 times (x 71B)
Class com.google.common.collect.AbstractIndexedListIterator                           : loaded 2 times (x 96B)
Class com.google.common.collect.ImmutableMapEntrySet                                  : loaded 2 times (x 151B)
Class org.gradle.api.internal.classpath.Module                                        : loaded 2 times (x 70B)
Class com.google.common.cache.Weigher                                                 : loaded 2 times (x 70B)
Class org.gradle.api.internal.classpath.UnknownModuleException                        : loaded 2 times (x 82B)
Class org.gradle.cache.GlobalCache                                                    : loaded 2 times (x 70B)
Class com.google.common.base.Stopwatch                                                : loaded 2 times (x 72B)
Class com.google.common.cache.LocalCache$Strength                                     : loaded 2 times (x 81B)
Class com.google.common.cache.Cache                                                   : loaded 2 times (x 70B)
Class com.google.common.util.concurrent.AbstractFuture$Cancellation                   : loaded 2 times (x 72B)
Class com.google.common.collect.ImmutableMap$Builder                                  : loaded 2 times (x 82B)
Class com.google.common.base.NullnessCasts                                            : loaded 2 times (x 71B)
Class com.google.common.base.Present                                                  : loaded 2 times (x 81B)
Class com.google.common.cache.RemovalListener                                         : loaded 2 times (x 70B)
Class org.gradle.api.internal.DefaultClassPathRegistry                                : loaded 2 times (x 76B)
Class com.google.common.primitives.IntsMethodsForWeb                                  : loaded 2 times (x 71B)
Class com.google.common.collect.Multimap                                              : loaded 2 times (x 70B)
Class org.gradle.api.internal.ClassPathRegistry                                       : loaded 2 times (x 70B)
Class org.gradle.internal.classpath.DefaultClassPath$ImmutableUniqueList              : loaded 2 times (x 199B)
Class com.google.common.base.ExtraObjectsMethodsForWeb                                : loaded 2 times (x 71B)
Class com.google.common.base.Equivalence$Identity                                     : loaded 2 times (x 82B)
Class com.google.common.cache.CacheBuilder                                            : loaded 2 times (x 72B)
Class com.google.common.collect.SingletonImmutableList                                : loaded 2 times (x 207B)
Class Settings_gradle$1                                                               : loaded 2 times (x 74B)
Class org.gradle.internal.classpath.ClassPath                                         : loaded 2 times (x 70B)
Class org.gradle.api.UncheckedIOException                                             : loaded 2 times (x 82B)
Class com.google.common.collect.ImmutableList$ReverseImmutableList                    : loaded 2 times (x 208B)
Class com.google.common.base.JdkPattern                                               : loaded 2 times (x 75B)
Class org.objectweb.asm.SymbolTable$Entry                                             : loaded 2 times (x 74B)
Class com.google.common.util.concurrent.AbstractFuture$AtomicHelper                   : loaded 2 times (x 78B)
Class ijKotlinCoroutineJvmDebugInit1_9o0ac93m3diq4940107tygg5m                        : loaded 2 times (x 179B)
Class org.objectweb.asm.Edge                                                          : loaded 2 times (x 72B)
Class com.google.common.base.Suppliers$SupplierOfInstance                             : loaded 2 times (x 79B)
Class com.google.common.collect.Iterators$1                                           : loaded 2 times (x 81B)
Class com.google.common.cache.LocalCache$ComputingValueReference                      : loaded 2 times (x 96B)
Class com.google.common.collect.SingletonImmutableSet                                 : loaded 2 times (x 146B)
Class com.google.common.collect.ImmutableMap$IteratorBasedImmutableMap                : loaded 2 times (x 125B)
Class com.google.common.cache.LocalCache$Segment                                      : loaded 2 times (x 154B)
Class [Lorg.objectweb.asm.SymbolTable$Entry;                                          : loaded 2 times (x 69B)
Class com.google.common.cache.CacheLoader                                             : loaded 2 times (x 74B)
Class com.google.common.collect.Iterators$4                                           : loaded 2 times (x 82B)
Class com.google.common.collect.ImmutableBiMap                                        : loaded 2 times (x 143B)
Class com.google.common.collect.AbstractListMultimap                                  : loaded 2 times (x 172B)
Class org.gradle.internal.installation.GradleInstallation$1                           : loaded 2 times (x 75B)
Class org.gradle.api.internal.classpath.ModuleRegistry                                : loaded 2 times (x 70B)
Class com.google.common.util.concurrent.internal.InternalFutureFailureAccess          : loaded 2 times (x 72B)
Class com.google.common.collect.Iterators$5                                           : loaded 2 times (x 82B)
Class com.google.common.collect.ImmutableSet$JdkBackedSetBuilderImpl                  : loaded 2 times (x 76B)
Class com.google.common.base.Splitter$SplittingIterator                               : loaded 2 times (x 84B)
Class com.google.common.io.Closer$SuppressingSuppressor                               : loaded 2 times (x 75B)
Class com.google.common.util.concurrent.AbstractFuture$UnsafeAtomicHelper             : loaded 2 times (x 78B)
Class com.google.common.cache.LocalCache$LocalManualCache$1                           : loaded 2 times (x 75B)
Class com.google.common.base.CharMatcher$ForPredicate                                 : loaded 2 times (x 112B)
Class com.google.common.collect.ImmutableCollection                                   : loaded 2 times (x 125B)
Class com.google.common.base.CharMatcher$AnyOf                                        : loaded 2 times (x 112B)
Class org.gradle.api.internal.classpath.DefaultModuleRegistry                         : loaded 2 times (x 86B)
Class com.google.common.util.concurrent.ListenableFuture                              : loaded 2 times (x 70B)
Class com.google.common.cache.ReferenceEntry                                          : loaded 2 times (x 70B)
Class com.google.common.collect.ImmutableSet$CachingAsList                            : loaded 2 times (x 147B)
Class com.google.common.base.Converter                                                : loaded 2 times (x 90B)
Class com.google.common.collect.Lists                                                 : loaded 2 times (x 71B)
Class com.google.common.base.CharMatcher$Any                                          : loaded 2 times (x 112B)
Class com.google.common.util.concurrent.AbstractFuture                                : loaded 2 times (x 106B)
Class com.google.common.base.FunctionalEquivalence                                    : loaded 2 times (x 83B)
Class com.google.common.collect.Iterators$9                                           : loaded 2 times (x 81B)
Class com.google.common.collect.AbstractMapBasedMultimap                              : loaded 2 times (x 139B)
Class com.google.common.collect.ImmutableAsList                                       : loaded 2 times (x 209B)
Class org.objectweb.asm.RecordComponentVisitor                                        : loaded 2 times (x 77B)
Class com.google.common.cache.CacheLoader$SupplierToCacheLoader                       : loaded 2 times (x 75B)
Class com.google.common.collect.Maps$EntryTransformer                                 : loaded 2 times (x 70B)
Class org.gradle.internal.service.ServiceLookupException                              : loaded 2 times (x 82B)
Class [Lcom.google.common.cache.LocalCache$EntryFactory;                              : loaded 2 times (x 69B)
Class com.google.common.base.CharMatcher$JavaLetter                                   : loaded 2 times (x 111B)
Class org.gradle.internal.classloader.ClassLoaderFactory                              : loaded 2 times (x 70B)
Class com.google.common.cache.LocalCache$LocalManualCache                             : loaded 2 times (x 99B)
Class com.google.common.base.CharMatcher$IsNot                                        : loaded 2 times (x 111B)
Class com.google.common.base.CommonPattern                                            : loaded 2 times (x 74B)
Class org.gradle.internal.service.CachingServiceLocator                               : loaded 2 times (x 82B)
Class com.google.common.collect.AbstractMapBasedMultimap$KeySet                       : loaded 2 times (x 137B)
Class com.google.common.math.IntMath                                                  : loaded 2 times (x 71B)
Class com.google.common.collect.Iterators$10                                          : loaded 2 times (x 81B)
Class com.google.common.collect.ImmutableMapEntry                                     : loaded 2 times (x 85B)
Class com.google.common.base.CharMatcher$JavaDigit                                    : loaded 2 times (x 111B)
Class com.google.common.base.Equivalence                                              : loaded 2 times (x 82B)
Class com.google.common.collect.ImmutableMapEntry$NonTerminalImmutableMapEntry        : loaded 2 times (x 85B)
Class com.google.common.base.Function                                                 : loaded 2 times (x 70B)
Class com.google.common.cache.CacheBuilder$OneWeigher                                 : loaded 2 times (x 82B)
Class com.google.common.collect.RegularImmutableList                                  : loaded 2 times (x 212B)
Class com.google.common.collect.ImmutableBiMapFauxverideShim                          : loaded 2 times (x 120B)
Class org.gradle.internal.classloader.ClasspathUtil                                   : loaded 2 times (x 71B)
Class com.google.common.base.Charsets                                                 : loaded 2 times (x 71B)
Class com.google.common.util.concurrent.Uninterruptibles                              : loaded 2 times (x 71B)
Class com.google.common.collect.Maps                                                  : loaded 2 times (x 71B)
Class com.google.common.base.CharMatcher$JavaUpperCase                                : loaded 2 times (x 111B)
Class org.gradle.api.specs.Spec                                                       : loaded 2 times (x 70B)
Class [Lcom.google.common.collect.ImmutableEntry;                                     : loaded 2 times (x 69B)
Class com.google.common.cache.LocalCache$LoadingValueReference                        : loaded 2 times (x 96B)
Class com.google.common.collect.Multiset                                              : loaded 2 times (x 70B)
Class com.google.common.base.Platform                                                 : loaded 2 times (x 71B)
Class ijJvmDebugger1_bbq98qd0obpqjeconcdpixouv                                        : loaded 2 times (x 179B)
Class [Lorg.objectweb.asm.AnnotationWriter;                                           : loaded 2 times (x 69B)
Class com.google.common.primitives.Ints$IntConverter                                  : loaded 2 times (x 90B)
Class com.google.common.collect.Maps$8                                                : loaded 2 times (x 82B)
Class com.google.common.collect.Sets$SetView                                          : loaded 2 times (x 138B)
Class com.google.common.cache.LocalCache$StrongValueReference                         : loaded 2 times (x 90B)
Class com.google.common.util.concurrent.AbstractFuture$SynchronizedHelper             : loaded 2 times (x 78B)
Class com.google.common.base.CharMatcher$Invisible                                    : loaded 2 times (x 112B)
Class org.objectweb.asm.Type                                                          : loaded 2 times (x 72B)
Class org.gradle.internal.classloader.VisitableURLClassLoader$InstrumentingVisitableURLClassLoader: loaded 2 times (x 123B)
Class org.objectweb.asm.ByteVector                                                    : loaded 2 times (x 79B)
Class [Lcom.google.common.cache.CacheBuilder$NullListener;                            : loaded 2 times (x 69B)
Class com.google.common.math.IntMath$1                                                : loaded 2 times (x 71B)
Class org.gradle.internal.classloader.VisitableURLClassLoader$Spec                    : loaded 2 times (x 74B)
Class org.gradle.internal.classpath.DefaultClassPath                                  : loaded 2 times (x 90B)
Class org.objectweb.asm.Symbol                                                        : loaded 2 times (x 73B)
Class com.google.common.base.AbstractIterator                                         : loaded 2 times (x 80B)
Class com.google.common.io.Closer                                                     : loaded 2 times (x 78B)
Class com.google.common.collect.RegularImmutableMap$Values                            : loaded 2 times (x 207B)
Class com.google.common.collect.ImmutableSet                                          : loaded 2 times (x 145B)
Class com.google.common.base.CharMatcher$BitSetMatcher                                : loaded 2 times (x 112B)
Class com.google.common.base.CharMatcher$Ascii                                        : loaded 2 times (x 112B)
Class org.gradle.internal.classloader.ClassLoaderSpec                                 : loaded 2 times (x 71B)
Class org.objectweb.asm.AnnotationWriter                                              : loaded 2 times (x 79B)
Class com.google.common.cache.CacheStats                                              : loaded 2 times (x 71B)
Class ijJvmDebugger1_bbq98qd0obpqjeconcdpixouv$_run_closure1$_closure2                : loaded 2 times (x 140B)
Class com.google.common.io.Closer$Suppressor                                          : loaded 2 times (x 70B)
Class org.objectweb.asm.RecordComponentWriter                                         : loaded 2 times (x 78B)
Class com.google.common.util.concurrent.AbstractFuture$Listener                       : loaded 2 times (x 72B)
Class com.google.common.base.CharMatcher$Or                                           : loaded 2 times (x 112B)
Class Settings_gradle$1$1                                                             : loaded 2 times (x 74B)
Class org.objectweb.asm.Attribute                                                     : loaded 2 times (x 77B)
Class com.google.common.base.Supplier                                                 : loaded 2 times (x 70B)
Class org.gradle.internal.classloader.VisitableURLClassLoader                         : loaded 2 times (x 117B)
Class com.google.common.collect.ImmutableList$SerializedForm                          : loaded 2 times (x 73B)
Class com.google.common.util.concurrent.AbstractFuture$Waiter                         : loaded 2 times (x 72B)
Class Settings_gradle                                                                 : loaded 2 times (x 128B)
Class ijKotlinCoroutineJvmDebugInit1_9o0ac93m3diq4940107tygg5m$_run_closure1          : loaded 2 times (x 139B)
Class org.gradle.internal.Cast                                                        : loaded 2 times (x 71B)
Class org.gradle.api.Action                                                           : loaded 2 times (x 70B)
Class com.google.common.collect.Sets                                                  : loaded 2 times (x 71B)
Class org.objectweb.asm.Handler                                                       : loaded 2 times (x 72B)
Class com.google.common.base.Ticker                                                   : loaded 2 times (x 72B)
Class com.google.common.base.Strings                                                  : loaded 2 times (x 71B)
Class com.google.common.base.CharMatcher$FastMatcher                                  : loaded 2 times (x 111B)
Class org.gradle.internal.agents.InstrumentingClassLoader                             : loaded 2 times (x 70B)
Class [Lcom.google.common.cache.LocalCache$Segment;                                   : loaded 2 times (x 69B)
Class [Lcom.google.common.cache.LocalCache$Strength;                                  : loaded 2 times (x 69B)
Class com.google.common.cache.CacheBuilder$1                                          : loaded 2 times (x 85B)
Class com.google.common.collect.ImmutableMap                                          : loaded 2 times (x 120B)
Class com.google.common.base.Predicate                                                : loaded 2 times (x 70B)
Class org.gradle.internal.classpath.DefaultClassPath$ImmutableUniqueList$Builder      : loaded 2 times (x 75B)
Class com.google.common.cache.LocalCache                                              : loaded 2 times (x 187B)
Class com.google.common.cache.CacheBuilder$2                                          : loaded 2 times (x 72B)
Class com.google.common.base.CharMatcher$NegatedFastMatcher                           : loaded 2 times (x 113B)
Class ijJvmDebugger1_bbq98qd0obpqjeconcdpixouv$_run_closure1                          : loaded 2 times (x 139B)
Class [Lcom.google.common.collect.AbstractMapEntry;                                   : loaded 2 times (x 69B)
Class com.google.common.collect.ImmutableEntry                                        : loaded 2 times (x 82B)
Class com.google.common.collect.ArrayListMultimap                                     : loaded 2 times (x 172B)
Class com.google.common.base.AbstractIterator$1                                       : loaded 2 times (x 71B)
Class com.google.common.base.CharMatcher$Digit                                        : loaded 2 times (x 112B)
Class org.gradle.api.GradleException                                                  : loaded 2 times (x 82B)
Class com.google.common.collect.ForwardingMap                                         : loaded 2 times (x 132B)
Class com.google.common.collect.CollectPreconditions                                  : loaded 2 times (x 71B)
Class com.google.common.base.CharMatcher$JavaIsoControl                               : loaded 2 times (x 112B)
Class com.google.common.collect.SortedMapDifference                                   : loaded 2 times (x 70B)
Class com.google.common.base.CharMatcher$JavaLowerCase                                : loaded 2 times (x 111B)
Class ijKotlinCoroutineJvmDebugInit1_9o0ac93m3diq4940107tygg5m$_run_closure1$_closure2: loaded 2 times (x 139B)
Class com.google.common.collect.Iterables$4                                           : loaded 2 times (x 81B)
Class com.google.common.cache.LocalCache$EntryFactory                                 : loaded 2 times (x 83B)
Class com.google.common.cache.LocalCache$AbstractReferenceEntry                       : loaded 2 times (x 107B)
Class com.google.common.base.Splitter$1$1                                             : loaded 2 times (x 86B)
Class com.google.common.base.CharMatcher$Whitespace                                   : loaded 2 times (x 112B)
Class org.gradle.internal.IoActions                                                   : loaded 2 times (x 71B)
Class org.objectweb.asm.SymbolTable                                                   : loaded 2 times (x 72B)
Class com.google.common.cache.CacheLoader$InvalidCacheLoadException                   : loaded 2 times (x 82B)
Class com.google.common.collect.ImmutableSet$RegularSetBuilderImpl                    : loaded 2 times (x 77B)
Class com.google.common.base.CharMatcher$SingleWidth                                  : loaded 2 times (x 112B)
Class org.gradle.internal.classloader.SystemClassLoaderSpec                           : loaded 2 times (x 71B)
Class com.google.common.collect.FluentIterable                                        : loaded 2 times (x 81B)
Class com.google.common.cache.LocalCache$StrongEntry                                  : loaded 2 times (x 108B)
Class com.google.common.util.concurrent.AbstractFuture$TrustedFuture                  : loaded 2 times (x 114B)
Class com.google.common.cache.LoadingCache                                            : loaded 2 times (x 70B)
Class org.objectweb.asm.MethodWriter                                                  : loaded 2 times (x 106B)
Class [Lcom.google.common.cache.Weigher;                                              : loaded 2 times (x 69B)
Class com.google.common.collect.RegularImmutableMap$BucketOverflowException           : loaded 2 times (x 82B)
Class com.google.common.collect.AbstractIterator$State                                : loaded 2 times (x 79B)
Class com.google.common.collect.RegularImmutableBiMap                                 : loaded 2 times (x 148B)
Class com.google.common.cache.LocalCache$ValueReference                               : loaded 2 times (x 70B)
Class com.google.common.base.CharMatcher$Negated                                      : loaded 2 times (x 113B)
Class com.google.common.base.CharMatcher$Is                                           : loaded 2 times (x 111B)
Class com.google.common.util.concurrent.AbstractFuture$Failure                        : loaded 2 times (x 72B)
Class com.google.common.base.Equivalence$Equals                                       : loaded 2 times (x 82B)
Class com.google.common.collect.Hashing                                               : loaded 2 times (x 71B)
Class com.google.common.base.PatternCompiler                                          : loaded 2 times (x 70B)
Class com.google.common.base.Preconditions                                            : loaded 2 times (x 71B)
Class com.google.common.base.Joiner$1                                                 : loaded 2 times (x 80B)
Class org.objectweb.asm.Label                                                         : loaded 2 times (x 73B)
Class org.objectweb.asm.CurrentFrame                                                  : loaded 2 times (x 73B)
Class org.objectweb.asm.ClassTooLargeException                                        : loaded 2 times (x 83B)
Class com.google.common.collect.PeekingIterator                                       : loaded 2 times (x 70B)
Class com.google.common.base.CharMatcher                                              : loaded 2 times (x 111B)
Class com.google.common.collect.Maps$IteratorBasedAbstractMap                         : loaded 2 times (x 125B)
Class com.google.common.base.Joiner$2                                                 : loaded 2 times (x 79B)
Class org.objectweb.asm.Frame                                                         : loaded 2 times (x 73B)
Class org.objectweb.asm.MethodVisitor                                                 : loaded 2 times (x 105B)
Class com.google.common.cache.LocalCache$EntryFactory$1                               : loaded 2 times (x 83B)
Class [Lcom.google.common.cache.RemovalListener;                                      : loaded 2 times (x 69B)
Class com.google.common.base.CharMatcher$1                                            : loaded 2 times (x 113B)
Class com.google.common.base.CharMatcher$NamedFastMatcher                             : loaded 2 times (x 112B)
Class com.google.common.cache.LocalCache$EntryFactory$2                               : loaded 2 times (x 83B)
Class org.objectweb.asm.ModuleWriter                                                  : loaded 2 times (x 82B)
Class com.google.common.cache.LocalCache$EntryFactory$3                               : loaded 2 times (x 83B)
Class com.google.common.base.Ticker$1                                                 : loaded 2 times (x 72B)
Class com.google.common.collect.ImmutableMapEntrySet$RegularEntrySet                  : loaded 2 times (x 151B)
Class com.google.common.collect.Maps$BiMapConverter                                   : loaded 2 times (x 90B)
Class com.google.common.cache.LocalCache$EntryFactory$4                               : loaded 2 times (x 83B)
Class com.google.common.collect.ImmutableSet$Builder                                  : loaded 2 times (x 85B)
Class com.google.common.base.CharMatcher$InRange                                      : loaded 2 times (x 111B)
Class com.google.common.cache.LocalCache$EntryFactory$5                               : loaded 2 times (x 83B)
Class com.google.common.base.PairwiseEquivalence                                      : loaded 2 times (x 83B)
Class com.google.common.cache.LocalCache$EntryFactory$6                               : loaded 2 times (x 83B)
Class org.gradle.internal.installation.CurrentGradleInstallationLocator               : loaded 2 times (x 71B)
Class com.google.common.collect.Maps$KeySet                                           : loaded 2 times (x 137B)
Class com.google.common.cache.LocalCache$EntryFactory$7                               : loaded 2 times (x 83B)
Class com.google.common.collect.ImmutableSet$EmptySetBuilderImpl                      : loaded 2 times (x 76B)
Class com.google.common.collect.ImmutableList                                         : loaded 2 times (x 206B)
Class org.gradle.internal.service.DefaultServiceLocator                               : loaded 2 times (x 83B)
Class com.google.common.cache.LocalCache$EntryFactory$8                               : loaded 2 times (x 83B)
Class com.google.common.collect.ImmutableSet$SetBuilderImpl                           : loaded 2 times (x 76B)
Class org.gradle.internal.installation.CurrentGradleInstallation                      : loaded 2 times (x 73B)
Class com.google.common.cache.CacheLoader$1                                           : loaded 2 times (x 75B)
Class com.google.common.collect.ForwardingObject                                      : loaded 2 times (x 72B)
Class com.google.common.collect.ImmutableList$SubList                                 : loaded 2 times (x 208B)
Class org.gradle.util.internal.GUtil                                                  : loaded 2 times (x 71B)
Class com.google.common.util.concurrent.AbstractFuture$SetFuture                      : loaded 2 times (x 75B)
Class com.google.common.cache.AbstractCache$StatsCounter                              : loaded 2 times (x 70B)
Class com.google.common.collect.Iterators$MergingIterator                             : loaded 2 times (x 81B)
Class com.google.common.collect.RegularImmutableSet                                   : loaded 2 times (x 148B)
Class org.gradle.internal.installation.GradleInstallation                             : loaded 2 times (x 75B)
Class com.google.common.collect.Iterables                                             : loaded 2 times (x 71B)
Class com.google.common.base.Splitter$Strategy                                        : loaded 2 times (x 70B)

---------------  S Y S T E M  ---------------

OS:
 Windows 11 , 64 bit Build 26100 (10.0.26100.4484)
OS uptime: 6 days 5:04 hours
Hyper-V role detected

CPU: total 4 (initial active 4) (4 cores per cpu, 1 threads per core) family 6 model 122 stepping 8 microcode 0x22, cx8, cmov, fxsr, mmx, 3dnowpref, sse, sse2, sse3, ssse3, sse4.1, sse4.2, popcnt, tsc, tscinvbit, aes, erms, clmul, sha, clflush, clflushopt, hv, rdtscp, rdpid
Processor Information for the first 4 processors :
  Max Mhz: 1101, Current Mhz: 1101, Mhz Limit: 1101

Memory: 4k page, system-wide physical 8005M (532M free)
TotalPageFile size 22649M (AvailPageFile size 542M)
current process WorkingSet (physical memory assigned to process): 986M, peak: 1022M
current process commit charge ("private bytes"): 1093M, peak: 1699M

vm_info: OpenJDK 64-Bit Server VM (21.0.9+-14787801-b1163.94) for windows-amd64 JRE (21.0.9+-14787801-b1163.94), built on 2026-01-27T21:15:44Z by "builder" with MS VC++ 16.10 / 16.11 (VS2019)

END.
