#
# There is insufficient memory for the Java Runtime Environment to continue.
# Native memory allocation (mmap) failed to map 1423966208 bytes for G1 virtual space
# Possible reasons:
#   The system is out of physical RAM or swap space
#   The process is running with CompressedOops enabled, and the Java Heap may be blocking the growth of the native heap
# Possible solutions:
#   Reduce memory load on the system
#   Increase physical memory or swap space
#   Check if swap backing store is full
#   Decrease Java heap size (-Xmx/-Xms)
#   Decrease number of Java threads
#   Decrease Java thread stack sizes (-Xss)
#   Set larger code cache with -XX:ReservedCodeCacheSize=
#   JVM is running with Zero Based Compressed Oops mode in which the Java heap is
#     placed in the first 32GB address space. The Java Heap base address is the
#     maximum limit for the native heap growth. Please use -XX:HeapBaseMinAddress
#     to set the Java Heap base and to place the Java Heap above 32GB virtual address.
# This output file may be truncated or incomplete.
#
#  Out of Memory Error (os_windows.cpp:3552), pid=8600, tid=6752
#
# JRE version: Java(TM) SE Runtime Environment (17.0.9+11) (build 17.0.9+11-LTS-201)
# Java VM: Java HotSpot(TM) 64-Bit Server VM (17.0.9+11-LTS-201, mixed mode, sharing, tiered, compressed oops, compressed class ptrs, g1 gc, windows-amd64)
# No core dump will be written. Minidumps are not enabled by default on client versions of Windows
#

---------------  S U M M A R Y ------------

Command Line: -XX:MaxMetaspaceSize=512m --add-opens=java.base/java.util=ALL-UNNAMED --add-opens=java.base/java.lang=ALL-UNNAMED --add-opens=java.base/java.lang.invoke=ALL-UNNAMED --add-opens=java.prefs/java.util.prefs=ALL-UNNAMED --add-opens=java.base/java.nio.charset=ALL-UNNAMED --add-opens=java.base/java.net=ALL-UNNAMED --add-opens=java.base/java.util.concurrent.atomic=ALL-UNNAMED -Xmx4096m -Dfile.encoding=UTF-8 -Duser.country=MX -Duser.language=es -Duser.variant -javaagent:C:\Users\sofia\.gradle\wrapper\dists\gradle-8.6-bin\afr5mpiioh2wthjmwnkmdsd5w\gradle-8.6\lib\agents\gradle-instrumentation-agent-8.6.jar org.gradle.launcher.daemon.bootstrap.GradleDaemon 8.6

Host: Intel(R) Pentium(R) Silver N5030 CPU @ 1.10GHz, 4 cores, 7G,  Windows 11 , 64 bit Build 26100 (10.0.26100.4484)
Time: Thu May 28 19:55:05 2026 Hora estándar de Venezuela elapsed time: 88.456190 seconds (0d 0h 1m 28s)

---------------  T H R E A D  ---------------

Current thread (0x000001963fb19ff0):  VMThread "VM Thread" [stack: 0x0000005eefa00000,0x0000005eefb00000] [id=6752]

Stack: [0x0000005eefa00000,0x0000005eefb00000]
Native frames: (J=compiled Java code, j=interpreted, Vv=VM code, C=native code)
V  [jvm.dll+0x678a4a]
V  [jvm.dll+0x7d9cfd]
V  [jvm.dll+0x7db60e]
V  [jvm.dll+0x7dbc73]
V  [jvm.dll+0x245e1f]
V  [jvm.dll+0x6758f9]
V  [jvm.dll+0x66a2a2]
V  [jvm.dll+0x303686]
V  [jvm.dll+0x30ac06]
V  [jvm.dll+0x35a48e]
V  [jvm.dll+0x35a6bf]
V  [jvm.dll+0x2da678]
V  [jvm.dll+0x2d8a85]
V  [jvm.dll+0x2d808c]
V  [jvm.dll+0x31b97b]
V  [jvm.dll+0x7e048b]
V  [jvm.dll+0x7e11c4]
V  [jvm.dll+0x7e16dd]
V  [jvm.dll+0x7e1ab4]
V  [jvm.dll+0x7e1b80]
V  [jvm.dll+0x78998a]
V  [jvm.dll+0x677875]
C  [ucrtbase.dll+0x37b0]
C  [KERNEL32.DLL+0x2e8d7]
C  [ntdll.dll+0x3c34c]

VM_Operation (0x0000005ef5cfe930): G1CollectForAllocation, mode: safepoint, requested by thread 0x00000196641ac310


---------------  P R O C E S S  ---------------

Threads class SMR info:
_java_thread_list=0x00000196608aa890, length=96, elements={
0x000001961d5c4f30, 0x000001963fb23db0, 0x000001963fb25fa0, 0x000001963fb34c50,
0x000001963fb39540, 0x000001963fb39e10, 0x000001963fb3a6e0, 0x000001963fb3b390,
0x000001963fb48c70, 0x000001963fb49580, 0x000001965f0a8ac0, 0x000001965f167010,
0x00000196607812d0, 0x000001965f0a4450, 0x00000196603d1f00, 0x000001965f6f8ad0,
0x00000196606ae760, 0x00000196608ed740, 0x000001965f53b4e0, 0x000001966077d080,
0x000001966077f3f0, 0x0000019660780830, 0x000001966077dfb0, 0x000001966077eee0,
0x000001966077e4c0, 0x000001966077fe10, 0x0000019660780320, 0x000001966060ca90,
0x000001966060e3e0, 0x000001966060c580, 0x000001966060c070, 0x000001966060fd30,
0x000001966060e8f0, 0x000001966060d4b0, 0x0000019660610240, 0x0000019660611170,
0x000001966060ded0, 0x00000196606125b0, 0x0000019660610c60, 0x0000019660611680,
0x0000019660611b90, 0x00000196606134e0, 0x00000196617b13d0, 0x00000196617afa80,
0x00000196617aff90, 0x00000196617b04a0, 0x00000196617b1df0, 0x00000196617b09b0,
0x00000196617b18e0, 0x000001966060f310, 0x000001966060cfa0, 0x0000019663b070c0,
0x0000019663b09430, 0x0000019663b075d0, 0x0000019663b09e50, 0x0000019663b08f20,
0x0000019663b08a10, 0x0000019663b07ae0, 0x0000019663b0a360, 0x0000019663b09940,
0x0000019663b06bb0, 0x0000019663b0b290, 0x0000019663b0e020, 0x0000019663b0b7a0,
0x0000019663b0bcb0, 0x0000019663b0db10, 0x0000019663b0c6d0, 0x0000019663b0c1c0,
0x0000019663b0cbe0, 0x0000019663b0d600, 0x0000019663b0d0f0, 0x0000019663b0a870,
0x0000019663b0e530, 0x0000019663b0ad80, 0x000001966060d9c0, 0x000001966523ba70,
0x00000196652391f0, 0x000001966523b050, 0x0000019665239c10, 0x0000019665239700,
0x000001966523bf80, 0x000001966523c9a0, 0x000001966523a120, 0x000001966523a630,
0x00000196641a9070, 0x00000196641aa9c0, 0x00000196641aaed0, 0x00000196641a9580,
0x00000196641abe00, 0x00000196641ab8f0, 0x00000196641ac820, 0x00000196641ac310,
0x00000196641a9a90, 0x00000196641a9fa0, 0x00000196641aa4b0, 0x00000196619f7ca0
}

Java Threads: ( => current thread )
  0x000001961d5c4f30 JavaThread "main" [_thread_blocked, id=26824, stack(0x0000005eef400000,0x0000005eef500000)]
  0x000001963fb23db0 JavaThread "Reference Handler" daemon [_thread_blocked, id=11632, stack(0x0000005eefb00000,0x0000005eefc00000)]
  0x000001963fb25fa0 JavaThread "Finalizer" daemon [_thread_blocked, id=17932, stack(0x0000005eefc00000,0x0000005eefd00000)]
  0x000001963fb34c50 JavaThread "Signal Dispatcher" daemon [_thread_blocked, id=19524, stack(0x0000005eefd00000,0x0000005eefe00000)]
  0x000001963fb39540 JavaThread "Attach Listener" daemon [_thread_blocked, id=22188, stack(0x0000005eefe00000,0x0000005eeff00000)]
  0x000001963fb39e10 JavaThread "Service Thread" daemon [_thread_blocked, id=14364, stack(0x0000005eeff00000,0x0000005ef0000000)]
  0x000001963fb3a6e0 JavaThread "Monitor Deflation Thread" daemon [_thread_blocked, id=8580, stack(0x0000005ef0000000,0x0000005ef0100000)]
  0x000001963fb3b390 JavaThread "C2 CompilerThread0" daemon [_thread_in_native, id=26296, stack(0x0000005ef0100000,0x0000005ef0200000)]
  0x000001963fb48c70 JavaThread "C1 CompilerThread0" daemon [_thread_blocked, id=13160, stack(0x0000005ef0200000,0x0000005ef0300000)]
  0x000001963fb49580 JavaThread "Sweeper thread" daemon [_thread_blocked, id=28192, stack(0x0000005ef0300000,0x0000005ef0400000)]
  0x000001965f0a8ac0 JavaThread "Common-Cleaner" daemon [_thread_blocked, id=25052, stack(0x0000005ef0400000,0x0000005ef0500000)]
  0x000001965f167010 JavaThread "Notification Thread" daemon [_thread_blocked, id=7352, stack(0x0000005ef0500000,0x0000005ef0600000)]
  0x00000196607812d0 JavaThread "Daemon health stats" [_thread_blocked, id=15124, stack(0x0000005ef0700000,0x0000005ef0800000)]
  0x000001965f0a4450 JavaThread "Incoming local TCP Connector on port 64991" [_thread_in_native, id=31696, stack(0x0000005ef0b00000,0x0000005ef0c00000)]
  0x00000196603d1f00 JavaThread "Daemon periodic checks" [_thread_blocked, id=3736, stack(0x0000005ef0c00000,0x0000005ef0d00000)]
  0x000001965f6f8ad0 JavaThread "Daemon" [_thread_blocked, id=23288, stack(0x0000005ef0d00000,0x0000005ef0e00000)]
  0x00000196606ae760 JavaThread "Handler for socket connection from /127.0.0.1:64991 to /127.0.0.1:64992" [_thread_in_native, id=5148, stack(0x0000005ef0e00000,0x0000005ef0f00000)]
  0x00000196608ed740 JavaThread "Cancel handler" [_thread_blocked, id=18216, stack(0x0000005ef0f00000,0x0000005ef1000000)]
  0x000001965f53b4e0 JavaThread "Daemon worker" [_thread_blocked, id=17048, stack(0x0000005ef1000000,0x0000005ef1100000)]
  0x000001966077d080 JavaThread "Asynchronous log dispatcher for DefaultDaemonConnection: socket connection from /127.0.0.1:64991 to /127.0.0.1:64992" [_thread_blocked, id=1352, stack(0x0000005ef1100000,0x0000005ef1200000)]
  0x000001966077f3f0 JavaThread "Stdin handler" [_thread_blocked, id=12028, stack(0x0000005ef1200000,0x0000005ef1300000)]
  0x0000019660780830 JavaThread "Daemon client event forwarder" [_thread_blocked, id=32988, stack(0x0000005ef1300000,0x0000005ef1400000)]
  0x000001966077dfb0 JavaThread "Cache worker for journal cache (C:\Users\sofia\.gradle\caches\journal-1)" [_thread_blocked, id=10652, stack(0x0000005ef1400000,0x0000005ef1500000)]
  0x000001966077eee0 JavaThread "File lock request listener" [_thread_in_native, id=10492, stack(0x0000005ef1500000,0x0000005ef1600000)]
  0x000001966077e4c0 JavaThread "Cache worker for file hash cache (C:\Users\sofia\.gradle\caches\8.6\fileHashes)" [_thread_blocked, id=17296, stack(0x0000005ef1600000,0x0000005ef1700000)]
  0x000001966077fe10 JavaThread "File watcher server" daemon [_thread_blocked, id=15880, stack(0x0000005ef1800000,0x0000005ef1900000)]
  0x0000019660780320 JavaThread "File watcher consumer" daemon [_thread_blocked, id=24304, stack(0x0000005ef1900000,0x0000005ef1a00000)]
  0x000001966060ca90 JavaThread "Cache worker for checksums cache (C:\Users\sofia\Downloads\app_gestion_itinerario\.gradle\8.6\checksums)" [_thread_blocked, id=10964, stack(0x0000005ef1700000,0x0000005ef1800000)]
  0x000001966060e3e0 JavaThread "Cache worker for file hash cache (C:\Users\sofia\Downloads\app_gestion_itinerario\.gradle\8.6\fileHashes)" [_thread_blocked, id=18956, stack(0x0000005ef1a00000,0x0000005ef1b00000)]
  0x000001966060c580 JavaThread "Cache worker for cache directory md-supplier (C:\Users\sofia\.gradle\caches\8.6\md-supplier)" [_thread_blocked, id=6160, stack(0x0000005ef1b00000,0x0000005ef1c00000)]
  0x000001966060c070 JavaThread "Cache worker for cache directory md-rule (C:\Users\sofia\.gradle\caches\8.6\md-rule)" [_thread_blocked, id=25640, stack(0x0000005ef1c00000,0x0000005ef1d00000)]
  0x000001966060fd30 JavaThread "Cache worker for file content cache (C:\Users\sofia\.gradle\caches\8.6\fileContent)" [_thread_blocked, id=21004, stack(0x0000005ef1d00000,0x0000005ef1e00000)]
  0x000001966060e8f0 JavaThread "jar transforms" [_thread_blocked, id=32628, stack(0x0000005ef1f00000,0x0000005ef2000000)]
  0x000001966060d4b0 JavaThread "jar transforms Thread 2" [_thread_blocked, id=24836, stack(0x0000005ef2000000,0x0000005ef2100000)]
  0x0000019660610240 JavaThread "jar transforms Thread 3" [_thread_blocked, id=24448, stack(0x0000005ef2100000,0x0000005ef2200000)]
  0x0000019660611170 JavaThread "jar transforms Thread 4" [_thread_blocked, id=18884, stack(0x0000005ef2200000,0x0000005ef2300000)]
  0x000001966060ded0 JavaThread "Cache worker for Build Output Cleanup Cache (C:\Users\sofia\Downloads\app_gestion_itinerario\.gradle\buildOutputCleanup)" [_thread_blocked, id=33576, stack(0x0000005ef2300000,0x0000005ef2400000)]
  0x00000196606125b0 JavaThread "Unconstrained build operations" [_thread_blocked, id=14952, stack(0x0000005eef100000,0x0000005eef200000)]
  0x0000019660610c60 JavaThread "Unconstrained build operations Thread 2" [_thread_blocked, id=21040, stack(0x0000005ef1e00000,0x0000005ef1f00000)]
  0x0000019660611680 JavaThread "Unconstrained build operations Thread 3" [_thread_blocked, id=13896, stack(0x0000005ef2500000,0x0000005ef2600000)]
  0x0000019660611b90 JavaThread "Memory manager" [_thread_blocked, id=20904, stack(0x0000005ef2700000,0x0000005ef2800000)]
  0x00000196606134e0 JavaThread "build event listener" [_thread_blocked, id=9820, stack(0x0000005ef2a00000,0x0000005ef2b00000)]
  0x00000196617b13d0 JavaThread "pool-3-thread-1" [_thread_blocked, id=5612, stack(0x0000005eef200000,0x0000005eef300000)]
  0x00000196617afa80 JavaThread "build event listener" [_thread_blocked, id=6924, stack(0x0000005eef300000,0x0000005eef400000)]
  0x00000196617aff90 JavaThread "included builds" [_thread_blocked, id=33188, stack(0x0000005ef2b00000,0x0000005ef2c00000)]
  0x00000196617b04a0 JavaThread "Execution worker" [_thread_blocked, id=11820, stack(0x0000005ef2c00000,0x0000005ef2d00000)]
  0x00000196617b1df0 JavaThread "Execution worker Thread 2" [_thread_blocked, id=28168, stack(0x0000005ef2d00000,0x0000005ef2e00000)]
  0x00000196617b09b0 JavaThread "Execution worker Thread 3" [_thread_blocked, id=33552, stack(0x0000005ef2e00000,0x0000005ef2f00000)]
  0x00000196617b18e0 JavaThread "Cache worker for execution history cache (C:\Users\sofia\Downloads\app_gestion_itinerario\.gradle\8.6\executionHistory)" [_thread_blocked, id=28416, stack(0x0000005ef2f00000,0x0000005ef3000000)]
  0x000001966060f310 JavaThread "Unconstrained build operations Thread 4" [_thread_blocked, id=22916, stack(0x0000005ef3000000,0x0000005ef3100000)]
  0x000001966060cfa0 JavaThread "Unconstrained build operations Thread 5" [_thread_blocked, id=31292, stack(0x0000005ef3100000,0x0000005ef3200000)]
  0x0000019663b070c0 JavaThread "Unconstrained build operations Thread 6" [_thread_blocked, id=3592, stack(0x0000005ef3200000,0x0000005ef3300000)]
  0x0000019663b09430 JavaThread "Unconstrained build operations Thread 7" [_thread_blocked, id=28380, stack(0x0000005ef3300000,0x0000005ef3400000)]
  0x0000019663b075d0 JavaThread "Unconstrained build operations Thread 8" [_thread_blocked, id=23324, stack(0x0000005ef3400000,0x0000005ef3500000)]
  0x0000019663b09e50 JavaThread "Unconstrained build operations Thread 9" [_thread_blocked, id=3944, stack(0x0000005ef3500000,0x0000005ef3600000)]
  0x0000019663b08f20 JavaThread "Unconstrained build operations Thread 10" [_thread_blocked, id=25176, stack(0x0000005ef3600000,0x0000005ef3700000)]
  0x0000019663b08a10 JavaThread "Unconstrained build operations Thread 11" [_thread_blocked, id=11748, stack(0x0000005ef3700000,0x0000005ef3800000)]
  0x0000019663b07ae0 JavaThread "Unconstrained build operations Thread 12" [_thread_blocked, id=2120, stack(0x0000005ef3800000,0x0000005ef3900000)]
  0x0000019663b0a360 JavaThread "Unconstrained build operations Thread 13" [_thread_blocked, id=12956, stack(0x0000005ef3900000,0x0000005ef3a00000)]
  0x0000019663b09940 JavaThread "Unconstrained build operations Thread 14" [_thread_blocked, id=15088, stack(0x0000005ef3a00000,0x0000005ef3b00000)]
  0x0000019663b06bb0 JavaThread "Unconstrained build operations Thread 15" [_thread_blocked, id=32484, stack(0x0000005ef3b00000,0x0000005ef3c00000)]
  0x0000019663b0b290 JavaThread "Unconstrained build operations Thread 16" [_thread_blocked, id=8676, stack(0x0000005ef3c00000,0x0000005ef3d00000)]
  0x0000019663b0e020 JavaThread "Unconstrained build operations Thread 17" [_thread_blocked, id=27872, stack(0x0000005ef3d00000,0x0000005ef3e00000)]
  0x0000019663b0b7a0 JavaThread "Unconstrained build operations Thread 18" [_thread_blocked, id=20648, stack(0x0000005ef3e00000,0x0000005ef3f00000)]
  0x0000019663b0bcb0 JavaThread "Unconstrained build operations Thread 19" [_thread_blocked, id=19468, stack(0x0000005ef3f00000,0x0000005ef4000000)]
  0x0000019663b0db10 JavaThread "Unconstrained build operations Thread 20" [_thread_blocked, id=33428, stack(0x0000005ef4000000,0x0000005ef4100000)]
  0x0000019663b0c6d0 JavaThread "Unconstrained build operations Thread 21" [_thread_blocked, id=23868, stack(0x0000005ef4100000,0x0000005ef4200000)]
  0x0000019663b0c1c0 JavaThread "Unconstrained build operations Thread 22" [_thread_blocked, id=28488, stack(0x0000005ef4200000,0x0000005ef4300000)]
  0x0000019663b0cbe0 JavaThread "Unconstrained build operations Thread 23" [_thread_blocked, id=15524, stack(0x0000005ef4300000,0x0000005ef4400000)]
  0x0000019663b0d600 JavaThread "WorkerExecutor Queue" [_thread_blocked, id=19884, stack(0x0000005ef4400000,0x0000005ef4500000)]
  0x0000019663b0d0f0 JavaThread "Unconstrained build operations Thread 24" [_thread_blocked, id=30032, stack(0x0000005ef4500000,0x0000005ef4600000)]
  0x0000019663b0a870 JavaThread "Unconstrained build operations Thread 25" [_thread_blocked, id=5572, stack(0x0000005ef4600000,0x0000005ef4700000)]
  0x0000019663b0e530 JavaThread "Unconstrained build operations Thread 26" [_thread_blocked, id=15152, stack(0x0000005ef4700000,0x0000005ef4800000)]
  0x0000019663b0ad80 JavaThread "Unconstrained build operations Thread 27" [_thread_blocked, id=11552, stack(0x0000005ef4800000,0x0000005ef4900000)]
  0x000001966060d9c0 JavaThread "Unconstrained build operations Thread 28" [_thread_blocked, id=11136, stack(0x0000005ef4900000,0x0000005ef4a00000)]
  0x000001966523ba70 JavaThread "Unconstrained build operations Thread 29" [_thread_blocked, id=17348, stack(0x0000005ef4a00000,0x0000005ef4b00000)]
  0x00000196652391f0 JavaThread "Unconstrained build operations Thread 30" [_thread_blocked, id=30252, stack(0x0000005ef4b00000,0x0000005ef4c00000)]
  0x000001966523b050 JavaThread "Unconstrained build operations Thread 31" [_thread_blocked, id=3880, stack(0x0000005ef4c00000,0x0000005ef4d00000)]
  0x0000019665239c10 JavaThread "Unconstrained build operations Thread 32" [_thread_blocked, id=9984, stack(0x0000005ef4d00000,0x0000005ef4e00000)]
  0x0000019665239700 JavaThread "pool-4-thread-1" [_thread_blocked, id=28460, stack(0x0000005ef4e00000,0x0000005ef4f00000)]
  0x000001966523bf80 JavaThread "stderr" [_thread_in_native, id=11796, stack(0x0000005ef4f00000,0x0000005ef5000000)]
  0x000001966523c9a0 JavaThread "stdout" [_thread_in_native, id=25748, stack(0x0000005ef5000000,0x0000005ef5100000)]
  0x000001966523a120 JavaThread "Unconstrained build operations Thread 33" [_thread_blocked, id=20400, stack(0x0000005ef5100000,0x0000005ef5200000)]
  0x000001966523a630 JavaThread "Unconstrained build operations Thread 34" [_thread_blocked, id=23396, stack(0x0000005ef5200000,0x0000005ef5300000)]
  0x00000196641a9070 JavaThread "Unconstrained build operations Thread 35" [_thread_blocked, id=21180, stack(0x0000005ef5300000,0x0000005ef5400000)]
  0x00000196641aa9c0 JavaThread "WorkerExecutor Queue Thread 2" [_thread_blocked, id=20512, stack(0x0000005ef5400000,0x0000005ef5500000)]
  0x00000196641aaed0 JavaThread "Unconstrained build operations Thread 36" [_thread_blocked, id=21048, stack(0x0000005ef5500000,0x0000005ef5600000)]
  0x00000196641a9580 JavaThread "Unconstrained build operations Thread 37" [_thread_blocked, id=22724, stack(0x0000005ef5600000,0x0000005ef5700000)]
  0x00000196641abe00 JavaThread "Unconstrained build operations Thread 38" [_thread_blocked, id=13032, stack(0x0000005ef5700000,0x0000005ef5800000)]
  0x00000196641ab8f0 JavaThread "WorkerExecutor Queue Thread 3" [_thread_blocked, id=26080, stack(0x0000005ef5800000,0x0000005ef5900000)]
  0x00000196641ac820 JavaThread "WorkerExecutor Queue Thread 4" [_thread_blocked, id=9976, stack(0x0000005ef5900000,0x0000005ef5a00000)]
  0x00000196641ac310 JavaThread "ForkJoinPool-1-worker-1" daemon [_thread_blocked, id=18732, stack(0x0000005ef5c00000,0x0000005ef5d00000)]
  0x00000196641a9a90 JavaThread "ForkJoinPool-1-worker-2" daemon [_thread_blocked, id=10612, stack(0x0000005ef5d00000,0x0000005ef5e00000)]
  0x00000196641a9fa0 JavaThread "ForkJoinPool-1-worker-3" daemon [_thread_blocked, id=25908, stack(0x0000005ef5e00000,0x0000005ef5f00000)]
  0x00000196641aa4b0 JavaThread "ForkJoinPool-1-worker-4" daemon [_thread_blocked, id=8764, stack(0x0000005ef5f00000,0x0000005ef6000000)]
  0x00000196619f7ca0 JavaThread "C2 CompilerThread1" daemon [_thread_blocked, id=22780, stack(0x0000005ef5b00000,0x0000005ef5c00000)]

Other Threads:
=>0x000001963fb19ff0 VMThread "VM Thread" [stack: 0x0000005eefa00000,0x0000005eefb00000] [id=6752]
  0x000001965f1674f0 WatcherThread [stack: 0x0000005ef0600000,0x0000005ef0700000] [id=26532]
  0x000001961d631040 GCTaskThread "GC Thread#0" [stack: 0x0000005eef500000,0x0000005eef600000] [id=1948]
  0x000001965f284dd0 GCTaskThread "GC Thread#1" [stack: 0x0000005ef0800000,0x0000005ef0900000] [id=13444]
  0x000001965f369e40 GCTaskThread "GC Thread#2" [stack: 0x0000005ef0900000,0x0000005ef0a00000] [id=25032]
  0x000001965f368a80 GCTaskThread "GC Thread#3" [stack: 0x0000005ef0a00000,0x0000005ef0b00000] [id=32456]
  0x000001961d641ea0 ConcurrentGCThread "G1 Main Marker" [stack: 0x0000005eef600000,0x0000005eef700000] [id=4696]
  0x000001961d6427c0 ConcurrentGCThread "G1 Conc#0" [stack: 0x0000005eef700000,0x0000005eef800000] [id=16176]
  0x000001961d67c950 ConcurrentGCThread "G1 Refine#0" [stack: 0x0000005eef800000,0x0000005eef900000] [id=31668]
  0x000001966274c500 ConcurrentGCThread "G1 Refine#1" [stack: 0x0000005ef2400000,0x0000005ef2500000] [id=31056]
  0x00000196612a2900 ConcurrentGCThread "G1 Refine#2" [stack: 0x0000005ef2600000,0x0000005ef2700000] [id=24368]
  0x00000196612a0e90 ConcurrentGCThread "G1 Refine#3" [stack: 0x0000005ef5a00000,0x0000005ef5b00000] [id=22628]
  0x000001961d67d290 ConcurrentGCThread "G1 Service" [stack: 0x0000005eef900000,0x0000005eefa00000] [id=24172]

Threads with active compile tasks:
C2 CompilerThread0    88593 14143       4       com.android.tools.r8.dex.C::a (981 bytes)
C1 CompilerThread0    88593 14410       3       java.util.concurrent.ConcurrentLinkedQueue::add (6 bytes)
C2 CompilerThread1    88593 14358       4       com.android.tools.r8.dex.C::a (836 bytes)

VM state: at safepoint (normal execution)

VM Mutex/Monitor currently owned by a thread:  ([mutex/lock_event])
[0x000001961d5c1710] Threads_lock - owner thread: 0x000001963fb19ff0
[0x000001961d5c0240] Heap_lock - owner thread: 0x00000196641ac310

Heap address: 0x0000000700000000, size: 4096 MB, Compressed Oops mode: Zero based, Oop shift amount: 3

CDS archive(s) mapped at: [0x0000019640000000-0x0000019640bd0000-0x0000019640bd0000), size 12386304, SharedBaseAddress: 0x0000019640000000, ArchiveRelocationMode: 1.
Compressed class space mapped at: 0x0000019641000000-0x000001965b000000, reserved size: 436207616
Narrow klass base: 0x0000019640000000, Narrow klass shift: 0, Narrow klass range: 0x100000000

GC Precious Log:
 CPUs: 4 total, 4 available
 Memory: 8005M
 Large Page Support: Disabled
 NUMA Support: Disabled
 Compressed Oops: Enabled (Zero based)
 Heap Region Size: 2M
 Heap Min Capacity: 8M
 Heap Initial Capacity: 126M
 Heap Max Capacity: 4G
 Pre-touch: Disabled
 Parallel Workers: 4
 Concurrent Workers: 1
 Concurrent Refinement Workers: 4
 Periodic GC: Disabled

Heap:
 garbage-first heap   total 718848K, used 372736K [0x0000000700000000, 0x0000000800000000)
  region size 2048K, 3 young (6144K), 3 survivors (6144K)
 Metaspace       used 102087K, committed 102912K, reserved 557056K
  class space    used 14255K, committed 14656K, reserved 425984K

Heap Regions: E=young(eden), S=young(survivor), O=old, HS=humongous(starts), HC=humongous(continues), CS=collection set, F=free, OA=open archive, CA=closed archive, TAMS=top-at-mark-start (previous, next)
|   0|0x0000000700000000, 0x0000000700200000, 0x0000000700200000|100%| O|  |TAMS 0x0000000700200000, 0x0000000700000000| Untracked 
|   1|0x0000000700200000, 0x0000000700400000, 0x0000000700400000|100%|HS|  |TAMS 0x0000000700400000, 0x0000000700200000| Complete 
|   2|0x0000000700400000, 0x0000000700600000, 0x0000000700600000|100%|HC|  |TAMS 0x0000000700600000, 0x0000000700400000| Complete 
|   3|0x0000000700600000, 0x0000000700800000, 0x0000000700800000|100%| O|  |TAMS 0x0000000700800000, 0x0000000700600000| Untracked 
|   4|0x0000000700800000, 0x0000000700a00000, 0x0000000700a00000|100%| O|  |TAMS 0x0000000700a00000, 0x0000000700800000| Untracked 
|   5|0x0000000700a00000, 0x0000000700c00000, 0x0000000700c00000|100%| O|  |TAMS 0x0000000700c00000, 0x0000000700a00000| Untracked 
|   6|0x0000000700c00000, 0x0000000700e00000, 0x0000000700e00000|100%| O|  |TAMS 0x0000000700e00000, 0x0000000700c00000| Untracked 
|   7|0x0000000700e00000, 0x0000000701000000, 0x0000000701000000|100%| O|  |TAMS 0x0000000701000000, 0x0000000700e00000| Untracked 
|   8|0x0000000701000000, 0x0000000701200000, 0x0000000701200000|100%| O|  |TAMS 0x0000000701200000, 0x0000000701000000| Untracked 
|   9|0x0000000701200000, 0x0000000701400000, 0x0000000701400000|100%| O|  |TAMS 0x0000000701400000, 0x0000000701200000| Untracked 
|  10|0x0000000701400000, 0x0000000701600000, 0x0000000701600000|100%| O|  |TAMS 0x0000000701600000, 0x0000000701400000| Untracked 
|  11|0x0000000701600000, 0x0000000701800000, 0x0000000701800000|100%| O|  |TAMS 0x0000000701800000, 0x0000000701600000| Untracked 
|  12|0x0000000701800000, 0x0000000701a00000, 0x0000000701a00000|100%| O|  |TAMS 0x0000000701a00000, 0x0000000701800000| Untracked 
|  13|0x0000000701a00000, 0x0000000701c00000, 0x0000000701c00000|100%| O|  |TAMS 0x0000000701c00000, 0x0000000701a00000| Untracked 
|  14|0x0000000701c00000, 0x0000000701e00000, 0x0000000701e00000|100%| O|  |TAMS 0x0000000701e00000, 0x0000000701c00000| Untracked 
|  15|0x0000000701e00000, 0x0000000702000000, 0x0000000702000000|100%| O|  |TAMS 0x0000000702000000, 0x0000000701e00000| Untracked 
|  16|0x0000000702000000, 0x0000000702200000, 0x0000000702200000|100%| O|  |TAMS 0x0000000702200000, 0x0000000702000000| Untracked 
|  17|0x0000000702200000, 0x0000000702400000, 0x0000000702400000|100%| O|  |TAMS 0x0000000702400000, 0x0000000702200000| Untracked 
|  18|0x0000000702400000, 0x0000000702600000, 0x0000000702600000|100%| O|  |TAMS 0x0000000702600000, 0x0000000702400000| Untracked 
|  19|0x0000000702600000, 0x0000000702800000, 0x0000000702800000|100%| O|  |TAMS 0x0000000702800000, 0x0000000702600000| Untracked 
|  20|0x0000000702800000, 0x0000000702a00000, 0x0000000702a00000|100%| O|  |TAMS 0x0000000702a00000, 0x0000000702800000| Untracked 
|  21|0x0000000702a00000, 0x0000000702c00000, 0x0000000702c00000|100%| O|  |TAMS 0x0000000702c00000, 0x0000000702a00000| Untracked 
|  22|0x0000000702c00000, 0x0000000702e00000, 0x0000000702e00000|100%|HS|  |TAMS 0x0000000702e00000, 0x0000000702c00000| Complete 
|  23|0x0000000702e00000, 0x0000000703000000, 0x0000000703000000|100%|HS|  |TAMS 0x0000000703000000, 0x0000000702e00000| Complete 
|  24|0x0000000703000000, 0x0000000703200000, 0x0000000703200000|100%| O|  |TAMS 0x0000000703000000, 0x0000000703000000| Untracked 
|  25|0x0000000703200000, 0x0000000703400000, 0x0000000703400000|100%| O|  |TAMS 0x0000000703400000, 0x0000000703200000| Untracked 
|  26|0x0000000703400000, 0x0000000703600000, 0x0000000703600000|100%|HS|  |TAMS 0x0000000703600000, 0x0000000703400000| Complete 
|  27|0x0000000703600000, 0x0000000703800000, 0x0000000703800000|100%|HC|  |TAMS 0x0000000703800000, 0x0000000703600000| Complete 
|  28|0x0000000703800000, 0x0000000703a00000, 0x0000000703a00000|100%| O|  |TAMS 0x0000000703800000, 0x0000000703800000| Untracked 
|  29|0x0000000703a00000, 0x0000000703c00000, 0x0000000703c00000|100%| O|  |TAMS 0x0000000703c00000, 0x0000000703a00000| Untracked 
|  30|0x0000000703c00000, 0x0000000703e00000, 0x0000000703e00000|100%| O|  |TAMS 0x0000000703e00000, 0x0000000703c00000| Untracked 
|  31|0x0000000703e00000, 0x0000000704000000, 0x0000000704000000|100%| O|  |TAMS 0x0000000704000000, 0x0000000703e00000| Untracked 
|  32|0x0000000704000000, 0x0000000704200000, 0x0000000704200000|100%| O|  |TAMS 0x0000000704200000, 0x0000000704000000| Untracked 
|  33|0x0000000704200000, 0x0000000704400000, 0x0000000704400000|100%| O|  |TAMS 0x0000000704400000, 0x0000000704200000| Untracked 
|  34|0x0000000704400000, 0x0000000704600000, 0x0000000704600000|100%| O|  |TAMS 0x0000000704600000, 0x0000000704400000| Untracked 
|  35|0x0000000704600000, 0x0000000704800000, 0x0000000704800000|100%| O|  |TAMS 0x0000000704800000, 0x0000000704600000| Untracked 
|  36|0x0000000704800000, 0x0000000704a00000, 0x0000000704a00000|100%|HS|  |TAMS 0x0000000704a00000, 0x0000000704800000| Complete 
|  37|0x0000000704a00000, 0x0000000704c00000, 0x0000000704c00000|100%|HC|  |TAMS 0x0000000704c00000, 0x0000000704a00000| Complete 
|  38|0x0000000704c00000, 0x0000000704e00000, 0x0000000704e00000|100%| O|  |TAMS 0x0000000704e00000, 0x0000000704c00000| Untracked 
|  39|0x0000000704e00000, 0x0000000705000000, 0x0000000705000000|100%| O|  |TAMS 0x0000000705000000, 0x0000000704e00000| Untracked 
|  40|0x0000000705000000, 0x0000000705200000, 0x0000000705200000|100%| O|  |TAMS 0x0000000705200000, 0x0000000705000000| Untracked 
|  41|0x0000000705200000, 0x0000000705400000, 0x0000000705400000|100%| O|  |TAMS 0x0000000705400000, 0x0000000705200000| Untracked 
|  42|0x0000000705400000, 0x0000000705600000, 0x0000000705600000|100%| O|  |TAMS 0x0000000705600000, 0x0000000705400000| Untracked 
|  43|0x0000000705600000, 0x0000000705800000, 0x0000000705800000|100%| O|  |TAMS 0x0000000705800000, 0x0000000705600000| Untracked 
|  44|0x0000000705800000, 0x0000000705a00000, 0x0000000705a00000|100%| O|  |TAMS 0x0000000705a00000, 0x0000000705800000| Untracked 
|  45|0x0000000705a00000, 0x0000000705c00000, 0x0000000705c00000|100%| O|  |TAMS 0x0000000705c00000, 0x0000000705a00000| Untracked 
|  46|0x0000000705c00000, 0x0000000705e00000, 0x0000000705e00000|100%| O|  |TAMS 0x0000000705e00000, 0x0000000705c00000| Untracked 
|  47|0x0000000705e00000, 0x0000000706000000, 0x0000000706000000|100%| O|  |TAMS 0x0000000706000000, 0x0000000705e00000| Untracked 
|  48|0x0000000706000000, 0x0000000706200000, 0x0000000706200000|100%| O|  |TAMS 0x0000000706200000, 0x0000000706000000| Untracked 
|  49|0x0000000706200000, 0x0000000706400000, 0x0000000706400000|100%| O|  |TAMS 0x0000000706400000, 0x0000000706200000| Untracked 
|  50|0x0000000706400000, 0x0000000706600000, 0x0000000706600000|100%| O|  |TAMS 0x0000000706600000, 0x0000000706400000| Untracked 
|  51|0x0000000706600000, 0x0000000706800000, 0x0000000706800000|100%| O|  |TAMS 0x0000000706800000, 0x0000000706600000| Untracked 
|  52|0x0000000706800000, 0x0000000706800000, 0x0000000706a00000|  0%| F|  |TAMS 0x0000000706800000, 0x0000000706800000| Untracked 
|  53|0x0000000706a00000, 0x0000000706c00000, 0x0000000706c00000|100%| O|  |TAMS 0x0000000706c00000, 0x0000000706a00000| Untracked 
|  54|0x0000000706c00000, 0x0000000706e00000, 0x0000000706e00000|100%| O|  |TAMS 0x0000000706e00000, 0x0000000706c00000| Untracked 
|  55|0x0000000706e00000, 0x0000000707000000, 0x0000000707000000|100%| O|  |TAMS 0x0000000707000000, 0x0000000706e00000| Untracked 
|  56|0x0000000707000000, 0x0000000707200000, 0x0000000707200000|100%| O|  |TAMS 0x0000000707200000, 0x0000000707000000| Untracked 
|  57|0x0000000707200000, 0x0000000707400000, 0x0000000707400000|100%|HS|  |TAMS 0x0000000707400000, 0x0000000707200000| Complete 
|  58|0x0000000707400000, 0x0000000707600000, 0x0000000707600000|100%|HS|  |TAMS 0x0000000707600000, 0x0000000707400000| Complete 
|  59|0x0000000707600000, 0x0000000707800000, 0x0000000707800000|100%|HC|  |TAMS 0x0000000707800000, 0x0000000707600000| Complete 
|  60|0x0000000707800000, 0x0000000707a00000, 0x0000000707a00000|100%|HS|  |TAMS 0x0000000707a00000, 0x0000000707800000| Complete 
|  61|0x0000000707a00000, 0x0000000707c00000, 0x0000000707c00000|100%|HS|  |TAMS 0x0000000707c00000, 0x0000000707a00000| Complete 
|  62|0x0000000707c00000, 0x0000000707e00000, 0x0000000707e00000|100%|HC|  |TAMS 0x0000000707e00000, 0x0000000707c00000| Complete 
|  63|0x0000000707e00000, 0x0000000708000000, 0x0000000708000000|100%|HC|  |TAMS 0x0000000708000000, 0x0000000707e00000| Complete 
|  64|0x0000000708000000, 0x0000000708200000, 0x0000000708200000|100%|HC|  |TAMS 0x0000000708200000, 0x0000000708000000| Complete 
|  65|0x0000000708200000, 0x0000000708400000, 0x0000000708400000|100%|HC|  |TAMS 0x0000000708400000, 0x0000000708200000| Complete 
|  66|0x0000000708400000, 0x0000000708600000, 0x0000000708600000|100%|HC|  |TAMS 0x0000000708600000, 0x0000000708400000| Complete 
|  67|0x0000000708600000, 0x0000000708800000, 0x0000000708800000|100%|HC|  |TAMS 0x0000000708800000, 0x0000000708600000| Complete 
|  68|0x0000000708800000, 0x0000000708a00000, 0x0000000708a00000|100%|HC|  |TAMS 0x0000000708a00000, 0x0000000708800000| Complete 
|  69|0x0000000708a00000, 0x0000000708c00000, 0x0000000708c00000|100%|HC|  |TAMS 0x0000000708c00000, 0x0000000708a00000| Complete 
|  70|0x0000000708c00000, 0x0000000708e00000, 0x0000000708e00000|100%|HC|  |TAMS 0x0000000708e00000, 0x0000000708c00000| Complete 
|  71|0x0000000708e00000, 0x0000000709000000, 0x0000000709000000|100%|HC|  |TAMS 0x0000000709000000, 0x0000000708e00000| Complete 
|  72|0x0000000709000000, 0x0000000709200000, 0x0000000709200000|100%|HC|  |TAMS 0x0000000709200000, 0x0000000709000000| Complete 
|  73|0x0000000709200000, 0x0000000709400000, 0x0000000709400000|100%|HC|  |TAMS 0x0000000709400000, 0x0000000709200000| Complete 
|  74|0x0000000709400000, 0x0000000709600000, 0x0000000709600000|100%|HC|  |TAMS 0x0000000709600000, 0x0000000709400000| Complete 
|  75|0x0000000709600000, 0x0000000709800000, 0x0000000709800000|100%|HC|  |TAMS 0x0000000709800000, 0x0000000709600000| Complete 
|  76|0x0000000709800000, 0x0000000709a00000, 0x0000000709a00000|100%| O|  |TAMS 0x0000000709a00000, 0x0000000709800000| Untracked 
|  77|0x0000000709a00000, 0x0000000709c00000, 0x0000000709c00000|100%| O|  |TAMS 0x0000000709c00000, 0x0000000709a00000| Untracked 
|  78|0x0000000709c00000, 0x0000000709e00000, 0x0000000709e00000|100%| O|  |TAMS 0x0000000709e00000, 0x0000000709c00000| Untracked 
|  79|0x0000000709e00000, 0x000000070a000000, 0x000000070a000000|100%| O|  |TAMS 0x000000070a000000, 0x0000000709e00000| Untracked 
|  80|0x000000070a000000, 0x000000070a200000, 0x000000070a200000|100%| O|  |TAMS 0x000000070a200000, 0x000000070a000000| Untracked 
|  81|0x000000070a200000, 0x000000070a400000, 0x000000070a400000|100%|HS|  |TAMS 0x000000070a400000, 0x000000070a200000| Complete 
|  82|0x000000070a400000, 0x000000070a600000, 0x000000070a600000|100%|HC|  |TAMS 0x000000070a600000, 0x000000070a400000| Complete 
|  83|0x000000070a600000, 0x000000070a800000, 0x000000070a800000|100%|HS|  |TAMS 0x000000070a800000, 0x000000070a600000| Complete 
|  84|0x000000070a800000, 0x000000070aa00000, 0x000000070aa00000|100%|HC|  |TAMS 0x000000070aa00000, 0x000000070a800000| Complete 
|  85|0x000000070aa00000, 0x000000070ac00000, 0x000000070ac00000|100%|HS|  |TAMS 0x000000070ac00000, 0x000000070aa00000| Complete 
|  86|0x000000070ac00000, 0x000000070ae00000, 0x000000070ae00000|100%|HS|  |TAMS 0x000000070ae00000, 0x000000070ac00000| Complete 
|  87|0x000000070ae00000, 0x000000070b000000, 0x000000070b000000|100%|HS|  |TAMS 0x000000070b000000, 0x000000070ae00000| Complete 
|  88|0x000000070b000000, 0x000000070b200000, 0x000000070b200000|100%|HS|  |TAMS 0x000000070b200000, 0x000000070b000000| Complete 
|  89|0x000000070b200000, 0x000000070b400000, 0x000000070b400000|100%|HS|  |TAMS 0x000000070b400000, 0x000000070b200000| Complete 
|  90|0x000000070b400000, 0x000000070b600000, 0x000000070b600000|100%|HC|  |TAMS 0x000000070b600000, 0x000000070b400000| Complete 
|  91|0x000000070b600000, 0x000000070b800000, 0x000000070b800000|100%|HS|  |TAMS 0x000000070b800000, 0x000000070b600000| Complete 
|  92|0x000000070b800000, 0x000000070ba00000, 0x000000070ba00000|100%|HS|  |TAMS 0x000000070ba00000, 0x000000070b800000| Complete 
|  93|0x000000070ba00000, 0x000000070bc00000, 0x000000070bc00000|100%| O|  |TAMS 0x000000070bc00000, 0x000000070ba00000| Untracked 
|  94|0x000000070bc00000, 0x000000070be00000, 0x000000070be00000|100%| O|  |TAMS 0x000000070be00000, 0x000000070bc00000| Untracked 
|  95|0x000000070be00000, 0x000000070c000000, 0x000000070c000000|100%| O|  |TAMS 0x000000070c000000, 0x000000070be00000| Untracked 
|  96|0x000000070c000000, 0x000000070c200000, 0x000000070c200000|100%| O|  |TAMS 0x000000070c200000, 0x000000070c000000| Untracked 
|  97|0x000000070c200000, 0x000000070c400000, 0x000000070c400000|100%|HS|  |TAMS 0x000000070c400000, 0x000000070c200000| Complete 
|  98|0x000000070c400000, 0x000000070c600000, 0x000000070c600000|100%|HC|  |TAMS 0x000000070c600000, 0x000000070c400000| Complete 
|  99|0x000000070c600000, 0x000000070c800000, 0x000000070c800000|100%| O|  |TAMS 0x000000070c800000, 0x000000070c600000| Untracked 
| 100|0x000000070c800000, 0x000000070ca00000, 0x000000070ca00000|100%| O|  |TAMS 0x000000070ca00000, 0x000000070c800000| Untracked 
| 101|0x000000070ca00000, 0x000000070cc00000, 0x000000070cc00000|100%| O|  |TAMS 0x000000070cc00000, 0x000000070ca00000| Untracked 
| 102|0x000000070cc00000, 0x000000070ce00000, 0x000000070ce00000|100%| O|  |TAMS 0x000000070ce00000, 0x000000070cc00000| Untracked 
| 103|0x000000070ce00000, 0x000000070d000000, 0x000000070d000000|100%| O|  |TAMS 0x000000070d000000, 0x000000070ce00000| Untracked 
| 104|0x000000070d000000, 0x000000070d200000, 0x000000070d200000|100%| O|  |TAMS 0x000000070d200000, 0x000000070d000000| Untracked 
| 105|0x000000070d200000, 0x000000070d400000, 0x000000070d400000|100%| O|  |TAMS 0x000000070d400000, 0x000000070d200000| Untracked 
| 106|0x000000070d400000, 0x000000070d600000, 0x000000070d600000|100%| O|  |TAMS 0x000000070d600000, 0x000000070d400000| Untracked 
| 107|0x000000070d600000, 0x000000070d800000, 0x000000070d800000|100%| O|  |TAMS 0x000000070d800000, 0x000000070d600000| Untracked 
| 108|0x000000070d800000, 0x000000070da00000, 0x000000070da00000|100%| O|  |TAMS 0x000000070da00000, 0x000000070d800000| Untracked 
| 109|0x000000070da00000, 0x000000070dc00000, 0x000000070dc00000|100%| O|  |TAMS 0x000000070dc00000, 0x000000070da00000| Untracked 
| 110|0x000000070dc00000, 0x000000070de00000, 0x000000070de00000|100%| O|  |TAMS 0x000000070de00000, 0x000000070dc00000| Untracked 
| 111|0x000000070de00000, 0x000000070e000000, 0x000000070e000000|100%| O|  |TAMS 0x000000070e000000, 0x000000070de00000| Untracked 
| 112|0x000000070e000000, 0x000000070e200000, 0x000000070e200000|100%| O|  |TAMS 0x000000070e200000, 0x000000070e000000| Untracked 
| 113|0x000000070e200000, 0x000000070e400000, 0x000000070e400000|100%| O|  |TAMS 0x000000070e400000, 0x000000070e200000| Untracked 
| 114|0x000000070e400000, 0x000000070e600000, 0x000000070e600000|100%| O|  |TAMS 0x000000070e4e9800, 0x000000070e400000| Untracked 
| 115|0x000000070e600000, 0x000000070e800000, 0x000000070e800000|100%| O|  |TAMS 0x000000070e600000, 0x000000070e600000| Untracked 
| 116|0x000000070e800000, 0x000000070ea00000, 0x000000070ea00000|100%| O|  |TAMS 0x000000070e800000, 0x000000070e800000| Untracked 
| 117|0x000000070ea00000, 0x000000070ec00000, 0x000000070ec00000|100%| O|  |TAMS 0x000000070ea00000, 0x000000070ea00000| Untracked 
| 118|0x000000070ec00000, 0x000000070ee00000, 0x000000070ee00000|100%| O|  |TAMS 0x000000070ec00000, 0x000000070ec00000| Untracked 
| 119|0x000000070ee00000, 0x000000070f000000, 0x000000070f000000|100%| O|  |TAMS 0x000000070ee00000, 0x000000070ee00000| Untracked 
| 120|0x000000070f000000, 0x000000070f200000, 0x000000070f200000|100%| O|  |TAMS 0x000000070f000000, 0x000000070f000000| Untracked 
| 121|0x000000070f200000, 0x000000070f400000, 0x000000070f400000|100%| O|  |TAMS 0x000000070f200000, 0x000000070f200000| Untracked 
| 122|0x000000070f400000, 0x000000070f600000, 0x000000070f600000|100%|HS|  |TAMS 0x000000070f600000, 0x000000070f400000| Complete 
| 123|0x000000070f600000, 0x000000070f800000, 0x000000070f800000|100%|HC|  |TAMS 0x000000070f800000, 0x000000070f600000| Complete 
| 124|0x000000070f800000, 0x000000070fa00000, 0x000000070fa00000|100%|HC|  |TAMS 0x000000070fa00000, 0x000000070f800000| Complete 
| 125|0x000000070fa00000, 0x000000070fc00000, 0x000000070fc00000|100%|HC|  |TAMS 0x000000070fc00000, 0x000000070fa00000| Complete 
| 126|0x000000070fc00000, 0x000000070fe00000, 0x000000070fe00000|100%|HC|  |TAMS 0x000000070fe00000, 0x000000070fc00000| Complete 
| 127|0x000000070fe00000, 0x0000000710000000, 0x0000000710000000|100%|HC|  |TAMS 0x0000000710000000, 0x000000070fe00000| Complete 
| 128|0x0000000710000000, 0x0000000710200000, 0x0000000710200000|100%|HC|  |TAMS 0x0000000710200000, 0x0000000710000000| Complete 
| 129|0x0000000710200000, 0x0000000710400000, 0x0000000710400000|100%|HC|  |TAMS 0x0000000710400000, 0x0000000710200000| Complete 
| 130|0x0000000710400000, 0x0000000710600000, 0x0000000710600000|100%|HC|  |TAMS 0x0000000710600000, 0x0000000710400000| Complete 
| 131|0x0000000710600000, 0x0000000710800000, 0x0000000710800000|100%|HC|  |TAMS 0x0000000710800000, 0x0000000710600000| Complete 
| 132|0x0000000710800000, 0x0000000710a00000, 0x0000000710a00000|100%|HC|  |TAMS 0x0000000710a00000, 0x0000000710800000| Complete 
| 133|0x0000000710a00000, 0x0000000710c00000, 0x0000000710c00000|100%|HC|  |TAMS 0x0000000710c00000, 0x0000000710a00000| Complete 
| 134|0x0000000710c00000, 0x0000000710e00000, 0x0000000710e00000|100%|HC|  |TAMS 0x0000000710e00000, 0x0000000710c00000| Complete 
| 135|0x0000000710e00000, 0x0000000711000000, 0x0000000711000000|100%|HC|  |TAMS 0x0000000711000000, 0x0000000710e00000| Complete 
| 136|0x0000000711000000, 0x0000000711200000, 0x0000000711200000|100%|HC|  |TAMS 0x0000000711200000, 0x0000000711000000| Complete 
| 137|0x0000000711200000, 0x0000000711400000, 0x0000000711400000|100%| O|  |TAMS 0x0000000711200000, 0x0000000711200000| Untracked 
| 138|0x0000000711400000, 0x0000000711600000, 0x0000000711600000|100%| O|  |TAMS 0x0000000711400000, 0x0000000711400000| Untracked 
| 139|0x0000000711600000, 0x0000000711800000, 0x0000000711800000|100%|HS|  |TAMS 0x0000000711800000, 0x0000000711600000| Complete 
| 140|0x0000000711800000, 0x0000000711a00000, 0x0000000711a00000|100%|HC|  |TAMS 0x0000000711a00000, 0x0000000711800000| Complete 
| 141|0x0000000711a00000, 0x0000000711c00000, 0x0000000711c00000|100%| O|  |TAMS 0x0000000711a00000, 0x0000000711a00000| Untracked 
| 142|0x0000000711c00000, 0x0000000711e00000, 0x0000000711e00000|100%| O|  |TAMS 0x0000000711c00000, 0x0000000711c00000| Untracked 
| 143|0x0000000711e00000, 0x0000000712000000, 0x0000000712000000|100%| O|  |TAMS 0x0000000711e00000, 0x0000000711e00000| Untracked 
| 144|0x0000000712000000, 0x0000000712200000, 0x0000000712200000|100%|HS|  |TAMS 0x0000000712200000, 0x0000000712000000| Complete 
| 145|0x0000000712200000, 0x0000000712400000, 0x0000000712400000|100%|HC|  |TAMS 0x0000000712400000, 0x0000000712200000| Complete 
| 146|0x0000000712400000, 0x0000000712600000, 0x0000000712600000|100%| O|  |TAMS 0x0000000712400000, 0x0000000712400000| Untracked 
| 147|0x0000000712600000, 0x0000000712800000, 0x0000000712800000|100%|HS|  |TAMS 0x0000000712800000, 0x0000000712600000| Complete 
| 148|0x0000000712800000, 0x0000000712a00000, 0x0000000712a00000|100%| O|  |TAMS 0x0000000712800000, 0x0000000712800000| Untracked 
| 149|0x0000000712a00000, 0x0000000712c00000, 0x0000000712c00000|100%|HS|  |TAMS 0x0000000712c00000, 0x0000000712a00000| Complete 
| 150|0x0000000712c00000, 0x0000000712e00000, 0x0000000712e00000|100%| O|  |TAMS 0x0000000712c00000, 0x0000000712c00000| Untracked 
| 151|0x0000000712e00000, 0x0000000713000000, 0x0000000713000000|100%|HS|  |TAMS 0x0000000713000000, 0x0000000712e00000| Complete 
| 152|0x0000000713000000, 0x0000000713000000, 0x0000000713200000|  0%| F|  |TAMS 0x0000000713000000, 0x0000000713000000| Untracked 
| 153|0x0000000713200000, 0x0000000713400000, 0x0000000713400000|100%|HS|  |TAMS 0x0000000713400000, 0x0000000713200000| Complete 
| 154|0x0000000713400000, 0x0000000713400000, 0x0000000713600000|  0%| F|  |TAMS 0x0000000713400000, 0x0000000713400000| Untracked 
| 155|0x0000000713600000, 0x0000000713600000, 0x0000000713800000|  0%| F|  |TAMS 0x0000000713600000, 0x0000000713600000| Untracked 
| 156|0x0000000713800000, 0x0000000713800000, 0x0000000713a00000|  0%| F|  |TAMS 0x0000000713800000, 0x0000000713800000| Untracked 
| 157|0x0000000713a00000, 0x0000000713c00000, 0x0000000713c00000|100%|HS|  |TAMS 0x0000000713c00000, 0x0000000713a00000| Complete 
| 158|0x0000000713c00000, 0x0000000713e00000, 0x0000000713e00000|100%|HC|  |TAMS 0x0000000713e00000, 0x0000000713c00000| Complete 
| 159|0x0000000713e00000, 0x0000000713e00000, 0x0000000714000000|  0%| F|  |TAMS 0x0000000713e00000, 0x0000000713e00000| Untracked 
| 160|0x0000000714000000, 0x0000000714000000, 0x0000000714200000|  0%| F|  |TAMS 0x0000000714000000, 0x0000000714000000| Untracked 
| 161|0x0000000714200000, 0x0000000714200000, 0x0000000714400000|  0%| F|  |TAMS 0x0000000714200000, 0x0000000714200000| Untracked 
| 162|0x0000000714400000, 0x0000000714600000, 0x0000000714600000|100%|HS|  |TAMS 0x0000000714600000, 0x0000000714400000| Complete 
| 163|0x0000000714600000, 0x0000000714800000, 0x0000000714800000|100%|HS|  |TAMS 0x0000000714800000, 0x0000000714600000| Complete 
| 164|0x0000000714800000, 0x0000000714a00000, 0x0000000714a00000|100%|HC|  |TAMS 0x0000000714a00000, 0x0000000714800000| Complete 
| 165|0x0000000714a00000, 0x0000000714c00000, 0x0000000714c00000|100%| O|  |TAMS 0x0000000714c00000, 0x0000000714a00000| Untracked 
| 166|0x0000000714c00000, 0x0000000714e00000, 0x0000000714e00000|100%| O|  |TAMS 0x0000000714e00000, 0x0000000714c00000| Untracked 
| 167|0x0000000714e00000, 0x0000000715000000, 0x0000000715000000|100%| O|  |TAMS 0x0000000715000000, 0x0000000714e00000| Untracked 
| 168|0x0000000715000000, 0x0000000715200000, 0x0000000715200000|100%| O|  |TAMS 0x0000000715200000, 0x0000000715000000| Untracked 
| 169|0x0000000715200000, 0x0000000715400000, 0x0000000715400000|100%| O|  |TAMS 0x0000000715400000, 0x0000000715200000| Untracked 
| 170|0x0000000715400000, 0x0000000715600000, 0x0000000715600000|100%| O|  |TAMS 0x0000000715600000, 0x0000000715400000| Untracked 
| 171|0x0000000715600000, 0x0000000715600000, 0x0000000715800000|  0%| F|  |TAMS 0x0000000715600000, 0x0000000715600000| Untracked 
| 172|0x0000000715800000, 0x0000000715a00000, 0x0000000715a00000|100%| O|  |TAMS 0x0000000715a00000, 0x0000000715800000| Untracked 
| 173|0x0000000715a00000, 0x0000000715c00000, 0x0000000715c00000|100%| O|  |TAMS 0x0000000715c00000, 0x0000000715a00000| Untracked 
| 174|0x0000000715c00000, 0x0000000715e00000, 0x0000000715e00000|100%| O|  |TAMS 0x0000000715e00000, 0x0000000715c00000| Untracked 
| 175|0x0000000715e00000, 0x0000000716000000, 0x0000000716000000|100%| O|  |TAMS 0x0000000716000000, 0x0000000715e00000| Untracked 
| 176|0x0000000716000000, 0x0000000716200000, 0x0000000716200000|100%| O|  |TAMS 0x0000000716200000, 0x0000000716000000| Untracked 
| 177|0x0000000716200000, 0x0000000716400000, 0x0000000716400000|100%| O|  |TAMS 0x0000000716400000, 0x0000000716200000| Untracked 
| 178|0x0000000716400000, 0x0000000716600000, 0x0000000716600000|100%| O|  |TAMS 0x0000000716600000, 0x0000000716400000| Untracked 
| 179|0x0000000716600000, 0x0000000716800000, 0x0000000716800000|100%| O|  |TAMS 0x0000000716800000, 0x0000000716600000| Untracked 
| 180|0x0000000716800000, 0x0000000716a00000, 0x0000000716a00000|100%| O|  |TAMS 0x0000000716a00000, 0x0000000716800000| Untracked 
| 181|0x0000000716a00000, 0x0000000716c00000, 0x0000000716c00000|100%| O|  |TAMS 0x0000000716c00000, 0x0000000716a00000| Untracked 
| 182|0x0000000716c00000, 0x0000000716e00000, 0x0000000716e00000|100%| O|  |TAMS 0x0000000716e00000, 0x0000000716c00000| Untracked 
| 183|0x0000000716e00000, 0x0000000717000000, 0x0000000717000000|100%| O|  |TAMS 0x0000000717000000, 0x0000000716e00000| Untracked 
| 184|0x0000000717000000, 0x0000000717200000, 0x0000000717200000|100%| O|  |TAMS 0x0000000717200000, 0x0000000717000000| Untracked 
| 185|0x0000000717200000, 0x0000000717400000, 0x0000000717400000|100%| O|  |TAMS 0x0000000717400000, 0x0000000717200000| Untracked 
| 186|0x0000000717400000, 0x0000000717600000, 0x0000000717600000|100%| O|  |TAMS 0x0000000717600000, 0x0000000717400000| Untracked 
| 187|0x0000000717600000, 0x0000000717800000, 0x0000000717800000|100%| O|  |TAMS 0x0000000717800000, 0x0000000717600000| Untracked 
| 188|0x0000000717800000, 0x0000000717800000, 0x0000000717a00000|  0%| F|  |TAMS 0x0000000717800000, 0x0000000717800000| Untracked 
| 189|0x0000000717a00000, 0x0000000717a00000, 0x0000000717c00000|  0%| F|  |TAMS 0x0000000717a00000, 0x0000000717a00000| Untracked 
| 190|0x0000000717c00000, 0x0000000717c00000, 0x0000000717e00000|  0%| F|  |TAMS 0x0000000717c00000, 0x0000000717c00000| Untracked 
| 191|0x0000000717e00000, 0x0000000717e00000, 0x0000000718000000|  0%| F|  |TAMS 0x0000000717e00000, 0x0000000717e00000| Untracked 
| 192|0x0000000718000000, 0x0000000718000000, 0x0000000718200000|  0%| F|  |TAMS 0x0000000718000000, 0x0000000718000000| Untracked 
| 193|0x0000000718200000, 0x0000000718200000, 0x0000000718400000|  0%| F|  |TAMS 0x0000000718200000, 0x0000000718200000| Untracked 
| 194|0x0000000718400000, 0x0000000718400000, 0x0000000718600000|  0%| F|  |TAMS 0x0000000718400000, 0x0000000718400000| Untracked 
| 195|0x0000000718600000, 0x0000000718600000, 0x0000000718800000|  0%| F|  |TAMS 0x0000000718600000, 0x0000000718600000| Untracked 
| 196|0x0000000718800000, 0x0000000718800000, 0x0000000718a00000|  0%| F|  |TAMS 0x0000000718800000, 0x0000000718800000| Untracked 
| 197|0x0000000718a00000, 0x0000000718a00000, 0x0000000718c00000|  0%| F|  |TAMS 0x0000000718a00000, 0x0000000718a00000| Untracked 
| 198|0x0000000718c00000, 0x0000000718c00000, 0x0000000718e00000|  0%| F|  |TAMS 0x0000000718c00000, 0x0000000718c00000| Untracked 
| 199|0x0000000718e00000, 0x0000000718e00000, 0x0000000719000000|  0%| F|  |TAMS 0x0000000718e00000, 0x0000000718e00000| Untracked 
| 200|0x0000000719000000, 0x0000000719000000, 0x0000000719200000|  0%| F|  |TAMS 0x0000000719000000, 0x0000000719000000| Untracked 
| 201|0x0000000719200000, 0x0000000719200000, 0x0000000719400000|  0%| F|  |TAMS 0x0000000719200000, 0x0000000719200000| Untracked 
| 202|0x0000000719400000, 0x0000000719400000, 0x0000000719600000|  0%| F|  |TAMS 0x0000000719400000, 0x0000000719400000| Untracked 
| 203|0x0000000719600000, 0x0000000719600000, 0x0000000719800000|  0%| F|  |TAMS 0x0000000719600000, 0x0000000719600000| Untracked 
| 204|0x0000000719800000, 0x0000000719800000, 0x0000000719a00000|  0%| F|  |TAMS 0x0000000719800000, 0x0000000719800000| Untracked 
| 205|0x0000000719a00000, 0x0000000719a00000, 0x0000000719c00000|  0%| F|  |TAMS 0x0000000719a00000, 0x0000000719a00000| Untracked 
| 206|0x0000000719c00000, 0x0000000719c00000, 0x0000000719e00000|  0%| F|  |TAMS 0x0000000719c00000, 0x0000000719c00000| Untracked 
| 207|0x0000000719e00000, 0x0000000719e00000, 0x000000071a000000|  0%| F|  |TAMS 0x0000000719e00000, 0x0000000719e00000| Untracked 
| 208|0x000000071a000000, 0x000000071a000000, 0x000000071a200000|  0%| F|  |TAMS 0x000000071a000000, 0x000000071a000000| Untracked 
| 209|0x000000071a200000, 0x000000071a200000, 0x000000071a400000|  0%| F|  |TAMS 0x000000071a200000, 0x000000071a200000| Untracked 
| 210|0x000000071a400000, 0x000000071a400000, 0x000000071a600000|  0%| F|  |TAMS 0x000000071a400000, 0x000000071a400000| Untracked 
| 211|0x000000071a600000, 0x000000071a600000, 0x000000071a800000|  0%| F|  |TAMS 0x000000071a600000, 0x000000071a600000| Untracked 
| 212|0x000000071a800000, 0x000000071a800000, 0x000000071aa00000|  0%| F|  |TAMS 0x000000071a800000, 0x000000071a800000| Untracked 
| 213|0x000000071aa00000, 0x000000071aa00000, 0x000000071ac00000|  0%| F|  |TAMS 0x000000071aa00000, 0x000000071aa00000| Untracked 
| 214|0x000000071ac00000, 0x000000071ac00000, 0x000000071ae00000|  0%| F|  |TAMS 0x000000071ac00000, 0x000000071ac00000| Untracked 
| 215|0x000000071ae00000, 0x000000071ae00000, 0x000000071b000000|  0%| F|  |TAMS 0x000000071ae00000, 0x000000071ae00000| Untracked 
| 216|0x000000071b000000, 0x000000071b000000, 0x000000071b200000|  0%| F|  |TAMS 0x000000071b000000, 0x000000071b000000| Untracked 
| 217|0x000000071b200000, 0x000000071b200000, 0x000000071b400000|  0%| F|  |TAMS 0x000000071b200000, 0x000000071b200000| Untracked 
| 218|0x000000071b400000, 0x000000071b400000, 0x000000071b600000|  0%| F|  |TAMS 0x000000071b400000, 0x000000071b400000| Untracked 
| 219|0x000000071b600000, 0x000000071b600000, 0x000000071b800000|  0%| F|  |TAMS 0x000000071b600000, 0x000000071b600000| Untracked 
| 220|0x000000071b800000, 0x000000071b800000, 0x000000071ba00000|  0%| F|  |TAMS 0x000000071b800000, 0x000000071b800000| Untracked 
| 221|0x000000071ba00000, 0x000000071ba00000, 0x000000071bc00000|  0%| F|  |TAMS 0x000000071ba00000, 0x000000071ba00000| Untracked 
| 222|0x000000071bc00000, 0x000000071bc00000, 0x000000071be00000|  0%| F|  |TAMS 0x000000071bc00000, 0x000000071bc00000| Untracked 
| 223|0x000000071be00000, 0x000000071be00000, 0x000000071c000000|  0%| F|  |TAMS 0x000000071be00000, 0x000000071be00000| Untracked 
| 224|0x000000071c000000, 0x000000071c000000, 0x000000071c200000|  0%| F|  |TAMS 0x000000071c000000, 0x000000071c000000| Untracked 
| 225|0x000000071c200000, 0x000000071c200000, 0x000000071c400000|  0%| F|  |TAMS 0x000000071c200000, 0x000000071c200000| Untracked 
| 226|0x000000071c400000, 0x000000071c400000, 0x000000071c600000|  0%| F|  |TAMS 0x000000071c400000, 0x000000071c400000| Untracked 
| 227|0x000000071c600000, 0x000000071c600000, 0x000000071c800000|  0%| F|  |TAMS 0x000000071c600000, 0x000000071c600000| Untracked 
| 228|0x000000071c800000, 0x000000071c800000, 0x000000071ca00000|  0%| F|  |TAMS 0x000000071c800000, 0x000000071c800000| Untracked 
| 229|0x000000071ca00000, 0x000000071ca00000, 0x000000071cc00000|  0%| F|  |TAMS 0x000000071ca00000, 0x000000071ca00000| Untracked 
| 230|0x000000071cc00000, 0x000000071cc00000, 0x000000071ce00000|  0%| F|  |TAMS 0x000000071cc00000, 0x000000071cc00000| Untracked 
| 231|0x000000071ce00000, 0x000000071ce00000, 0x000000071d000000|  0%| F|  |TAMS 0x000000071ce00000, 0x000000071ce00000| Untracked 
| 232|0x000000071d000000, 0x000000071d000000, 0x000000071d200000|  0%| F|  |TAMS 0x000000071d000000, 0x000000071d000000| Untracked 
| 233|0x000000071d200000, 0x000000071d200000, 0x000000071d400000|  0%| F|  |TAMS 0x000000071d200000, 0x000000071d200000| Untracked 
| 234|0x000000071d400000, 0x000000071d400000, 0x000000071d600000|  0%| F|  |TAMS 0x000000071d400000, 0x000000071d400000| Untracked 
| 235|0x000000071d600000, 0x000000071d600000, 0x000000071d800000|  0%| F|  |TAMS 0x000000071d600000, 0x000000071d600000| Untracked 
| 236|0x000000071d800000, 0x000000071d800000, 0x000000071da00000|  0%| F|  |TAMS 0x000000071d800000, 0x000000071d800000| Untracked 
| 237|0x000000071da00000, 0x000000071da00000, 0x000000071dc00000|  0%| F|  |TAMS 0x000000071da00000, 0x000000071da00000| Untracked 
| 238|0x000000071dc00000, 0x000000071dc00000, 0x000000071de00000|  0%| F|  |TAMS 0x000000071dc00000, 0x000000071dc00000| Untracked 
| 239|0x000000071de00000, 0x000000071de00000, 0x000000071e000000|  0%| F|  |TAMS 0x000000071de00000, 0x000000071de00000| Untracked 
| 240|0x000000071e000000, 0x000000071e000000, 0x000000071e200000|  0%| F|  |TAMS 0x000000071e000000, 0x000000071e000000| Untracked 
| 241|0x000000071e200000, 0x000000071e200000, 0x000000071e400000|  0%| F|  |TAMS 0x000000071e200000, 0x000000071e200000| Untracked 
| 242|0x000000071e400000, 0x000000071e400000, 0x000000071e600000|  0%| F|  |TAMS 0x000000071e400000, 0x000000071e400000| Untracked 
| 243|0x000000071e600000, 0x000000071e600000, 0x000000071e800000|  0%| F|  |TAMS 0x000000071e600000, 0x000000071e600000| Untracked 
| 244|0x000000071e800000, 0x000000071e800000, 0x000000071ea00000|  0%| F|  |TAMS 0x000000071e800000, 0x000000071e800000| Untracked 
| 245|0x000000071ea00000, 0x000000071ea00000, 0x000000071ec00000|  0%| F|  |TAMS 0x000000071ea00000, 0x000000071ea00000| Untracked 
| 246|0x000000071ec00000, 0x000000071ec00000, 0x000000071ee00000|  0%| F|  |TAMS 0x000000071ec00000, 0x000000071ec00000| Untracked 
| 247|0x000000071ee00000, 0x000000071ee00000, 0x000000071f000000|  0%| F|  |TAMS 0x000000071ee00000, 0x000000071ee00000| Untracked 
| 248|0x000000071f000000, 0x000000071f000000, 0x000000071f200000|  0%| F|  |TAMS 0x000000071f000000, 0x000000071f000000| Untracked 
| 249|0x000000071f200000, 0x000000071f200000, 0x000000071f400000|  0%| F|  |TAMS 0x000000071f200000, 0x000000071f200000| Untracked 
| 250|0x000000071f400000, 0x000000071f400000, 0x000000071f600000|  0%| F|  |TAMS 0x000000071f400000, 0x000000071f400000| Untracked 
| 251|0x000000071f600000, 0x000000071f600000, 0x000000071f800000|  0%| F|  |TAMS 0x000000071f600000, 0x000000071f600000| Untracked 
| 252|0x000000071f800000, 0x000000071f800000, 0x000000071fa00000|  0%| F|  |TAMS 0x000000071f800000, 0x000000071f800000| Untracked 
| 253|0x000000071fa00000, 0x000000071fa00000, 0x000000071fc00000|  0%| F|  |TAMS 0x000000071fa00000, 0x000000071fa00000| Untracked 
| 254|0x000000071fc00000, 0x000000071fc00000, 0x000000071fe00000|  0%| F|  |TAMS 0x000000071fc00000, 0x000000071fc00000| Untracked 
| 255|0x000000071fe00000, 0x000000071fe00000, 0x0000000720000000|  0%| F|  |TAMS 0x000000071fe00000, 0x000000071fe00000| Untracked 
| 256|0x0000000720000000, 0x0000000720000000, 0x0000000720200000|  0%| F|  |TAMS 0x0000000720000000, 0x0000000720000000| Untracked 
| 257|0x0000000720200000, 0x0000000720200000, 0x0000000720400000|  0%| F|  |TAMS 0x0000000720200000, 0x0000000720200000| Untracked 
| 258|0x0000000720400000, 0x0000000720400000, 0x0000000720600000|  0%| F|  |TAMS 0x0000000720400000, 0x0000000720400000| Untracked 
| 259|0x0000000720600000, 0x0000000720600000, 0x0000000720800000|  0%| F|  |TAMS 0x0000000720600000, 0x0000000720600000| Untracked 
| 260|0x0000000720800000, 0x0000000720800000, 0x0000000720a00000|  0%| F|  |TAMS 0x0000000720800000, 0x0000000720800000| Untracked 
| 261|0x0000000720a00000, 0x0000000720a00000, 0x0000000720c00000|  0%| F|  |TAMS 0x0000000720a00000, 0x0000000720a00000| Untracked 
| 262|0x0000000720c00000, 0x0000000720c00000, 0x0000000720e00000|  0%| F|  |TAMS 0x0000000720c00000, 0x0000000720c00000| Untracked 
| 263|0x0000000720e00000, 0x0000000720e00000, 0x0000000721000000|  0%| F|  |TAMS 0x0000000720e00000, 0x0000000720e00000| Untracked 
| 264|0x0000000721000000, 0x0000000721000000, 0x0000000721200000|  0%| F|  |TAMS 0x0000000721000000, 0x0000000721000000| Untracked 
| 265|0x0000000721200000, 0x0000000721200000, 0x0000000721400000|  0%| F|  |TAMS 0x0000000721200000, 0x0000000721200000| Untracked 
| 266|0x0000000721400000, 0x0000000721400000, 0x0000000721600000|  0%| F|  |TAMS 0x0000000721400000, 0x0000000721400000| Untracked 
| 267|0x0000000721600000, 0x0000000721600000, 0x0000000721800000|  0%| F|  |TAMS 0x0000000721600000, 0x0000000721600000| Untracked 
| 268|0x0000000721800000, 0x0000000721800000, 0x0000000721a00000|  0%| F|  |TAMS 0x0000000721800000, 0x0000000721800000| Untracked 
| 269|0x0000000721a00000, 0x0000000721a00000, 0x0000000721c00000|  0%| F|  |TAMS 0x0000000721a00000, 0x0000000721a00000| Untracked 
| 270|0x0000000721c00000, 0x0000000721c00000, 0x0000000721e00000|  0%| F|  |TAMS 0x0000000721c00000, 0x0000000721c00000| Untracked 
| 271|0x0000000721e00000, 0x0000000721e00000, 0x0000000722000000|  0%| F|  |TAMS 0x0000000721e00000, 0x0000000721e00000| Untracked 
| 272|0x0000000722000000, 0x0000000722000000, 0x0000000722200000|  0%| F|  |TAMS 0x0000000722000000, 0x0000000722000000| Untracked 
| 273|0x0000000722200000, 0x0000000722200000, 0x0000000722400000|  0%| F|  |TAMS 0x0000000722200000, 0x0000000722200000| Untracked 
| 274|0x0000000722400000, 0x0000000722400000, 0x0000000722600000|  0%| F|  |TAMS 0x0000000722400000, 0x0000000722400000| Untracked 
| 275|0x0000000722600000, 0x0000000722600000, 0x0000000722800000|  0%| F|  |TAMS 0x0000000722600000, 0x0000000722600000| Untracked 
| 276|0x0000000722800000, 0x0000000722800000, 0x0000000722a00000|  0%| F|  |TAMS 0x0000000722800000, 0x0000000722800000| Untracked 
| 277|0x0000000722a00000, 0x0000000722a00000, 0x0000000722c00000|  0%| F|  |TAMS 0x0000000722a00000, 0x0000000722a00000| Untracked 
| 278|0x0000000722c00000, 0x0000000722c00000, 0x0000000722e00000|  0%| F|  |TAMS 0x0000000722c00000, 0x0000000722c00000| Untracked 
| 279|0x0000000722e00000, 0x0000000722e00000, 0x0000000723000000|  0%| F|  |TAMS 0x0000000722e00000, 0x0000000722e00000| Untracked 
| 280|0x0000000723000000, 0x0000000723000000, 0x0000000723200000|  0%| F|  |TAMS 0x0000000723000000, 0x0000000723000000| Untracked 
| 281|0x0000000723200000, 0x0000000723200000, 0x0000000723400000|  0%| F|  |TAMS 0x0000000723200000, 0x0000000723200000| Untracked 
| 282|0x0000000723400000, 0x0000000723400000, 0x0000000723600000|  0%| F|  |TAMS 0x0000000723400000, 0x0000000723400000| Untracked 
| 283|0x0000000723600000, 0x0000000723600000, 0x0000000723800000|  0%| F|  |TAMS 0x0000000723600000, 0x0000000723600000| Untracked 
| 284|0x0000000723800000, 0x0000000723800000, 0x0000000723a00000|  0%| F|  |TAMS 0x0000000723800000, 0x0000000723800000| Untracked 
| 285|0x0000000723a00000, 0x0000000723a00000, 0x0000000723c00000|  0%| F|  |TAMS 0x0000000723a00000, 0x0000000723a00000| Untracked 
| 286|0x0000000723c00000, 0x0000000723c00000, 0x0000000723e00000|  0%| F|  |TAMS 0x0000000723c00000, 0x0000000723c00000| Untracked 
| 287|0x0000000723e00000, 0x0000000723e00000, 0x0000000724000000|  0%| F|  |TAMS 0x0000000723e00000, 0x0000000723e00000| Untracked 
| 288|0x0000000724000000, 0x0000000724000000, 0x0000000724200000|  0%| F|  |TAMS 0x0000000724000000, 0x0000000724000000| Untracked 
| 289|0x0000000724200000, 0x0000000724200000, 0x0000000724400000|  0%| F|  |TAMS 0x0000000724200000, 0x0000000724200000| Untracked 
| 290|0x0000000724400000, 0x0000000724400000, 0x0000000724600000|  0%| F|  |TAMS 0x0000000724400000, 0x0000000724400000| Untracked 
| 291|0x0000000724600000, 0x0000000724600000, 0x0000000724800000|  0%| F|  |TAMS 0x0000000724600000, 0x0000000724600000| Untracked 
| 292|0x0000000724800000, 0x0000000724800000, 0x0000000724a00000|  0%| F|  |TAMS 0x0000000724800000, 0x0000000724800000| Untracked 
| 293|0x0000000724a00000, 0x0000000724a00000, 0x0000000724c00000|  0%| F|  |TAMS 0x0000000724a00000, 0x0000000724a00000| Untracked 
| 294|0x0000000724c00000, 0x0000000724c00000, 0x0000000724e00000|  0%| F|  |TAMS 0x0000000724c00000, 0x0000000724c00000| Untracked 
| 295|0x0000000724e00000, 0x0000000724e00000, 0x0000000725000000|  0%| F|  |TAMS 0x0000000724e00000, 0x0000000724e00000| Untracked 
| 296|0x0000000725000000, 0x0000000725000000, 0x0000000725200000|  0%| F|  |TAMS 0x0000000725000000, 0x0000000725000000| Untracked 
| 297|0x0000000725200000, 0x0000000725200000, 0x0000000725400000|  0%| F|  |TAMS 0x0000000725200000, 0x0000000725200000| Untracked 
| 298|0x0000000725400000, 0x0000000725400000, 0x0000000725600000|  0%| F|  |TAMS 0x0000000725400000, 0x0000000725400000| Untracked 
| 299|0x0000000725600000, 0x0000000725600000, 0x0000000725800000|  0%| F|  |TAMS 0x0000000725600000, 0x0000000725600000| Untracked 
| 300|0x0000000725800000, 0x0000000725800000, 0x0000000725a00000|  0%| F|  |TAMS 0x0000000725800000, 0x0000000725800000| Untracked 
| 301|0x0000000725a00000, 0x0000000725a00000, 0x0000000725c00000|  0%| F|  |TAMS 0x0000000725a00000, 0x0000000725a00000| Untracked 
| 302|0x0000000725c00000, 0x0000000725c00000, 0x0000000725e00000|  0%| F|  |TAMS 0x0000000725c00000, 0x0000000725c00000| Untracked 
| 303|0x0000000725e00000, 0x0000000725e00000, 0x0000000726000000|  0%| F|  |TAMS 0x0000000725e00000, 0x0000000725e00000| Untracked 
| 304|0x0000000726000000, 0x0000000726000000, 0x0000000726200000|  0%| F|  |TAMS 0x0000000726000000, 0x0000000726000000| Untracked 
| 305|0x0000000726200000, 0x0000000726200000, 0x0000000726400000|  0%| F|  |TAMS 0x0000000726200000, 0x0000000726200000| Untracked 
| 306|0x0000000726400000, 0x0000000726400000, 0x0000000726600000|  0%| F|  |TAMS 0x0000000726400000, 0x0000000726400000| Untracked 
| 307|0x0000000726600000, 0x0000000726600000, 0x0000000726800000|  0%| F|  |TAMS 0x0000000726600000, 0x0000000726600000| Untracked 
| 308|0x0000000726800000, 0x0000000726800000, 0x0000000726a00000|  0%| F|  |TAMS 0x0000000726800000, 0x0000000726800000| Untracked 
| 309|0x0000000726a00000, 0x0000000726a00000, 0x0000000726c00000|  0%| F|  |TAMS 0x0000000726a00000, 0x0000000726a00000| Untracked 
| 310|0x0000000726c00000, 0x0000000726c00000, 0x0000000726e00000|  0%| F|  |TAMS 0x0000000726c00000, 0x0000000726c00000| Untracked 
| 311|0x0000000726e00000, 0x0000000726e00000, 0x0000000727000000|  0%| F|  |TAMS 0x0000000726e00000, 0x0000000726e00000| Untracked 
| 312|0x0000000727000000, 0x0000000727000000, 0x0000000727200000|  0%| F|  |TAMS 0x0000000727000000, 0x0000000727000000| Untracked 
| 313|0x0000000727200000, 0x0000000727200000, 0x0000000727400000|  0%| F|  |TAMS 0x0000000727200000, 0x0000000727200000| Untracked 
| 314|0x0000000727400000, 0x0000000727400000, 0x0000000727600000|  0%| F|  |TAMS 0x0000000727400000, 0x0000000727400000| Untracked 
| 315|0x0000000727600000, 0x0000000727600000, 0x0000000727800000|  0%| F|  |TAMS 0x0000000727600000, 0x0000000727600000| Untracked 
| 316|0x0000000727800000, 0x0000000727800000, 0x0000000727a00000|  0%| F|  |TAMS 0x0000000727800000, 0x0000000727800000| Untracked 
| 317|0x0000000727a00000, 0x0000000727a00000, 0x0000000727c00000|  0%| F|  |TAMS 0x0000000727a00000, 0x0000000727a00000| Untracked 
| 318|0x0000000727c00000, 0x0000000727c00000, 0x0000000727e00000|  0%| F|  |TAMS 0x0000000727c00000, 0x0000000727c00000| Untracked 
| 319|0x0000000727e00000, 0x0000000727e00000, 0x0000000728000000|  0%| F|  |TAMS 0x0000000727e00000, 0x0000000727e00000| Untracked 
| 320|0x0000000728000000, 0x0000000728000000, 0x0000000728200000|  0%| F|  |TAMS 0x0000000728000000, 0x0000000728000000| Untracked 
| 321|0x0000000728200000, 0x0000000728200000, 0x0000000728400000|  0%| F|  |TAMS 0x0000000728200000, 0x0000000728200000| Untracked 
| 322|0x0000000728400000, 0x0000000728400000, 0x0000000728600000|  0%| F|  |TAMS 0x0000000728400000, 0x0000000728400000| Untracked 
| 323|0x0000000728600000, 0x0000000728600000, 0x0000000728800000|  0%| F|  |TAMS 0x0000000728600000, 0x0000000728600000| Untracked 
| 324|0x0000000728800000, 0x0000000728800000, 0x0000000728a00000|  0%| F|  |TAMS 0x0000000728800000, 0x0000000728800000| Untracked 
| 325|0x0000000728a00000, 0x0000000728a00000, 0x0000000728c00000|  0%| F|  |TAMS 0x0000000728a00000, 0x0000000728a00000| Untracked 
| 326|0x0000000728c00000, 0x0000000728c00000, 0x0000000728e00000|  0%| F|  |TAMS 0x0000000728c00000, 0x0000000728c00000| Untracked 
| 327|0x0000000728e00000, 0x0000000728e00000, 0x0000000729000000|  0%| F|  |TAMS 0x0000000728e00000, 0x0000000728e00000| Untracked 
| 328|0x0000000729000000, 0x0000000729000000, 0x0000000729200000|  0%| F|  |TAMS 0x0000000729000000, 0x0000000729000000| Untracked 
| 329|0x0000000729200000, 0x0000000729200000, 0x0000000729400000|  0%| F|  |TAMS 0x0000000729200000, 0x0000000729200000| Untracked 
| 330|0x0000000729400000, 0x0000000729400000, 0x0000000729600000|  0%| F|  |TAMS 0x0000000729400000, 0x0000000729400000| Untracked 
| 331|0x0000000729600000, 0x0000000729800000, 0x0000000729800000|100%| S|CS|TAMS 0x0000000729600000, 0x0000000729600000| Complete 
| 332|0x0000000729800000, 0x0000000729a00000, 0x0000000729a00000|100%| S|CS|TAMS 0x0000000729800000, 0x0000000729800000| Complete 
| 333|0x0000000729a00000, 0x0000000729c00000, 0x0000000729c00000|100%| S|CS|TAMS 0x0000000729a00000, 0x0000000729a00000| Complete 
| 334|0x0000000729c00000, 0x0000000729c00000, 0x0000000729e00000|  0%| F|  |TAMS 0x0000000729c00000, 0x0000000729c00000| Untracked 
| 335|0x0000000729e00000, 0x0000000729e00000, 0x000000072a000000|  0%| F|  |TAMS 0x0000000729e00000, 0x0000000729e00000| Untracked 
| 336|0x000000072a000000, 0x000000072a000000, 0x000000072a200000|  0%| F|  |TAMS 0x000000072a000000, 0x000000072a000000| Untracked 
| 337|0x000000072a200000, 0x000000072a200000, 0x000000072a400000|  0%| F|  |TAMS 0x000000072a200000, 0x000000072a200000| Untracked 
| 338|0x000000072a400000, 0x000000072a400000, 0x000000072a600000|  0%| F|  |TAMS 0x000000072a400000, 0x000000072a400000| Untracked 
| 339|0x000000072a600000, 0x000000072a600000, 0x000000072a800000|  0%| F|  |TAMS 0x000000072a600000, 0x000000072a600000| Untracked 
| 340|0x000000072a800000, 0x000000072a800000, 0x000000072aa00000|  0%| F|  |TAMS 0x000000072a800000, 0x000000072a800000| Untracked 
| 341|0x000000072aa00000, 0x000000072aa00000, 0x000000072ac00000|  0%| F|  |TAMS 0x000000072aa00000, 0x000000072aa00000| Untracked 
| 342|0x000000072ac00000, 0x000000072ac00000, 0x000000072ae00000|  0%| F|  |TAMS 0x000000072ac00000, 0x000000072ac00000| Untracked 
| 343|0x000000072ae00000, 0x000000072ae00000, 0x000000072b000000|  0%| F|  |TAMS 0x000000072ae00000, 0x000000072ae00000| Untracked 
| 344|0x000000072b000000, 0x000000072b000000, 0x000000072b200000|  0%| F|  |TAMS 0x000000072b000000, 0x000000072b000000| Untracked 
| 345|0x000000072b200000, 0x000000072b200000, 0x000000072b400000|  0%| F|  |TAMS 0x000000072b200000, 0x000000072b200000| Untracked 
| 346|0x000000072b400000, 0x000000072b400000, 0x000000072b600000|  0%| F|  |TAMS 0x000000072b400000, 0x000000072b400000| Untracked 
| 347|0x000000072b600000, 0x000000072b600000, 0x000000072b800000|  0%| F|  |TAMS 0x000000072b600000, 0x000000072b600000| Untracked 
| 348|0x000000072b800000, 0x000000072b800000, 0x000000072ba00000|  0%| F|  |TAMS 0x000000072b800000, 0x000000072b800000| Untracked 
| 349|0x000000072ba00000, 0x000000072ba00000, 0x000000072bc00000|  0%| F|  |TAMS 0x000000072ba00000, 0x000000072ba00000| Untracked 
| 350|0x000000072bc00000, 0x000000072bc00000, 0x000000072be00000|  0%| F|  |TAMS 0x000000072bc00000, 0x000000072bc00000| Untracked 

Card table byte_map: [0x0000019634660000,0x0000019634e60000] _byte_map_base: 0x0000019630e60000

Marking Bits (Prev, Next): (CMBitMap*) 0x000001961d6315b0, (CMBitMap*) 0x000001961d631570
 Prev Bits: [0x0000019639660000, 0x000001963d660000)
 Next Bits: [0x0000019635660000, 0x0000019639660000)

Polling page: 0x000001961cd90000

Metaspace:

Usage:
  Non-class:     85.77 MB used.
      Class:     13.92 MB used.
       Both:     99.69 MB used.

Virtual space:
  Non-class space:      128.00 MB reserved,      86.19 MB ( 67%) committed,  2 nodes.
      Class space:      416.00 MB reserved,      14.31 MB (  3%) committed,  1 nodes.
             Both:      544.00 MB reserved,     100.50 MB ( 18%) committed. 

Chunk freelists:
   Non-Class:  9.30 MB
       Class:  1.64 MB
        Both:  10.94 MB

MaxMetaspaceSize: 512.00 MB
CompressedClassSpaceSize: 416.00 MB
Initial GC threshold: 21.00 MB
Current GC threshold: 166.25 MB
CDS: on
MetaspaceReclaimPolicy: balanced
 - commit_granule_bytes: 65536.
 - commit_granule_words: 8192.
 - virtual_space_node_default_size: 8388608.
 - enlarge_chunks_in_place: 1.
 - new_chunks_are_fully_committed: 0.
 - uncommit_free_chunks: 1.
 - use_allocation_guard: 0.
 - handle_deallocations: 1.


Internal statistics:

num_allocs_failed_limit: 6.
num_arena_births: 1208.
num_arena_deaths: 2.
num_vsnodes_births: 3.
num_vsnodes_deaths: 0.
num_space_committed: 1607.
num_space_uncommitted: 0.
num_chunks_returned_to_freelist: 9.
num_chunks_taken_from_freelist: 5517.
num_chunk_merges: 6.
num_chunk_splits: 3686.
num_chunks_enlarged: 2472.
num_inconsistent_stats: 0.

CodeHeap 'non-profiled nmethods': size=120000Kb used=7465Kb max_used=7578Kb free=112534Kb
 bounds [0x000001962c930000, 0x000001962d0d0000, 0x0000019633e60000]
CodeHeap 'profiled nmethods': size=120000Kb used=23519Kb max_used=23662Kb free=96480Kb
 bounds [0x0000019624e60000, 0x0000019626620000, 0x000001962c390000]
CodeHeap 'non-nmethods': size=5760Kb used=1735Kb max_used=1778Kb free=4024Kb
 bounds [0x000001962c390000, 0x000001962c600000, 0x000001962c930000]
 total_blobs=12817 nmethods=11989 adapters=740
 compilation: enabled
              stopped_count=0, restarted_count=0
 full_count=0

Compilation events (20 events):
Event: 88.300 Thread 0x000001963fb48c70 nmethod 14398 0x00000196261ecb90 code [0x00000196261ecd20, 0x00000196261ece48]
Event: 88.300 Thread 0x000001963fb48c70 14401       2       com.google.common.base.AbstractIterator::tryToComputeNext (36 bytes)
Event: 88.300 Thread 0x000001963fb48c70 nmethod 14401 0x000001962588ff10 code [0x00000196258900c0, 0x0000019625890388]
Event: 88.300 Thread 0x000001963fb48c70 14400       2       com.google.common.base.Splitter$1$1::separatorStart (16 bytes)
Event: 88.301 Thread 0x000001963fb48c70 nmethod 14400 0x00000196258d6890 code [0x00000196258d6a20, 0x00000196258d6b68]
Event: 88.301 Thread 0x000001963fb48c70 14403       2       com.android.ide.common.symbols.SymbolIo::computeItemName (35 bytes)
Event: 88.303 Thread 0x000001963fb48c70 nmethod 14403 0x00000196258d5d90 code [0x00000196258d5fc0, 0x00000196258d6438]
Event: 88.303 Thread 0x000001963fb48c70 14407       2       java.util.Comparator$$Lambda$1265/0x00000196417be0e8::compare (10 bytes)
Event: 88.304 Thread 0x000001963fb48c70 nmethod 14407 0x00000196258d5910 code [0x00000196258d5ac0, 0x00000196258d5c78]
Event: 88.304 Thread 0x000001963fb48c70 14408       2       java.util.Comparator::lambda$comparingInt$7b0bb60$1 (18 bytes)
Event: 88.304 Thread 0x000001963fb48c70 nmethod 14408 0x00000196258d5310 code [0x00000196258d54c0, 0x00000196258d5658]
Event: 88.305 Thread 0x000001963fb48c70 14404       2       com.google.common.base.AbstractIterator::next (37 bytes)
Event: 88.305 Thread 0x000001963fb48c70 nmethod 14404 0x0000019626474e10 code [0x0000019626474fc0, 0x0000019626475258]
Event: 88.305 Thread 0x000001963fb48c70 14405       2       com.google.common.base.NullnessCasts::uncheckedCastNullableTToT (2 bytes)
Event: 88.306 Thread 0x000001963fb48c70 nmethod 14405 0x0000019625186d10 code [0x0000019625186ea0, 0x0000019625186f98]
Event: 88.306 Thread 0x000001963fb48c70 14406       2       com.google.common.base.Splitter$1$1::separatorEnd (4 bytes)
Event: 88.306 Thread 0x000001963fb48c70 nmethod 14406 0x0000019626474a90 code [0x0000019626474c20, 0x0000019626474d38]
Event: 88.311 Thread 0x000001963fb48c70 14409       3       java.util.AbstractList$SubList::<init> (35 bytes)
Event: 88.312 Thread 0x000001963fb48c70 nmethod 14409 0x0000019626474490 code [0x0000019626474640, 0x0000019626474918]
Event: 88.313 Thread 0x000001963fb48c70 14410       3       java.util.concurrent.ConcurrentLinkedQueue::add (6 bytes)

GC Heap History (20 events):
Event: 75.083 GC heap after
{Heap after GC invocations=57 (full 0):
 garbage-first heap   total 262144K, used 166635K [0x0000000700000000, 0x0000000800000000)
  region size 2048K, 1 young (2048K), 1 survivors (2048K)
 Metaspace       used 95441K, committed 96256K, reserved 557056K
  class space    used 13152K, committed 13568K, reserved 425984K
}
Event: 78.376 GC heap before
{Heap before GC invocations=58 (full 0):
 garbage-first heap   total 315392K, used 223979K [0x0000000700000000, 0x0000000800000000)
  region size 2048K, 18 young (36864K), 1 survivors (2048K)
 Metaspace       used 98621K, committed 99456K, reserved 557056K
  class space    used 13610K, committed 14016K, reserved 425984K
}
Event: 78.391 GC heap after
{Heap after GC invocations=59 (full 0):
 garbage-first heap   total 315392K, used 197707K [0x0000000700000000, 0x0000000800000000)
  region size 2048K, 3 young (6144K), 3 survivors (6144K)
 Metaspace       used 98621K, committed 99456K, reserved 557056K
  class space    used 13610K, committed 14016K, reserved 425984K
}
Event: 78.461 GC heap before
{Heap before GC invocations=59 (full 0):
 garbage-first heap   total 315392K, used 214091K [0x0000000700000000, 0x0000000800000000)
  region size 2048K, 7 young (14336K), 3 survivors (6144K)
 Metaspace       used 98625K, committed 99456K, reserved 557056K
  class space    used 13610K, committed 14016K, reserved 425984K
}
Event: 78.474 GC heap after
{Heap after GC invocations=60 (full 0):
 garbage-first heap   total 315392K, used 204091K [0x0000000700000000, 0x0000000800000000)
  region size 2048K, 1 young (2048K), 1 survivors (2048K)
 Metaspace       used 98625K, committed 99456K, reserved 557056K
  class space    used 13610K, committed 14016K, reserved 425984K
}
Event: 78.485 GC heap before
{Heap before GC invocations=60 (full 0):
 garbage-first heap   total 315392K, used 214331K [0x0000000700000000, 0x0000000800000000)
  region size 2048K, 3 young (6144K), 1 survivors (2048K)
 Metaspace       used 98627K, committed 99456K, reserved 557056K
  class space    used 13610K, committed 14016K, reserved 425984K
}
Event: 78.489 GC heap after
{Heap after GC invocations=61 (full 0):
 garbage-first heap   total 315392K, used 213976K [0x0000000700000000, 0x0000000800000000)
  region size 2048K, 2 young (4096K), 2 survivors (4096K)
 Metaspace       used 98627K, committed 99456K, reserved 557056K
  class space    used 13610K, committed 14016K, reserved 425984K
}
Event: 78.494 GC heap before
{Heap before GC invocations=61 (full 0):
 garbage-first heap   total 315392K, used 220120K [0x0000000700000000, 0x0000000800000000)
  region size 2048K, 2 young (4096K), 2 survivors (4096K)
 Metaspace       used 98627K, committed 99456K, reserved 557056K
  class space    used 13610K, committed 14016K, reserved 425984K
}
Event: 78.506 GC heap after
{Heap after GC invocations=62 (full 0):
 garbage-first heap   total 718848K, used 220300K [0x0000000700000000, 0x0000000800000000)
  region size 2048K, 1 young (2048K), 1 survivors (2048K)
 Metaspace       used 98627K, committed 99456K, reserved 557056K
  class space    used 13610K, committed 14016K, reserved 425984K
}
Event: 78.525 GC heap before
{Heap before GC invocations=62 (full 0):
 garbage-first heap   total 718848K, used 230540K [0x0000000700000000, 0x0000000800000000)
  region size 2048K, 2 young (4096K), 1 survivors (2048K)
 Metaspace       used 98627K, committed 99456K, reserved 557056K
  class space    used 13610K, committed 14016K, reserved 425984K
}
Event: 78.530 GC heap after
{Heap after GC invocations=63 (full 0):
 garbage-first heap   total 718848K, used 230540K [0x0000000700000000, 0x0000000800000000)
  region size 2048K, 1 young (2048K), 1 survivors (2048K)
 Metaspace       used 98627K, committed 99456K, reserved 557056K
  class space    used 13610K, committed 14016K, reserved 425984K
}
Event: 82.639 GC heap before
{Heap before GC invocations=64 (full 0):
 garbage-first heap   total 718848K, used 531596K [0x0000000700000000, 0x0000000800000000)
  region size 2048K, 96 young (196608K), 1 survivors (2048K)
 Metaspace       used 98888K, committed 99712K, reserved 557056K
  class space    used 13652K, committed 14080K, reserved 425984K
}
Event: 83.039 GC heap after
{Heap after GC invocations=65 (full 0):
 garbage-first heap   total 718848K, used 336222K [0x0000000700000000, 0x0000000800000000)
  region size 2048K, 12 young (24576K), 12 survivors (24576K)
 Metaspace       used 98888K, committed 99712K, reserved 557056K
  class space    used 13652K, committed 14080K, reserved 425984K
}
Event: 83.229 GC heap before
{Heap before GC invocations=65 (full 0):
 garbage-first heap   total 718848K, used 346462K [0x0000000700000000, 0x0000000800000000)
  region size 2048K, 17 young (34816K), 12 survivors (24576K)
 Metaspace       used 98888K, committed 99712K, reserved 557056K
  class space    used 13652K, committed 14080K, reserved 425984K
}
Event: 83.323 GC heap after
{Heap after GC invocations=66 (full 0):
 garbage-first heap   total 718848K, used 342540K [0x0000000700000000, 0x0000000800000000)
  region size 2048K, 3 young (6144K), 3 survivors (6144K)
 Metaspace       used 98888K, committed 99712K, reserved 557056K
  class space    used 13652K, committed 14080K, reserved 425984K
}
Event: 84.870 GC heap before
{Heap before GC invocations=66 (full 0):
 garbage-first heap   total 718848K, used 371212K [0x0000000700000000, 0x0000000800000000)
  region size 2048K, 17 young (34816K), 3 survivors (6144K)
 Metaspace       used 101307K, committed 102144K, reserved 557056K
  class space    used 14179K, committed 14592K, reserved 425984K
}
Event: 84.945 GC heap after
{Heap after GC invocations=67 (full 0):
 garbage-first heap   total 718848K, used 349184K [0x0000000700000000, 0x0000000800000000)
  region size 2048K, 3 young (6144K), 3 survivors (6144K)
 Metaspace       used 101307K, committed 102144K, reserved 557056K
  class space    used 14179K, committed 14592K, reserved 425984K
}
Event: 87.364 GC heap before
{Heap before GC invocations=68 (full 0):
 garbage-first heap   total 718848K, used 373760K [0x0000000700000000, 0x0000000800000000)
  region size 2048K, 17 young (34816K), 3 survivors (6144K)
 Metaspace       used 101954K, committed 102784K, reserved 557056K
  class space    used 14247K, committed 14656K, reserved 425984K
}
Event: 87.451 GC heap after
{Heap after GC invocations=69 (full 0):
 garbage-first heap   total 718848K, used 360222K [0x0000000700000000, 0x0000000800000000)
  region size 2048K, 3 young (6144K), 3 survivors (6144K)
 Metaspace       used 101954K, committed 102784K, reserved 557056K
  class space    used 14247K, committed 14656K, reserved 425984K
}
Event: 88.335 GC heap before
{Heap before GC invocations=69 (full 0):
 garbage-first heap   total 718848K, used 388894K [0x0000000700000000, 0x0000000800000000)
  region size 2048K, 17 young (34816K), 3 survivors (6144K)
 Metaspace       used 102087K, committed 102912K, reserved 557056K
  class space    used 14255K, committed 14656K, reserved 425984K
}

Deoptimization events (20 events):
Event: 87.735 Thread 0x0000019663b0d600 DEOPT PACKING pc=0x000001962d060a04 sp=0x0000005ef44fdc60
Event: 87.735 Thread 0x0000019663b0d600 DEOPT UNPACKING pc=0x000001962c3e239d sp=0x0000005ef44fdc30 mode 2
Event: 87.743 Thread 0x0000019663b0d600 Uncommon trap: trap_request=0xffffffde fr.pc=0x000001962d060a04 relative=0x00000000000040e4
Event: 87.743 Thread 0x0000019663b0d600 Uncommon trap: reason=class_check action=maybe_recompile pc=0x000001962d060a04 method=java.io.BufferedReader.fill()V @ 145 c2
Event: 87.743 Thread 0x0000019663b0d600 DEOPT PACKING pc=0x000001962d060a04 sp=0x0000005ef44fdc60
Event: 87.743 Thread 0x0000019663b0d600 DEOPT UNPACKING pc=0x000001962c3e239d sp=0x0000005ef44fdc30 mode 2
Event: 87.863 Thread 0x00000196641a9a90 DEOPT PACKING pc=0x00000196255acca9 sp=0x0000005ef5dfec80
Event: 87.863 Thread 0x00000196641a9a90 DEOPT UNPACKING pc=0x000001962c3e2b24 sp=0x0000005ef5dfe198 mode 0
Event: 88.167 Thread 0x00000196641a9fa0 Uncommon trap: trap_request=0xffffff45 fr.pc=0x000001962d0c0f6c relative=0x000000000000722c
Event: 88.167 Thread 0x00000196641a9fa0 Uncommon trap: reason=unstable_if action=reinterpret pc=0x000001962d0c0f6c method=com.android.tools.r8.dex.code.O.a(IILcom/android/tools/r8/dex/code/C1;Lcom/android/tools/r8/graph/w5;)Lcom/android/tools/r8/dex/code/B1; @ 505 c2
Event: 88.167 Thread 0x00000196641a9fa0 DEOPT PACKING pc=0x000001962d0c0f6c sp=0x0000005ef5efea20
Event: 88.168 Thread 0x00000196641a9fa0 DEOPT UNPACKING pc=0x000001962c3e239d sp=0x0000005ef5efe9d0 mode 2
Event: 88.185 Thread 0x00000196641a9fa0 DEOPT PACKING pc=0x00000196255acca9 sp=0x0000005ef5efea80
Event: 88.185 Thread 0x00000196641a9fa0 DEOPT UNPACKING pc=0x000001962c3e2b24 sp=0x0000005ef5efdf98 mode 0
Event: 88.264 Thread 0x00000196607812d0 DEOPT PACKING pc=0x00000196256397e5 sp=0x0000005ef07feae0
Event: 88.264 Thread 0x00000196607812d0 DEOPT UNPACKING pc=0x000001962c3e2b24 sp=0x0000005ef07fe020 mode 0
Event: 88.310 Thread 0x00000196641ac310 Uncommon trap: trap_request=0xffffff45 fr.pc=0x000001962cec6800 relative=0x0000000000000360
Event: 88.310 Thread 0x00000196641ac310 Uncommon trap: reason=unstable_if action=reinterpret pc=0x000001962cec6800 method=java.util.concurrent.ConcurrentLinkedQueue.offer(Ljava/lang/Object;)Z @ 42 c2
Event: 88.310 Thread 0x00000196641ac310 DEOPT PACKING pc=0x000001962cec6800 sp=0x0000005ef5cff160
Event: 88.310 Thread 0x00000196641ac310 DEOPT UNPACKING pc=0x000001962c3e239d sp=0x0000005ef5cff098 mode 2

Classes unloaded (1 events):
Event: 75.572 Thread 0x000001963fb19ff0 Unloading class 0x0000019641cee000 'java/lang/invoke/LambdaForm$DMH+0x0000019641cee000'

Classes redefined (0 events):
No events

Internal exceptions (20 events):
Event: 69.394 Thread 0x00000196617b09b0 Exception <a 'sun/nio/fs/WindowsException'{0x000000070abcd060}> (0x000000070abcd060) 
thrown [s\open\src\hotspot\share\prims\jni.cpp, line 516]
Event: 69.501 Thread 0x00000196617b09b0 Exception <a 'java/lang/NoSuchMethodError'{0x000000070a9aa7a0}: static Lcom/android/builder/internal/aapt/AaptOptions;.<clinit>()V> (0x000000070a9aa7a0) 
thrown [s\open\src\hotspot\share\prims\jni.cpp, line 1107]
Event: 69.507 Thread 0x00000196617b09b0 Exception <a 'java/lang/NoSuchMethodError'{0x000000070a9bf918}: static Ljava/lang/Object;.<clinit>()V> (0x000000070a9bf918) 
thrown [s\open\src\hotspot\share\prims\jni.cpp, line 1107]
Event: 69.514 Thread 0x00000196617b09b0 Exception <a 'java/lang/NoSuchMethodError'{0x000000070a9e3a78}: static Lcom/android/build/api/variant/impl/SerializableApplicationMultiOutputHandler;.<clinit>()V> (0x000000070a9e3a78) 
thrown [s\open\src\hotspot\share\prims\jni.cpp, line 1107]
Event: 69.529 Thread 0x00000196617b09b0 Exception <a 'java/lang/NoSuchMethodError'{0x000000070a60a930}: static Lcom/android/build/api/variant/impl/VariantOutputImpl$SerializedForm;.<clinit>()V> (0x000000070a60a930) 
thrown [s\open\src\hotspot\share\prims\jni.cpp, line 1107]
Event: 69.533 Thread 0x00000196617b09b0 Exception <a 'java/lang/NoSuchMethodError'{0x000000070a61ef18}: static Lcom/android/build/api/variant/impl/VariantOutputConfigurationImpl;.<clinit>()V> (0x000000070a61ef18) 
thrown [s\open\src\hotspot\share\prims\jni.cpp, line 1107]
Event: 70.039 Thread 0x00000196617b04a0 Exception <a 'sun/nio/fs/WindowsException'{0x0000000709dea2b8}> (0x0000000709dea2b8) 
thrown [s\open\src\hotspot\share\prims\jni.cpp, line 516]
Event: 70.064 Thread 0x00000196617b04a0 Exception <a 'java/lang/NoSuchMethodError'{0x0000000709a166c0}: 'int java.lang.invoke.DirectMethodHandle$Holder.invokeSpecial(java.lang.Object, java.lang.Object, java.lang.Object, java.lang.Object, java.lang.Object)'> (0x0000000709a166c0) 
thrown [s\open\src\hotspot\share\interpreter\linkResolver.cpp, line 759]
Event: 71.573 Thread 0x0000019663b0d600 Exception <a 'java/lang/NoSuchMethodError'{0x000000070d27f220}: 'void java.lang.invoke.DirectMethodHandle$Holder.invokeStatic(java.lang.Object, long)'> (0x000000070d27f220) 
thrown [s\open\src\hotspot\share\interpreter\linkResolver.cpp, line 759]
Event: 71.574 Thread 0x0000019663b0d600 Exception <a 'java/lang/NoSuchMethodError'{0x000000070d284ad8}: 'java.lang.Object java.lang.invoke.DirectMethodHandle$Holder.newInvokeSpecial(java.lang.Object, long)'> (0x000000070d284ad8) 
thrown [s\open\src\hotspot\share\interpreter\linkResolver.cpp, line 759]
Event: 71.579 Thread 0x0000019663b0d600 Exception <a 'java/lang/NoSuchMethodError'{0x000000070d15db40}: 'java.lang.Object java.lang.invoke.DirectMethodHandle$Holder.invokeStatic(java.lang.Object, java.lang.Object, long, java.lang.Object)'> (0x000000070d15db40) 
thrown [s\open\src\hotspot\share\interpreter\linkResolver.cpp, line 759]
Event: 71.580 Thread 0x0000019663b0d600 Exception <a 'java/lang/NoSuchMethodError'{0x000000070d1615c0}: 'java.lang.Object java.lang.invoke.DirectMethodHandle$Holder.invokeStaticInit(java.lang.Object, java.lang.Object, long, java.lang.Object)'> (0x000000070d1615c0) 
thrown [s\open\src\hotspot\share\interpreter\linkResolver.cpp, line 759]
Event: 76.819 Thread 0x00000196641ab8f0 Exception <a 'sun/nio/fs/WindowsException'{0x0000000712fc7cc0}> (0x0000000712fc7cc0) 
thrown [s\open\src\hotspot\share\prims\jni.cpp, line 516]
Event: 78.359 Thread 0x00000196641ab8f0 Exception <a 'java/lang/NoSuchMethodError'{0x00000007119c1f90}: 'java.lang.Object java.lang.invoke.DirectMethodHandle$Holder.invokeStaticInit(java.lang.Object, java.lang.Object, java.lang.Object, java.lang.Object, java.lang.Object, java.lang.Object, java.lang.Object, java.lang.Object, java.lang.Object, java.lang.Object, java.lang.Object, java.lang.Object, java.lang.Object, java.lang.Object, java.lang.Object, java.lang.Object, java.lang.Object, java.lang.Object, java.lang.Object, java.lang.Object, int, java
Event: 83.648 Thread 0x00000196641a9fa0 Implicit null exception at 0x000001962d0886da to 0x000001962d089d64
Event: 83.650 Thread 0x00000196641ac310 Implicit null exception at 0x000001962c9f7a03 to 0x000001962c9f7bec
Event: 83.651 Thread 0x00000196641ac310 Exception <a 'java/lang/IncompatibleClassChangeError'{0x000000072b5f9eb0}: Found class java.lang.Object, but interface was expected> (0x000000072b5f9eb0) 
thrown [s\open\src\hotspot\share\interpreter\linkResolver.cpp, line 826]
Event: 83.838 Thread 0x00000196641ac310 Exception <a 'java/lang/NoSuchMethodError'{0x000000072ab8cfb8}: 'long java.lang.invoke.DirectMethodHandle$Holder.invokeStatic(java.lang.Object, java.lang.Object, java.lang.Object)'> (0x000000072ab8cfb8) 
thrown [s\open\src\hotspot\share\interpreter\linkResolver.cpp, line 759]
Event: 83.954 Thread 0x00000196641ac310 Exception <a 'java/lang/IncompatibleClassChangeError'{0x000000072a94a2f0}: Found class java.lang.Object, but interface was expected> (0x000000072a94a2f0) 
thrown [s\open\src\hotspot\share\interpreter\linkResolver.cpp, line 826]
Event: 83.956 Thread 0x00000196641ac310 Exception <a 'java/lang/IncompatibleClassChangeError'{0x000000072a94e3c8}: Found class java.lang.Object, but interface was expected> (0x000000072a94e3c8) 
thrown [s\open\src\hotspot\share\interpreter\linkResolver.cpp, line 826]

VM Operations (20 events):
Event: 82.329 Executing VM operation: Cleanup done
Event: 82.639 Executing VM operation: G1CollectForAllocation
Event: 83.039 Executing VM operation: G1CollectForAllocation done
Event: 83.229 Executing VM operation: G1CollectForAllocation
Event: 83.323 Executing VM operation: G1CollectForAllocation done
Event: 84.334 Executing VM operation: Cleanup
Event: 84.334 Executing VM operation: Cleanup done
Event: 84.451 Executing VM operation: HandshakeAllThreads
Event: 84.453 Executing VM operation: HandshakeAllThreads done
Event: 84.860 Executing VM operation: G1CollectForAllocation
Event: 84.989 Executing VM operation: G1CollectForAllocation done
Event: 85.935 Executing VM operation: G1Concurrent
Event: 85.982 Executing VM operation: G1Concurrent done
Event: 86.420 Executing VM operation: G1Concurrent
Event: 86.486 Executing VM operation: G1Concurrent done
Event: 86.990 Executing VM operation: HandshakeAllThreads
Event: 87.039 Executing VM operation: HandshakeAllThreads done
Event: 87.344 Executing VM operation: G1CollectForAllocation
Event: 87.472 Executing VM operation: G1CollectForAllocation done
Event: 88.314 Executing VM operation: G1CollectForAllocation

Events (20 events):
Event: 83.711 loading class java/lang/reflect/GenericSignatureFormatError
Event: 83.712 loading class java/lang/reflect/GenericSignatureFormatError done
Event: 83.819 loading class java/util/AbstractList$RandomAccessSubList
Event: 83.820 loading class java/util/AbstractList$SubList
Event: 83.822 loading class java/util/AbstractList$SubList done
Event: 83.822 loading class java/util/AbstractList$RandomAccessSubList done
Event: 83.822 loading class java/util/AbstractList$SubList$1
Event: 83.822 loading class java/util/AbstractList$SubList$1 done
Event: 84.283 loading class java/nio/ShortBuffer
Event: 84.285 loading class java/nio/ShortBuffer done
Event: 84.285 loading class java/nio/HeapShortBuffer
Event: 84.285 loading class java/nio/HeapShortBuffer done
Event: 84.302 Thread 0x00000196619f91e0 Thread exited: 0x00000196619f91e0
Event: 84.380 Thread 0x00000196619f7ca0 Thread added: 0x00000196619f7ca0
Event: 86.866 loading class java/nio/file/FileChannelLinesSpliterator
Event: 86.901 loading class java/nio/file/FileChannelLinesSpliterator done
Event: 86.904 loading class java/util/stream/Streams$1
Event: 86.904 loading class java/util/stream/Streams$1 done
Event: 87.080 loading class java/nio/file/FileChannelLinesSpliterator$1
Event: 87.080 loading class java/nio/file/FileChannelLinesSpliterator$1 done


Dynamic libraries:
0x00007ff63b490000 - 0x00007ff63b4a0000 	C:\Program Files\Java\jdk-17\bin\java.exe
0x00007fff6d8c0000 - 0x00007fff6db28000 	C:\WINDOWS\SYSTEM32\ntdll.dll
0x00007fff6b710000 - 0x00007fff6b7d9000 	C:\WINDOWS\System32\KERNEL32.DLL
0x00007fff6ad80000 - 0x00007fff6b16d000 	C:\WINDOWS\System32\KERNELBASE.dll
0x00007fff6b2c0000 - 0x00007fff6b40b000 	C:\WINDOWS\System32\ucrtbase.dll
0x00007fff54ca0000 - 0x00007fff54cb9000 	C:\Program Files\Java\jdk-17\bin\jli.dll
0x00007fff6d6b0000 - 0x00007fff6d764000 	C:\WINDOWS\System32\ADVAPI32.dll
0x00007fff6c000000 - 0x00007fff6c0a9000 	C:\WINDOWS\System32\msvcrt.dll
0x00007fff6c6c0000 - 0x00007fff6c766000 	C:\WINDOWS\System32\sechost.dll
0x00007fff6ca20000 - 0x00007fff6cb38000 	C:\WINDOWS\System32\RPCRT4.dll
0x00007fff660d0000 - 0x00007fff660eb000 	C:\Program Files\Java\jdk-17\bin\VCRUNTIME140.dll
0x00007fff6c140000 - 0x00007fff6c30c000 	C:\WINDOWS\System32\USER32.dll
0x00007fff6b630000 - 0x00007fff6b657000 	C:\WINDOWS\System32\win32u.dll
0x00007fff6d820000 - 0x00007fff6d84b000 	C:\WINDOWS\System32\GDI32.dll
0x00007fff6ac40000 - 0x00007fff6ad77000 	C:\WINDOWS\System32\gdi32full.dll
0x00007fff6ab90000 - 0x00007fff6ac33000 	C:\WINDOWS\System32\msvcp_win.dll
0x00007fff49b40000 - 0x00007fff49dda000 	C:\WINDOWS\WinSxS\amd64_microsoft.windows.common-controls_6595b64144ccf1df_6.0.26100.4484_none_3e0e6d4ce32ef3b3\COMCTL32.dll
0x00007fff59f70000 - 0x00007fff59f7b000 	C:\WINDOWS\SYSTEM32\VERSION.dll
0x00007fff6ce10000 - 0x00007fff6ce3f000 	C:\WINDOWS\System32\IMM32.DLL
0x00007fff54bd0000 - 0x00007fff54bdc000 	C:\Program Files\Java\jdk-17\bin\vcruntime140_1.dll
0x00007fff0d1d0000 - 0x00007fff0d25e000 	C:\Program Files\Java\jdk-17\bin\msvcp140.dll
0x00007ffea8020000 - 0x00007ffea8c01000 	C:\Program Files\Java\jdk-17\bin\server\jvm.dll
0x00007fff6c390000 - 0x00007fff6c398000 	C:\WINDOWS\System32\PSAPI.DLL
0x00007fff56150000 - 0x00007fff5615a000 	C:\WINDOWS\SYSTEM32\WSOCK32.dll
0x00007fff6c640000 - 0x00007fff6c6b4000 	C:\WINDOWS\System32\WS2_32.dll
0x00007fff4db50000 - 0x00007fff4db85000 	C:\WINDOWS\SYSTEM32\WINMM.dll
0x00007fff697b0000 - 0x00007fff697cb000 	C:\WINDOWS\SYSTEM32\kernel.appcore.dll
0x00007fff54610000 - 0x00007fff5461a000 	C:\Program Files\Java\jdk-17\bin\jimage.dll
0x00007fff68170000 - 0x00007fff683b1000 	C:\WINDOWS\SYSTEM32\DBGHELP.DLL
0x00007fff6bc70000 - 0x00007fff6bff6000 	C:\WINDOWS\System32\combase.dll
0x00007fff6cb40000 - 0x00007fff6cc20000 	C:\WINDOWS\System32\OLEAUT32.dll
0x00007fff48e30000 - 0x00007fff48e73000 	C:\WINDOWS\SYSTEM32\dbgcore.DLL
0x00007fff6b410000 - 0x00007fff6b4a9000 	C:\WINDOWS\System32\bcryptPrimitives.dll
0x00007fff3e1c0000 - 0x00007fff3e1ce000 	C:\Program Files\Java\jdk-17\bin\instrument.dll
0x00007fff3de30000 - 0x00007fff3de55000 	C:\Program Files\Java\jdk-17\bin\java.dll
0x00007fff09360000 - 0x00007fff09437000 	C:\Program Files\Java\jdk-17\bin\jsvml.dll
0x00007fff6ce60000 - 0x00007fff6d5aa000 	C:\WINDOWS\System32\SHELL32.dll
0x00007fff6b4b0000 - 0x00007fff6b624000 	C:\WINDOWS\System32\wintypes.dll
0x00007fff68640000 - 0x00007fff68e9b000 	C:\WINDOWS\SYSTEM32\windows.storage.dll
0x00007fff6d5b0000 - 0x00007fff6d6a5000 	C:\WINDOWS\System32\SHCORE.dll
0x00007fff6c3a0000 - 0x00007fff6c40a000 	C:\WINDOWS\System32\shlwapi.dll
0x00007fff6a920000 - 0x00007fff6a94f000 	C:\WINDOWS\SYSTEM32\profapi.dll
0x00007fff3d850000 - 0x00007fff3d868000 	C:\Program Files\Java\jdk-17\bin\zip.dll
0x00007fff4de00000 - 0x00007fff4de19000 	C:\Program Files\Java\jdk-17\bin\net.dll
0x00007fff5ba20000 - 0x00007fff5bb3e000 	C:\WINDOWS\SYSTEM32\WINHTTP.dll
0x00007fff69d40000 - 0x00007fff69daa000 	C:\WINDOWS\system32\mswsock.dll
0x00007fff49200000 - 0x00007fff49216000 	C:\Program Files\Java\jdk-17\bin\nio.dll
0x00007fff543c0000 - 0x00007fff543d0000 	C:\Program Files\Java\jdk-17\bin\verify.dll
0x00007fff3b7f0000 - 0x00007fff3b817000 	C:\Users\sofia\.gradle\native\c067742578af261105cb4f569cf0c3c89f3d7b1fecec35dd04571415982c5e48\windows-amd64\native-platform.dll
0x00007ffed6ee0000 - 0x00007ffed7024000 	C:\Users\sofia\.gradle\native\38dada09dfb8b06ba9b0570ebf7e218e3eb74d4ef43ca46872605cf95ebc2f47\windows-amd64\native-platform-file-events.dll
0x00007fff3fd50000 - 0x00007fff3fd5a000 	C:\Program Files\Java\jdk-17\bin\management.dll
0x00007fff3e960000 - 0x00007fff3e96b000 	C:\Program Files\Java\jdk-17\bin\management_ext.dll
0x00007fff69ff0000 - 0x00007fff6a00b000 	C:\WINDOWS\SYSTEM32\CRYPTSP.dll
0x00007fff69710000 - 0x00007fff6974b000 	C:\WINDOWS\system32\rsaenh.dll
0x00007fff69de0000 - 0x00007fff69e0b000 	C:\WINDOWS\SYSTEM32\USERENV.dll
0x00007fff6a8f0000 - 0x00007fff6a916000 	C:\WINDOWS\SYSTEM32\bcrypt.dll
0x00007fff6a010000 - 0x00007fff6a01c000 	C:\WINDOWS\SYSTEM32\CRYPTBASE.dll
0x00007fff69240000 - 0x00007fff69273000 	C:\WINDOWS\SYSTEM32\IPHLPAPI.DLL
0x00007fff6cda0000 - 0x00007fff6cdaa000 	C:\WINDOWS\System32\NSI.dll
0x00007fff5ca60000 - 0x00007fff5ca7f000 	C:\WINDOWS\SYSTEM32\dhcpcsvc6.DLL
0x00007fff5b9f0000 - 0x00007fff5ba15000 	C:\WINDOWS\SYSTEM32\dhcpcsvc.DLL
0x00007fff69310000 - 0x00007fff69436000 	C:\WINDOWS\SYSTEM32\DNSAPI.dll
0x00007fff3d2f0000 - 0x00007fff3d2fe000 	C:\Program Files\Java\jdk-17\bin\sunmscapi.dll
0x00007fff6aa10000 - 0x00007fff6ab87000 	C:\WINDOWS\System32\CRYPT32.dll
0x00007fff6a210000 - 0x00007fff6a240000 	C:\WINDOWS\SYSTEM32\ncrypt.dll
0x00007fff6a1c0000 - 0x00007fff6a1ff000 	C:\WINDOWS\SYSTEM32\NTASN1.dll
0x00007fff06ba0000 - 0x00007fff06ba8000 	C:\WINDOWS\system32\wshunix.dll
0x00007fff4bdd0000 - 0x00007fff4bde8000 	C:\WINDOWS\system32\napinsp.dll
0x00007fff4bd80000 - 0x00007fff4bd92000 	C:\WINDOWS\System32\winrnr.dll
0x00007fff43ed0000 - 0x00007fff43f00000 	C:\WINDOWS\system32\nlansp_c.dll
0x00007fff5cb30000 - 0x00007fff5cb50000 	C:\WINDOWS\system32\wshbth.dll
0x00007fff59d80000 - 0x00007fff59d8b000 	C:\Windows\System32\rasadhlp.dll
0x00007fff5b0a0000 - 0x00007fff5b126000 	C:\WINDOWS\System32\fwpuclnt.dll

dbghelp: loaded successfully - version: 4.0.5 - missing functions: none
symbol engine: initialized successfully - sym options: 0x614 - pdb path: .;C:\Program Files\Java\jdk-17\bin;C:\WINDOWS\SYSTEM32;C:\WINDOWS\WinSxS\amd64_microsoft.windows.common-controls_6595b64144ccf1df_6.0.26100.4484_none_3e0e6d4ce32ef3b3;C:\Program Files\Java\jdk-17\bin\server;C:\Users\sofia\.gradle\native\c067742578af261105cb4f569cf0c3c89f3d7b1fecec35dd04571415982c5e48\windows-amd64;C:\Users\sofia\.gradle\native\38dada09dfb8b06ba9b0570ebf7e218e3eb74d4ef43ca46872605cf95ebc2f47\windows-amd64

VM Arguments:
jvm_args: -XX:MaxMetaspaceSize=512m --add-opens=java.base/java.util=ALL-UNNAMED --add-opens=java.base/java.lang=ALL-UNNAMED --add-opens=java.base/java.lang.invoke=ALL-UNNAMED --add-opens=java.prefs/java.util.prefs=ALL-UNNAMED --add-opens=java.base/java.nio.charset=ALL-UNNAMED --add-opens=java.base/java.net=ALL-UNNAMED --add-opens=java.base/java.util.concurrent.atomic=ALL-UNNAMED -Xmx4096m -Dfile.encoding=UTF-8 -Duser.country=MX -Duser.language=es -Duser.variant -javaagent:C:\Users\sofia\.gradle\wrapper\dists\gradle-8.6-bin\afr5mpiioh2wthjmwnkmdsd5w\gradle-8.6\lib\agents\gradle-instrumentation-agent-8.6.jar 
java_command: org.gradle.launcher.daemon.bootstrap.GradleDaemon 8.6
java_class_path (initial): C:\Users\sofia\.gradle\wrapper\dists\gradle-8.6-bin\afr5mpiioh2wthjmwnkmdsd5w\gradle-8.6\lib\gradle-launcher-8.6.jar
Launcher Type: SUN_STANDARD

[Global flags]
     intx CICompilerCount                          = 3                                         {product} {ergonomic}
   size_t CompressedClassSpaceSize                 = 436207616                                 {product} {ergonomic}
     uint ConcGCThreads                            = 1                                         {product} {ergonomic}
     uint G1ConcRefinementThreads                  = 4                                         {product} {ergonomic}
   size_t G1HeapRegionSize                         = 2097152                                   {product} {ergonomic}
    uintx GCDrainStackTargetSize                   = 64                                        {product} {ergonomic}
   size_t InitialHeapSize                          = 132120576                                 {product} {ergonomic}
   size_t MarkStackSize                            = 4194304                                   {product} {ergonomic}
   size_t MaxHeapSize                              = 4294967296                                {product} {command line}
   size_t MaxMetaspaceSize                         = 536870912                                 {product} {command line}
   size_t MaxNewSize                               = 2575302656                                {product} {ergonomic}
   size_t MinHeapDeltaBytes                        = 2097152                                   {product} {ergonomic}
   size_t MinHeapSize                              = 8388608                                   {product} {ergonomic}
    uintx NonNMethodCodeHeapSize                   = 5832780                                {pd product} {ergonomic}
    uintx NonProfiledCodeHeapSize                  = 122912730                              {pd product} {ergonomic}
    uintx ProfiledCodeHeapSize                     = 122912730                              {pd product} {ergonomic}
    uintx ReservedCodeCacheSize                    = 251658240                              {pd product} {ergonomic}
     bool SegmentedCodeCache                       = true                                      {product} {ergonomic}
   size_t SoftMaxHeapSize                          = 4294967296                             {manageable} {ergonomic}
     bool UseCompressedClassPointers               = true                           {product lp64_product} {ergonomic}
     bool UseCompressedOops                        = true                           {product lp64_product} {ergonomic}
     bool UseG1GC                                  = true                                      {product} {ergonomic}
     bool UseLargePagesIndividualAllocation        = false                                  {pd product} {ergonomic}

Logging:
Log output configuration:
 #0: stdout all=warning uptime,level,tags
 #1: stderr all=off uptime,level,tags

Environment Variables:
JAVA_HOME=C:\Program Files\Java\jdk-17
CLASSPATH=C:\Users\sofia\Downloads\app_gestion_itinerario\\gradle\wrapper\gradle-wrapper.jar
PATH=C:\Users\sofia\Downloads\jdk-21_windows-x64_bin\jdk-21.0.1\bin;C:\windows;C:\windows\System32\Wbem;C:\windows\System32\WindowsPowerShell\v1.0\;C:\windows\System32\OpenSSH\;C:\Program Files\Java\jdk-17\bin;C:\Windows\System32;C:\ProgramData\chocolatey\bin;C:\Program Files\dotnet\;C:\Program Files\Git\cmd;C:\WINDOWS\system32;C:\WINDOWS;C:\WINDOWS\System32\Wbem;C:\WINDOWS\System32\WindowsPowerShell\v1.0\;C:\WINDOWS\System32\OpenSSH\;C:\Program Files\Graphviz\bin\bin;C:\Program Files\Graphviz\bin\bin;C:\Users\sofia\Downloads\kotlin-compiler-2.1.21\kotlinc\bin;C:\Program Files (x86)\Microsoft SQL Server\160\Tools\Binn\;C:\Program Files\Microsoft SQL Server\160\Tools\Binn\;C:\Program Files\Microsoft SQL Server\Client SDK\ODBC\170\Tools\Binn\;C:\Program Files\Microsoft SQL Server\160\DTS\Binn\;C:\Program Files\nodejs\;C:\Program Files\Docker\Docker\resources\bin;C:\Users\sofia\AppData\Local\Programs\Python\Python310\Scripts\;C:\Users\sofia\AppData\Local\Programs\Python\Python310\;C:\Users\sofia\AppData\Local\Programs\Python\Python312\Scripts\;C:\Users\sofia\AppData\Local\Programs\Python\Python312\;C:\Users\sofia\AppData\Local\Programs\Python\Launcher\;C:\Users\sofia\AppData\Local\Microsoft\WindowsApps;;C:\Users\sofia\AppData\Local\Programs\Microsoft VS Code\bin;C:\Users\sofia\.dotnet\tools;C:\Users\sofia\AppData\Roaming\npm;C:\Users\sofia\AppData\Local\spicetify;C:\Users\sofia\AppData\Local\Programs\Antigravity\bin;C:\Users\sofia\AppData\Local\Programs\Antigravity IDE\bin
USERNAME=sofia
OS=Windows_NT
PROCESSOR_IDENTIFIER=Intel64 Family 6 Model 122 Stepping 8, GenuineIntel



---------------  S Y S T E M  ---------------

OS:
 Windows 11 , 64 bit Build 26100 (10.0.26100.4484)
OS uptime: 6 days 5:21 hours
Hyper-V role detected

CPU: total 4 (initial active 4) (4 cores per cpu, 1 threads per core) family 6 model 122 stepping 8 microcode 0x22, cx8, cmov, fxsr, mmx, 3dnowpref, sse, sse2, sse3, ssse3, sse4.1, sse4.2, popcnt, tsc, tscinvbit, aes, erms, clmul, sha, clflush, clflushopt, hv

Memory: 4k page, system-wide physical 8005M (640M free)
TotalPageFile size 22649M (AvailPageFile size 198M)
current process WorkingSet (physical memory assigned to process): 923M, peak: 926M
current process commit charge ("private bytes"): 1084M, peak: 2445M

vm_info: Java HotSpot(TM) 64-Bit Server VM (17.0.9+11-LTS-201) for windows-amd64 JRE (17.0.9+11-LTS-201), built on Oct 10 2023 23:16:06 by "mach5one" with MS VC++ 17.1 (VS2022)

END.
